row_id,source_tab,received_ct,received_utc,sender_recorded,subject_recorded,invoice_recorded,pre_run_folder,pre_run_folder_live_name,planned_destination,planned_move,status,match_basis,candidates,live_subject,live_from,current_folder,current_categories,categories_to_clear,last_modified_utc,person_touched,internet_message_id,current_id,notes
U001,Undo plan,2026-09-01 02:26,2026-09-01T07:26:38Z,Accounts Payable,AP run 2026-09-01,,Sent Items,Sent Items,Sent Items,yes,OK_TO_MOVE,time+subject+sender,1,AP run 2026-09-01,/O=EXCHANGELABS/OU=EXCHANGE ADMINISTRATIVE GROUP (FYDIBOHF23SPDLT)/CN=RECIPIENTS/CN=6C664092DD9641A8A6052155F526A3C9-ACCOUNTS PA,Inbox,AI Needs Review,AI Needs Review,2026-10-06T13:26:13Z,,<SA0PR15MB38056E4B73CDA0E029BB6ACBA2A82@SA0PR15MB3805.namprd15.prod.outlook.com>,AAMkAGQyODM5ZWI1LTQ0NDAtNDZiOS1hYTIzLTdjOGM3NDRlNjQ4MgBGAAAAAAAggjN_BHG4TI2Iz-JKRqfaBwDXcyWbp23lSoY0i7GBv6N_AAAAAAEMAADXcyWbp23lSoY0i7GBv6N_AAOoEEB7AAA=,
U002,Undo plan,2026-09-01 02:36,2026-09-01T07:36:14Z,Accounts Payable,AP run 2026-09-01,,Sent Items,Sent Items,Sent Items,yes,OK_TO_MOVE,time+subject+sender,1,AP run 2026-09-01,/O=EXCHANGELABS/OU=EXCHANGE ADMINISTRATIVE GROUP (FYDIBOHF23SPDLT)/CN=RECIPIENTS/CN=6C664092DD9641A8A6052155F526A3C9-ACCOUNTS PA,Inbox,AI Needs Review,AI Needs Review,2026-10-06T13:26:14Z,,<SA0PR15MB38050E875ABA4D994F5F978BA2A82@SA0PR15MB3805.namprd15.prod.outlook.com>,AAMkAGQyODM5ZWI1LTQ0NDAtNDZiOS1hYTIzLTdjOGM3NDRlNjQ4MgBGAAAAAAAggjN_BHG4TI2Iz-JKRqfaBwDXcyWbp23lSoY0i7GBv6N_AAAAAAEMAADXcyWbp23lSoY0i7GBv6N_AAOoEEB8AAA=,
U003,Undo plan,2026-09-01 02:38,2026-09-01T07:38:45Z,Accounts Payable,AP run 2026-09-01,,Sent Items,Sent Items,Sent Items,yes,OK_TO_MOVE,time+subject+sender,1,AP run 2026-09-01,/O=EXCHANGELABS/OU=EXCHANGE ADMINISTRATIVE GROUP (FYDIBOHF23SPDLT)/CN=RECIPIENTS/CN=6C664092DD9641A8A6052155F526A3C9-ACCOUNTS PA,Inbox,AI Needs Review,AI Needs Review,2026-10-06T13:26:15Z,,<SA0PR15MB3805769C24397801926B9890A2A82@SA0PR15MB3805.namprd15.prod.outlook.com>,AAMkAGQyODM5ZWI1LTQ0NDAtNDZiOS1hYTIzLTdjOGM3NDRlNjQ4MgBGAAAAAAAggjN_BHG4TI2Iz-JKRqfaBwDXcyWbp23lSoY0i7GBv6N_AAAAAAEMAADXcyWbp23lSoY0i7GBv6N_AAOoEEB9AAA=,
U004,Undo plan,2026-09-01 07:27,2026-09-01T12:27:50Z,INVOICE 469908          PO 58467,,469908,9 - FORT WORTH ARCHIVE,Inbox/9 - FORT WORTH ARCHIVE,9 - FORT WORTH ARCHIVE,yes,OK_TO_MOVE,time+sender-in-subject+invoice-in-subject,1,INVOICE 469908          PO 58467,Rosana@fabcorp.com,Inbox,AI Needs Review,AI Needs Review,2026-10-06T13:24:43Z,,<BN7PR08MB38767C9650E38D18CAB77601DEA82@BN7PR08MB3876.namprd08.prod.outlook.com>,AAMkAGQyODM5ZWI1LTQ0NDAtNDZiOS1hYTIzLTdjOGM3NDRlNjQ4MgBGAAAAAAAggjN_BHG4TI2Iz-JKRqfaBwDXcyWbp23lSoY0i7GBv6N_AAAAAAEMAADXcyWbp23lSoY0i7GBv6N_AAOoED-6AAA=,
U005,Undo plan,2026-09-01 08:19,2026-09-01T13:19:00Z,"Stella Source, Inc.",,0001509,9 - FORT WORTH ARCHIVE,Inbox/9 - FORT WORTH ARCHIVE,9 - FORT WORTH ARCHIVE,yes,OK_TO_MOVE,time+sender+sender-in-subject+invoice-in-subject,1,"Stella Source, Inc. has sent you an Invoice: INV-0001509",noreply@payonline.tech,Inbox,AI Needs Review,AI Needs Review,2026-10-06T13:24:43Z,,<khTht7G1RS2UWz0jha2blQ@geopod-ismtpd-97>,AAMkAGQyODM5ZWI1LTQ0NDAtNDZiOS1hYTIzLTdjOGM3NDRlNjQ4MgBGAAAAAAAggjN_BHG4TI2Iz-JKRqfaBwDXcyWbp23lSoY0i7GBv6N_AAAAAAEMAADXcyWbp23lSoY0i7GBv6N_AAOoED-7AAA=,
U006,Undo plan,2026-09-01 08:22,2026-09-01T13:22:55Z,"Amtech Manufacturing, Inc",,,9 - FORT WORTH ARCHIVE,Inbox/9 - FORT WORTH ARCHIVE,9 - FORT WORTH ARCHIVE,yes,CONFLICT,time,1,,rbarnett@arrowplating.com,Inbox,AI Needs Review,AI Needs Review,2026-10-06T13:24:44Z,,<f644a73a-5be5-430c-9b50-8286c266eeda@arrowplating.com>,AAMkAGQyODM5ZWI1LTQ0NDAtNDZiOS1hYTIzLTdjOGM3NDRlNjQ4MgBGAAAAAAAggjN_BHG4TI2Iz-JKRqfaBwDXcyWbp23lSoY0i7GBv6N_AAAAAAEMAADXcyWbp23lSoY0i7GBv6N_AAOoED-8AAA=,unique timestamp match but sender/subject/invoice not corroborated
U007,Undo plan,2026-09-01 09:26,2026-09-01T14:26:39Z,Treyce Wegmann,RE: PALLETS 8' PO 59073,,9 - FORT WORTH ARCHIVE,Inbox/9 - FORT WORTH ARCHIVE,9 - FORT WORTH ARCHIVE,yes,OK_TO_MOVE,time+subject+sender,1,RE: PALLETS 8' PO 59073,[redacted],Inbox,AI Needs Review,AI Needs Review,2026-10-06T13:25:59Z,,<CO1PR15MB49552E0F96ECF0AAD77F68F4CEA82@CO1PR15MB4955.namprd15.prod.outlook.com>,AAMkAGQyODM5ZWI1LTQ0NDAtNDZiOS1hYTIzLTdjOGM3NDRlNjQ4MgBGAAAAAAAggjN_BHG4TI2Iz-JKRqfaBwDXcyWbp23lSoY0i7GBv6N_AAAAAAEMAADXcyWbp23lSoY0i7GBv6N_AAOoEEB_AAA=,
U008,Undo plan,2026-09-01 09:49,2026-09-01T14:49:18Z,Shawn McKibben,Re: PALLETS 8' PO 59073,,9 - FORT WORTH ARCHIVE,Inbox/9 - FORT WORTH ARCHIVE,9 - FORT WORTH ARCHIVE,yes,OK_TO_MOVE,time+subject+sender,1,Re: PALLETS 8' PO 59073,Shawn.McKibben@kannonmfg.com,Inbox,AI Needs Review,AI Needs Review,2026-10-06T13:26:00Z,,<PH0PR15MB70733656CB3DAA40DAB1420098A82@PH0PR15MB7073.namprd15.prod.outlook.com>,AAMkAGQyODM5ZWI1LTQ0NDAtNDZiOS1hYTIzLTdjOGM3NDRlNjQ4MgBGAAAAAAAggjN_BHG4TI2Iz-JKRqfaBwDXcyWbp23lSoY0i7GBv6N_AAAAAAEMAADXcyWbp23lSoY0i7GBv6N_AAOoEEB-AAA=,
U009,Undo plan,2026-09-01 10:00,2026-09-01T15:00:29Z,"Kannon Manufacturning, Inc",,5158640,9 - FORT WORTH ARCHIVE,Inbox/9 - FORT WORTH ARCHIVE,9 - FORT WORTH ARCHIVE,yes,OK_TO_MOVE,time+invoice-in-subject,1,PO# 59040 (Invoice 5158640),RBrown@hagensfasteners.com,Inbox,AI Needs Review,AI Needs Review,2026-10-06T13:24:45Z,,<CH3PR13MB6485EA0390BEB18E9BBE17A4D8A82@CH3PR13MB6485.namprd13.prod.outlook.com>,AAMkAGQyODM5ZWI1LTQ0NDAtNDZiOS1hYTIzLTdjOGM3NDRlNjQ4MgBGAAAAAAAggjN_BHG4TI2Iz-JKRqfaBwDXcyWbp23lSoY0i7GBv6N_AAAAAAEMAADXcyWbp23lSoY0i7GBv6N_AAOoED-9AAA=,
U010,Undo plan,2026-09-01 11:59,2026-09-01T16:59:53Z,Accounts Payable,,,9 - FORT WORTH ARCHIVE,Inbox/9 - FORT WORTH ARCHIVE,9 - FORT WORTH ARCHIVE,yes,OK_TO_MOVE,time+sender,1,RE: A. M. Castle & Co. Payment Inquiry: KANNON MFG INC-FT WORTH #32279,accountspayable@kannonmfg.com,Inbox,AI Needs Review,AI Needs Review,2026-10-06T13:24:45Z,,<CO1PR15MB495552D96A20AB67DE391759CEA82@CO1PR15MB4955.namprd15.prod.outlook.com>,AAMkAGQyODM5ZWI1LTQ0NDAtNDZiOS1hYTIzLTdjOGM3NDRlNjQ4MgBGAAAAAAAggjN_BHG4TI2Iz-JKRqfaBwDXcyWbp23lSoY0i7GBv6N_AAAAAAEMAADXcyWbp23lSoY0i7GBv6N_AAOoED-_AAA=,
U011,Undo plan,2026-09-01 13:09,2026-09-01T18:09:44Z,RE: A. M. Castle & Co. Payment Inquiry: KANNON MFG INC,,,9 - FORT WORTH ARCHIVE,Inbox/9 - FORT WORTH ARCHIVE,9 - FORT WORTH ARCHIVE,yes,OK_TO_MOVE,time+sender-in-subject,1,RE: A. M. Castle & Co. Payment Inquiry: KANNON MFG INC-FT WORTH #32279,pguedry@amcastle.com,Inbox,AI Needs Review,AI Needs Review,2026-10-06T13:24:46Z,,<SA3PR11MB7978DA02B63348A2890C85AEDDA82@SA3PR11MB7978.namprd11.prod.outlook.com>,AAMkAGQyODM5ZWI1LTQ0NDAtNDZiOS1hYTIzLTdjOGM3NDRlNjQ4MgBGAAAAAAAggjN_BHG4TI2Iz-JKRqfaBwDXcyWbp23lSoY0i7GBv6N_AAAAAAEMAADXcyWbp23lSoY0i7GBv6N_AAOoED--AAA=,
U012,Undo plan,2026-09-01 13:15,2026-09-01T18:15:34Z,Christina Gersten,RE: 019586   KANNON MANUFACTURING INC,,9 - FORT WORTH ARCHIVE,Inbox/9 - FORT WORTH ARCHIVE,9 - FORT WORTH ARCHIVE,yes,OK_TO_MOVE,time+subject+sender,1,RE: 019586   KANNON MANUFACTURING INC,cgersten@easternmetal.com,Inbox,AI Needs Review,AI Needs Review,2026-10-06T13:26:17Z,,<SJ1PR11MB6228EFF6A8772C39A7832ACEA1A82@SJ1PR11MB6228.namprd11.prod.outlook.com>,AAMkAGQyODM5ZWI1LTQ0NDAtNDZiOS1hYTIzLTdjOGM3NDRlNjQ4MgBGAAAAAAAggjN_BHG4TI2Iz-JKRqfaBwDXcyWbp23lSoY0i7GBv6N_AAAAAAEMAADXcyWbp23lSoY0i7GBv6N_AAOoEECAAAA=,
U013,Undo plan,2026-09-01 15:03,2026-09-01T20:03:09Z,Fw: PALLETS 8' PO 59073,,,9 - FORT WORTH ARCHIVE,Inbox/9 - FORT WORTH ARCHIVE,9 - FORT WORTH ARCHIVE,yes,OK_TO_MOVE,time+sender-in-subject,1,Fw: PALLETS 8' PO 59073,Shawn.McKibben@kannonmfg.com,Inbox,AI Needs Review,AI Needs Review,2026-10-06T13:24:46Z,,<PH0PR15MB70733B1A422CC25145153EBD98A82@PH0PR15MB7073.namprd15.prod.outlook.com>,AAMkAGQyODM5ZWI1LTQ0NDAtNDZiOS1hYTIzLTdjOGM3NDRlNjQ4MgBGAAAAAAAggjN_BHG4TI2Iz-JKRqfaBwDXcyWbp23lSoY0i7GBv6N_AAAAAAEMAADXcyWbp23lSoY0i7GBv6N_AAOoEEAAAAA=,
U014,Undo plan,2026-09-01 15:03,2026-09-01T20:03:10Z,Fw: PALLETS 8' PO 59073,,,9 - FORT WORTH ARCHIVE,Inbox/9 - FORT WORTH ARCHIVE,9 - FORT WORTH ARCHIVE,yes,OK_TO_MOVE,time+sender-in-subject,1,Fw: PALLETS 8' PO 59073,Shawn.McKibben@kannonmfg.com,Inbox,AI Needs Review,AI Needs Review,2026-10-06T13:24:46Z,,<PH0PR15MB70733B1A422CC25145153EBD98A82@PH0PR15MB7073.namprd15.prod.outlook.com>,AAMkAGQyODM5ZWI1LTQ0NDAtNDZiOS1hYTIzLTdjOGM3NDRlNjQ4MgBGAAAAAAAggjN_BHG4TI2Iz-JKRqfaBwDXcyWbp23lSoY0i7GBv6N_AAAAAAEMAADXcyWbp23lSoY0i7GBv6N_AAOoEEABAAA=,
U015,Undo plan,2026-09-01 15:18,2026-09-01T20:18:38Z,Jaime Escamilla,,,9 - FORT WORTH ARCHIVE,Inbox/9 - FORT WORTH ARCHIVE,9 - FORT WORTH ARCHIVE,yes,OK_TO_MOVE,time+sender,1,Invoice 186,jdtx.92@gmail.com,Inbox,AI Needs Review,AI Needs Review,2026-10-06T13:24:47Z,,<CAHnwtbUERKjLxd9U2_wvrKB2GBff=35BEpVDP0ZQoRoE_suBMQ@mail.gmail.com>,AAMkAGQyODM5ZWI1LTQ0NDAtNDZiOS1hYTIzLTdjOGM3NDRlNjQ4MgBGAAAAAAAggjN_BHG4TI2Iz-JKRqfaBwDXcyWbp23lSoY0i7GBv6N_AAAAAAEMAADXcyWbp23lSoY0i7GBv6N_AAOoEEACAAA=,
U016,Undo plan,2026-09-01 15:38,2026-09-01T20:38:37Z,Exotic Metals,,,9 - FORT WORTH ARCHIVE,Inbox/9 - FORT WORTH ARCHIVE,9 - FORT WORTH ARCHIVE,yes,OK_TO_MOVE,time+sender-in-subject,1,Exotic Metals & Alloys | Invoice Submission |Thank You for Your Business,Theresa.Thornton@exalloys.com,Inbox,AI Needs Review,AI Needs Review,2026-10-06T13:24:47Z,,<LV8P220MB1283F800C9B29AA6AA3E1C60E4A82@LV8P220MB1283.NAMP220.PROD.OUTLOOK.COM>,AAMkAGQyODM5ZWI1LTQ0NDAtNDZiOS1hYTIzLTdjOGM3NDRlNjQ4MgBGAAAAAAAggjN_BHG4TI2Iz-JKRqfaBwDXcyWbp23lSoY0i7GBv6N_AAAAAAEMAADXcyWbp23lSoY0i7GBv6N_AAOoEEADAAA=,
U017,Undo plan,2026-09-01 17:49,2026-09-01T22:49:53Z,Credit Department,Message from KANNON MFG (1000204758),,9 - FORT WORTH ARCHIVE,Inbox/9 - FORT WORTH ARCHIVE,9 - FORT WORTH ARCHIVE,yes,OK_TO_MOVE,time+subject+sender,1,Message from KANNON MFG (1000204758),credit@meau.com,Inbox,AI Needs Review,AI Needs Review,2026-10-06T13:26:18Z,,<010001a05f2a05b9-ae253d59-f1f6-4ffb-86a2-ad1a4a18e3ba-000000@email.amazonses.com>,AAMkAGQyODM5ZWI1LTQ0NDAtNDZiOS1hYTIzLTdjOGM3NDRlNjQ4MgBGAAAAAAAggjN_BHG4TI2Iz-JKRqfaBwDXcyWbp23lSoY0i7GBv6N_AAAAAAEMAADXcyWbp23lSoY0i7GBv6N_AAOoEECBAAA=,
U018,Undo plan,2026-09-01 18:02,2026-09-01T23:02:05Z,RMP Industrial Supply Inc,,1472380 | 1472396,9 - FORT WORTH ARCHIVE,Inbox/9 - FORT WORTH ARCHIVE,9 - FORT WORTH ARCHIVE,yes,OK_TO_MOVE,time+sender-in-subject+invoice-in-subject,1,"RMP Industrial Supply Inc - Invoice# 1472380, 1472396",jhencke@rmpis.com,Inbox,AI Needs Review,AI Needs Review,2026-10-06T13:24:48Z,,<c0wrla6RS6KAwJkVhSXaMw@geopod-ismtpd-5>,AAMkAGQyODM5ZWI1LTQ0NDAtNDZiOS1hYTIzLTdjOGM3NDRlNjQ4MgBGAAAAAAAggjN_BHG4TI2Iz-JKRqfaBwDXcyWbp23lSoY0i7GBv6N_AAAAAAEMAADXcyWbp23lSoY0i7GBv6N_AAOoEEAEAAA=,
U019,Undo plan,2026-09-02 02:20,2026-09-02T07:20:36Z,Accounts Payable,AP run 2026-09-02,,Sent Items,Sent Items,Sent Items,yes,OK_TO_MOVE,time+subject+sender,1,AP run 2026-09-02,/O=EXCHANGELABS/OU=EXCHANGE ADMINISTRATIVE GROUP (FYDIBOHF23SPDLT)/CN=RECIPIENTS/CN=6C664092DD9641A8A6052155F526A3C9-ACCOUNTS PA,Inbox,AI Needs Review,AI Needs Review,2026-10-06T13:26:20Z,,<SA0PR15MB38059A0246A005D307E2E83EA2B72@SA0PR15MB3805.namprd15.prod.outlook.com>,AAMkAGQyODM5ZWI1LTQ0NDAtNDZiOS1hYTIzLTdjOGM3NDRlNjQ4MgBGAAAAAAAggjN_BHG4TI2Iz-JKRqfaBwDXcyWbp23lSoY0i7GBv6N_AAAAAAEMAADXcyWbp23lSoY0i7GBv6N_AAOoEECCAAA=,
U020,Undo plan,2026-09-02 02:41,2026-09-02T07:41:01Z,Accounts Payable,AP run 2026-09-02,,Sent Items,Sent Items,Sent Items,yes,OK_TO_MOVE,time+subject+sender,1,AP run 2026-09-02,/O=EXCHANGELABS/OU=EXCHANGE ADMINISTRATIVE GROUP (FYDIBOHF23SPDLT)/CN=RECIPIENTS/CN=6C664092DD9641A8A6052155F526A3C9-ACCOUNTS PA,Inbox,AI Needs Review,AI Needs Review,2026-10-06T13:26:20Z,,<SA0PR15MB3805C91CF7B1DBCE121F1A14A2B72@SA0PR15MB3805.namprd15.prod.outlook.com>,AAMkAGQyODM5ZWI1LTQ0NDAtNDZiOS1hYTIzLTdjOGM3NDRlNjQ4MgBGAAAAAAAggjN_BHG4TI2Iz-JKRqfaBwDXcyWbp23lSoY0i7GBv6N_AAAAAAEMAADXcyWbp23lSoY0i7GBv6N_AAOoEECDAAA=,
U021,Undo plan,2026-09-02 02:45,2026-09-02T07:45:18Z,Accounts Payable,AP run 2026-09-02,,Sent Items,Sent Items,Sent Items,yes,OK_TO_MOVE,time+subject+sender,1,AP run 2026-09-02,/O=EXCHANGELABS/OU=EXCHANGE ADMINISTRATIVE GROUP (FYDIBOHF23SPDLT)/CN=RECIPIENTS/CN=6C664092DD9641A8A6052155F526A3C9-ACCOUNTS PA,Inbox,AI Needs Review,AI Needs Review,2026-10-06T13:26:21Z,,<SA0PR15MB38050F090DB682F64EE30018A2B72@SA0PR15MB3805.namprd15.prod.outlook.com>,AAMkAGQyODM5ZWI1LTQ0NDAtNDZiOS1hYTIzLTdjOGM3NDRlNjQ4MgBGAAAAAAAggjN_BHG4TI2Iz-JKRqfaBwDXcyWbp23lSoY0i7GBv6N_AAAAAAEMAADXcyWbp23lSoY0i7GBv6N_AAOoEECEAAA=,
U022,Undo plan,2026-09-02 09:18,2026-09-02T14:18:26Z,MSC Industrial Supply,,75092851,9 - FORT WORTH ARCHIVE,Inbox/9 - FORT WORTH ARCHIVE,9 - FORT WORTH ARCHIVE,yes,OK_TO_MOVE,time+sender-in-subject+invoice-in-subject,1,"MSC Invoice 75092851, SOUTHFIELD MI  48033-4432, Your PO# VENDING/1569     (DXED#2026245100604893147C)",donotreply@invoices.mscdirect.com,Inbox,AI Needs Review,AI Needs Review,2026-10-06T13:24:48Z,,<3DC9A7E93D2D456256A5100A603C6C9019A33FC1@dxprod07_1.datamatx.local>,AAMkAGQyODM5ZWI1LTQ0NDAtNDZiOS1hYTIzLTdjOGM3NDRlNjQ4MgBGAAAAAAAggjN_BHG4TI2Iz-JKRqfaBwDXcyWbp23lSoY0i7GBv6N_AAAAAAEMAADXcyWbp23lSoY0i7GBv6N_AAOoEEAFAAA=,
U023,Undo plan,2026-09-02 10:01,2026-09-02T15:01:00Z,"A-1 Image, Inc.",Labor Day 2026,,9 - FORT WORTH ARCHIVE,Inbox/9 - FORT WORTH ARCHIVE,9 - FORT WORTH ARCHIVE,yes,OK_TO_MOVE,time+subject+sender,1,Labor Day 2026,office@a1image.ccsend.com,Inbox,AI Needs Review,AI Needs Review,2026-10-06T13:26:21Z,,<1142342760973.1127314444814.1044157757.0.151100JL.2002@synd.ccsend.com>,AAMkAGQyODM5ZWI1LTQ0NDAtNDZiOS1hYTIzLTdjOGM3NDRlNjQ4MgBGAAAAAAAggjN_BHG4TI2Iz-JKRqfaBwDXcyWbp23lSoY0i7GBv6N_AAAAAAEMAADXcyWbp23lSoY0i7GBv6N_AAOoEECFAAA=,
U024,Undo plan,2026-09-02 10:19,2026-09-02T15:19:14Z,"Invoice Bill To Kannon Manufacturing, Inc",,29235,9 - FORT WORTH ARCHIVE,Inbox/9 - FORT WORTH ARCHIVE,9 - FORT WORTH ARCHIVE,yes,OK_TO_MOVE,time+sender-in-subject+invoice-in-subject,1,New Invoice 29235 from Metro Sprocket and Gear Inc,quickbooks@notification.intuit.com,Inbox,AI Needs Review,AI Needs Review,2026-10-06T13:24:51Z,,<LrQSoY4bR8SCH5w92f5c9Q@geopod-ismtpd-17>,AAMkAGQyODM5ZWI1LTQ0NDAtNDZiOS1hYTIzLTdjOGM3NDRlNjQ4MgBGAAAAAAAggjN_BHG4TI2Iz-JKRqfaBwDXcyWbp23lSoY0i7GBv6N_AAAAAAEMAADXcyWbp23lSoY0i7GBv6N_AAOoEEAGAAA=,
U025,Undo plan,2026-09-02 10:51,2026-09-02T15:51:49Z,Accounts Payable,RE: Message from KANNON MFG (1000204758),,9 - FORT WORTH ARCHIVE,Inbox/9 - FORT WORTH ARCHIVE,9 - FORT WORTH ARCHIVE,yes,OK_TO_MOVE,time+subject+sender,1,RE: Message from KANNON MFG (1000204758),accountspayable@kannonmfg.com,Inbox,AI Needs Review,AI Needs Review,2026-10-06T13:26:05Z,,<CO1PR15MB49555BD91F424B9F19562A3ECEB72@CO1PR15MB4955.namprd15.prod.outlook.com>,AAMkAGQyODM5ZWI1LTQ0NDAtNDZiOS1hYTIzLTdjOGM3NDRlNjQ4MgBGAAAAAAAggjN_BHG4TI2Iz-JKRqfaBwDXcyWbp23lSoY0i7GBv6N_AAAAAAEMAADXcyWbp23lSoY0i7GBv6N_AAOoEECGAAA=,
U026,Undo plan,2026-09-02 10:52,2026-09-02T15:52:16Z,abel jasso,,,9 - FORT WORTH ARCHIVE,Inbox/9 - FORT WORTH ARCHIVE,9 - FORT WORTH ARCHIVE,yes,OK_TO_MOVE,time+sender,1,Tejas Transportation Invoices,abelardo.tejas@sbcglobal.net,Inbox,AI Needs Review,AI Needs Review,2026-10-06T13:24:51Z,,<640657819.140669.1788364324814@mail.yahoo.com>,AAMkAGQyODM5ZWI1LTQ0NDAtNDZiOS1hYTIzLTdjOGM3NDRlNjQ4MgBGAAAAAAAggjN_BHG4TI2Iz-JKRqfaBwDXcyWbp23lSoY0i7GBv6N_AAAAAAEMAADXcyWbp23lSoY0i7GBv6N_AAOoEEAHAAA=,
U027,Undo plan,2026-09-02 12:36,2026-09-02T17:36:44Z,COFW,,,9 - FORT WORTH ARCHIVE,Inbox/9 - FORT WORTH ARCHIVE,9 - FORT WORTH ARCHIVE,yes,OK_TO_MOVE,time+sender,1,City of Fort Worth Bill Generation,noreply@fortworthtexas.gov,Inbox,AI Needs Review,AI Needs Review,2026-10-06T13:24:51Z,,<aWHpPumMSl6zB4yJ553dJA@geopod-ismtpd-2>,AAMkAGQyODM5ZWI1LTQ0NDAtNDZiOS1hYTIzLTdjOGM3NDRlNjQ4MgBGAAAAAAAggjN_BHG4TI2Iz-JKRqfaBwDXcyWbp23lSoY0i7GBv6N_AAAAAAEMAADXcyWbp23lSoY0i7GBv6N_AAOoEEAIAAA=,
U028,Undo plan,2026-09-02 13:23,2026-09-02T18:23:14Z,Accounts Payable,,141871,9 - FORT WORTH ARCHIVE,Inbox/9 - FORT WORTH ARCHIVE,9 - FORT WORTH ARCHIVE,yes,OK_TO_MOVE,time+sender+invoice-in-subject,1,"RE: INV # 141871 / CPL # 76554, 76556, 76558, 76557, 76555, 76556, 76559, 76560 / PO # 58766, 58755, 58719, 58767",accountspayable@kannonmfg.com,Inbox,AI Needs Review,AI Needs Review,2026-10-06T13:24:52Z,,<CO1PR15MB4955377288E13504EED86F8FCEB72@CO1PR15MB4955.namprd15.prod.outlook.com>,AAMkAGQyODM5ZWI1LTQ0NDAtNDZiOS1hYTIzLTdjOGM3NDRlNjQ4MgBGAAAAAAAggjN_BHG4TI2Iz-JKRqfaBwDXcyWbp23lSoY0i7GBv6N_AAAAAAEMAADXcyWbp23lSoY0i7GBv6N_AAOoEEAJAAA=,
U029,Undo plan,2026-09-02 13:23,2026-09-02T18:23:19Z,Kyle Cleaver,,141871,9 - FORT WORTH ARCHIVE,Inbox/9 - FORT WORTH ARCHIVE,9 - FORT WORTH ARCHIVE,yes,OK_TO_MOVE,time+sender+invoice-in-subject,1,"Automatic reply: INV # 141871 / CPL # 76554, 76556, 76558, 76557, 76555, 76556, 76559, 76560 / PO # 58766, 58755, 58719, 58767",[redacted],Inbox,AI Needs Review,AI Needs Review,2026-10-06T13:24:36Z,,<0ca9efa3bfb74e609fd7862c0d7c0982@DSWPR15MB7088.namprd15.prod.outlook.com>,AAMkAGQyODM5ZWI1LTQ0NDAtNDZiOS1hYTIzLTdjOGM3NDRlNjQ4MgBGAAAAAAAggjN_BHG4TI2Iz-JKRqfaBwDXcyWbp23lSoY0i7GBv6N_AAAAAAEMAADXcyWbp23lSoY0i7GBv6N_AAOoEEAKAAA=,
U030,Undo plan,2026-09-02 13:28,2026-09-02T18:28:02Z,Accounts Payable,,141873,9 - FORT WORTH ARCHIVE,Inbox/9 - FORT WORTH ARCHIVE,9 - FORT WORTH ARCHIVE,yes,OK_TO_MOVE,time+sender+invoice-in-subject,1,"RE: INV # 141873 / CPL# 51970, 52021, 76591 / PO # 58677, 58755, 58767, 58793",accountspayable@kannonmfg.com,Inbox,AI Needs Review,AI Needs Review,2026-10-06T13:24:36Z,,<CO1PR15MB4955203C54FD04A21F0E0361CEB72@CO1PR15MB4955.namprd15.prod.outlook.com>,AAMkAGQyODM5ZWI1LTQ0NDAtNDZiOS1hYTIzLTdjOGM3NDRlNjQ4MgBGAAAAAAAggjN_BHG4TI2Iz-JKRqfaBwDXcyWbp23lSoY0i7GBv6N_AAAAAAEMAADXcyWbp23lSoY0i7GBv6N_AAOoEEALAAA=,
U031,Undo plan,2026-09-02 13:47,2026-09-02T18:47:07Z,Chris Vieux,,141873,9 - FORT WORTH ARCHIVE,Inbox/9 - FORT WORTH ARCHIVE,9 - FORT WORTH ARCHIVE,yes,OK_TO_MOVE,time+sender+invoice-in-subject,1,"RE: INV # 141873 / CPL# 51970, 52021, 76591 / PO # 58677, 58755, 58767, 58793",chris.vieux@kannonmfg.com,Inbox,AI Needs Review,AI Needs Review,2026-10-06T13:24:37Z,,<SJ0PR15MB4646F0E2D240564812BDEA83E8B72@SJ0PR15MB4646.namprd15.prod.outlook.com>,AAMkAGQyODM5ZWI1LTQ0NDAtNDZiOS1hYTIzLTdjOGM3NDRlNjQ4MgBGAAAAAAAggjN_BHG4TI2Iz-JKRqfaBwDXcyWbp23lSoY0i7GBv6N_AAAAAAEMAADXcyWbp23lSoY0i7GBv6N_AAOoEEAMAAA=,
U032,Undo plan,2026-09-02 13:48,2026-09-02T18:48:08Z,Rachel Bailey,,141871,9 - FORT WORTH ARCHIVE,Inbox/9 - FORT WORTH ARCHIVE,9 - FORT WORTH ARCHIVE,yes,OK_TO_MOVE,time+sender+invoice-in-subject,1,"RE: INV # 141871 / CPL # 76554, 76556, 76558, 76557, 76555, 76556, 76559, 76560 / PO # 58766, 58755, 58719, 58767",Rachel@3pindustries.com,Inbox,AI Needs Review,AI Needs Review,2026-10-06T13:24:54Z,,<SA0PR19MB42535074174EF766D6EB84F5FBB72@SA0PR19MB4253.namprd19.prod.outlook.com>,AAMkAGQyODM5ZWI1LTQ0NDAtNDZiOS1hYTIzLTdjOGM3NDRlNjQ4MgBGAAAAAAAggjN_BHG4TI2Iz-JKRqfaBwDXcyWbp23lSoY0i7GBv6N_AAAAAAEMAADXcyWbp23lSoY0i7GBv6N_AAOoEEANAAA=,
U033,Undo plan,2026-09-02 13:58,2026-09-02T18:58:21Z,Rachel Bailey,,141873,9 - FORT WORTH ARCHIVE,Inbox/9 - FORT WORTH ARCHIVE,9 - FORT WORTH ARCHIVE,yes,OK_TO_MOVE,time+sender+invoice-in-subject,1,"RE: INV # 141873 / CPL# 51970, 52021, 76591 / PO # 58677, 58755, 58767, 58793",Rachel@3pindustries.com,Inbox,AI Needs Review,AI Needs Review,2026-10-06T13:24:39Z,,<SA0PR19MB42534F9BBD0D3C38046F7D3AFBB72@SA0PR19MB4253.namprd19.prod.outlook.com>,AAMkAGQyODM5ZWI1LTQ0NDAtNDZiOS1hYTIzLTdjOGM3NDRlNjQ4MgBGAAAAAAAggjN_BHG4TI2Iz-JKRqfaBwDXcyWbp23lSoY0i7GBv6N_AAAAAAEMAADXcyWbp23lSoY0i7GBv6N_AAOoEEAOAAA=,
U034,Undo plan,2026-09-02 14:51,2026-09-02T19:51:15Z,"Steel Inspectors of Texas, Inc.",,,9 - FORT WORTH ARCHIVE,Inbox/9 - FORT WORTH ARCHIVE,9 - FORT WORTH ARCHIVE,yes,OK_TO_MOVE,time+sender+sender-in-subject,1,"New payment request from Steel Inspectors of Texas, Inc. - invoice",quickbooks@notification.intuit.com,Inbox,AI Needs Review,AI Needs Review,2026-10-06T13:24:55Z,,<ZXkUk80yTjWilLzl5_7McQ@geopod-ismtpd-92>,AAMkAGQyODM5ZWI1LTQ0NDAtNDZiOS1hYTIzLTdjOGM3NDRlNjQ4MgBGAAAAAAAggjN_BHG4TI2Iz-JKRqfaBwDXcyWbp23lSoY0i7GBv6N_AAAAAAEMAADXcyWbp23lSoY0i7GBv6N_AAOoEEAPAAA=,
U035,Undo plan,2026-09-02 15:43,2026-09-02T20:43:28Z,Credit Department,Message from KANNON MFG (1000204758),,9 - FORT WORTH ARCHIVE,Inbox/9 - FORT WORTH ARCHIVE,9 - FORT WORTH ARCHIVE,yes,OK_TO_MOVE,time+subject+sender,1,Message from KANNON MFG (1000204758),credit@meau.com,Inbox,AI Needs Review,AI Needs Review,2026-10-06T13:26:22Z,,<010001a063dcb6de-2991a51a-23d3-4b1b-9ba7-08e77b264532-000000@email.amazonses.com>,AAMkAGQyODM5ZWI1LTQ0NDAtNDZiOS1hYTIzLTdjOGM3NDRlNjQ4MgBGAAAAAAAggjN_BHG4TI2Iz-JKRqfaBwDXcyWbp23lSoY0i7GBv6N_AAAAAAEMAADXcyWbp23lSoY0i7GBv6N_AAOoEECHAAA=,
U036,Undo plan,2026-09-02 15:56,2026-09-02T20:56:01Z,"Steel Inspectors of Texas, Inc.",,,9 - FORT WORTH ARCHIVE,Inbox/9 - FORT WORTH ARCHIVE,9 - FORT WORTH ARCHIVE,yes,OK_TO_MOVE,time+sender+sender-in-subject,1,"New payment request from Steel Inspectors of Texas, Inc. - invoice",quickbooks@notification.intuit.com,Inbox,AI Needs Review,AI Needs Review,2026-10-06T13:24:55Z,,<4RnP7NTvTjS1BDyrlVdT1Q@geopod-ismtpd-3>,AAMkAGQyODM5ZWI1LTQ0NDAtNDZiOS1hYTIzLTdjOGM3NDRlNjQ4MgBGAAAAAAAggjN_BHG4TI2Iz-JKRqfaBwDXcyWbp23lSoY0i7GBv6N_AAAAAAEMAADXcyWbp23lSoY0i7GBv6N_AAOoEEAQAAA=,
U037,Undo plan,2026-09-02 18:01,2026-09-02T23:01:51Z,RMP Industrial Supply Inc,,1472483,9 - FORT WORTH ARCHIVE,Inbox/9 - FORT WORTH ARCHIVE,9 - FORT WORTH ARCHIVE,yes,OK_TO_MOVE,time+sender-in-subject+invoice-in-subject,1,RMP Industrial Supply Inc - Invoice# 1472483,jhencke@rmpis.com,Inbox,AI Needs Review,AI Needs Review,2026-10-06T13:24:57Z,,<iaZaFpWST8e8NPQMgr-vcw@geopod-ismtpd-7>,AAMkAGQyODM5ZWI1LTQ0NDAtNDZiOS1hYTIzLTdjOGM3NDRlNjQ4MgBGAAAAAAAggjN_BHG4TI2Iz-JKRqfaBwDXcyWbp23lSoY0i7GBv6N_AAAAAAEMAADXcyWbp23lSoY0i7GBv6N_AAOoEEARAAA=,
U038,Undo plan,2026-09-03 08:54,2026-09-03T13:54:08Z,Exotic Metals,,,9 - FORT WORTH ARCHIVE,Inbox/9 - FORT WORTH ARCHIVE,9 - FORT WORTH ARCHIVE,yes,OK_TO_MOVE,time+sender-in-subject,1,Exotic Metals & Alloys | Invoice Submission |Thank You for Your Business,Theresa.Thornton@exalloys.com,Inbox,AI Needs Review,AI Needs Review,2026-10-06T13:24:58Z,,<LV8P220MB12832440D4A1966D1BEE111AE4B62@LV8P220MB1283.NAMP220.PROD.OUTLOOK.COM>,AAMkAGQyODM5ZWI1LTQ0NDAtNDZiOS1hYTIzLTdjOGM3NDRlNjQ4MgBGAAAAAAAggjN_BHG4TI2Iz-JKRqfaBwDXcyWbp23lSoY0i7GBv6N_AAAAAAEMAADXcyWbp23lSoY0i7GBv6N_AAOoEEASAAA=,
U039,Undo plan,2026-09-03 11:01,2026-09-03T16:01:09Z,INVOICE 470012       PO 58954,,470012,9 - FORT WORTH ARCHIVE,Inbox/9 - FORT WORTH ARCHIVE,9 - FORT WORTH ARCHIVE,yes,OK_TO_MOVE,time+sender-in-subject+invoice-in-subject,1,INVOICE 470012       PO 58954,Rosana@fabcorp.com,Inbox,AI Needs Review,AI Needs Review,2026-10-06T13:24:58Z,,<BN7PR08MB3876E0C4065AB6DDE10C5028DEB62@BN7PR08MB3876.namprd08.prod.outlook.com>,AAMkAGQyODM5ZWI1LTQ0NDAtNDZiOS1hYTIzLTdjOGM3NDRlNjQ4MgBGAAAAAAAggjN_BHG4TI2Iz-JKRqfaBwDXcyWbp23lSoY0i7GBv6N_AAAAAAEMAADXcyWbp23lSoY0i7GBv6N_AAOoEEATAAA=,
U040,Undo plan,2026-09-03 11:03,2026-09-03T16:03:51Z,INVOICE 470020        PO 59007,,470020,9 - FORT WORTH ARCHIVE,Inbox/9 - FORT WORTH ARCHIVE,9 - FORT WORTH ARCHIVE,yes,OK_TO_MOVE,time+sender-in-subject+invoice-in-subject,1,INVOICE 470020        PO 59007,Rosana@fabcorp.com,Inbox,AI Needs Review,AI Needs Review,2026-10-06T13:24:59Z,,<BN7PR08MB387692F71A022D377E52ED1DDEB62@BN7PR08MB3876.namprd08.prod.outlook.com>,AAMkAGQyODM5ZWI1LTQ0NDAtNDZiOS1hYTIzLTdjOGM3NDRlNjQ4MgBGAAAAAAAggjN_BHG4TI2Iz-JKRqfaBwDXcyWbp23lSoY0i7GBv6N_AAAAAAEMAADXcyWbp23lSoY0i7GBv6N_AAOoEEAUAAA=,
U041,Undo plan,2026-09-03 13:56,2026-09-03T18:56:08Z,"Luxor Staffing, Inc.",,2221,9 - FORT WORTH ARCHIVE,Inbox/9 - FORT WORTH ARCHIVE,9 - FORT WORTH ARCHIVE,yes,OK_TO_MOVE,time+sender-in-subject,1,"Luxor Staffing Invoice-Kannon Manufacturing, Inc",JTorres@LuxorStaffing.com,Inbox,AI Needs Review,AI Needs Review,2026-10-06T13:24:59Z,,<DS0PR14MB6903E23B1F75319079F38761A8B62@DS0PR14MB6903.namprd14.prod.outlook.com>,AAMkAGQyODM5ZWI1LTQ0NDAtNDZiOS1hYTIzLTdjOGM3NDRlNjQ4MgBGAAAAAAAggjN_BHG4TI2Iz-JKRqfaBwDXcyWbp23lSoY0i7GBv6N_AAAAAAEMAADXcyWbp23lSoY0i7GBv6N_AAOoEEAVAAA=,
U042,Undo plan,2026-09-03 19:19,2026-09-04T00:19:05Z,UniFirst Corporation,,2810806458,9 - FORT WORTH ARCHIVE,Inbox/9 - FORT WORTH ARCHIVE,9 - FORT WORTH ARCHIVE,yes,OK_TO_MOVE,time+sender+sender-in-subject+invoice-in-subject,1,Invoice Number 2810806458 from UniFirst,UniFirstInvoices@UniFirst.com,Inbox,AI Needs Review,AI Needs Review,2026-10-06T13:25:00Z,,<1781749567.196151.1788481109810@abs-sch-prd-02.corp.unifirst.com>,AAMkAGQyODM5ZWI1LTQ0NDAtNDZiOS1hYTIzLTdjOGM3NDRlNjQ4MgBGAAAAAAAggjN_BHG4TI2Iz-JKRqfaBwDXcyWbp23lSoY0i7GBv6N_AAAAAAEMAADXcyWbp23lSoY0i7GBv6N_AAOoEEAWAAA=,
U043,Undo plan,2026-09-04 02:27,2026-09-04T07:27:47Z,Accounts Payable,AP run 2026-09-04,,Sent Items,Sent Items,Sent Items,yes,OK_TO_MOVE,time+subject+sender,1,AP run 2026-09-04,/O=EXCHANGELABS/OU=EXCHANGE ADMINISTRATIVE GROUP (FYDIBOHF23SPDLT)/CN=RECIPIENTS/CN=6C664092DD9641A8A6052155F526A3C9-ACCOUNTS PA,Inbox,AI Needs Review,AI Needs Review,2026-10-06T13:26:22Z,,<SA0PR15MB3805F92C90DF323C7DDDDE1BA2B52@SA0PR15MB3805.namprd15.prod.outlook.com>,AAMkAGQyODM5ZWI1LTQ0NDAtNDZiOS1hYTIzLTdjOGM3NDRlNjQ4MgBGAAAAAAAggjN_BHG4TI2Iz-JKRqfaBwDXcyWbp23lSoY0i7GBv6N_AAAAAAEMAADXcyWbp23lSoY0i7GBv6N_AAOoEECIAAA=,
U044,Undo plan,2026-09-04 02:34,2026-09-04T07:34:41Z,Accounts Payable,AP run 2026-09-04,,Sent Items,Sent Items,Sent Items,yes,OK_TO_MOVE,time+subject+sender,1,AP run 2026-09-04,/O=EXCHANGELABS/OU=EXCHANGE ADMINISTRATIVE GROUP (FYDIBOHF23SPDLT)/CN=RECIPIENTS/CN=6C664092DD9641A8A6052155F526A3C9-ACCOUNTS PA,Inbox,AI Needs Review,AI Needs Review,2026-10-06T13:26:22Z,,<SA0PR15MB38055A11BE340F3717E0E3B3A2B52@SA0PR15MB3805.namprd15.prod.outlook.com>,AAMkAGQyODM5ZWI1LTQ0NDAtNDZiOS1hYTIzLTdjOGM3NDRlNjQ4MgBGAAAAAAAggjN_BHG4TI2Iz-JKRqfaBwDXcyWbp23lSoY0i7GBv6N_AAAAAAEMAADXcyWbp23lSoY0i7GBv6N_AAOoEECJAAA=,
U045,Undo plan,2026-09-04 09:19,2026-09-04T14:19:43Z,Jaqueline Torres,,,9 - FORT WORTH ARCHIVE,Inbox/9 - FORT WORTH ARCHIVE,9 - FORT WORTH ARCHIVE,yes,OK_TO_MOVE,time+sender,1,"Luxor Staffing Invoice-Kannon Manufacturing, Inc",JTorres@LuxorStaffing.com,Inbox,AI Needs Review,AI Needs Review,2026-10-06T13:25:01Z,,<DS0PR14MB6903506AEA5B867430BD454EA8B52@DS0PR14MB6903.namprd14.prod.outlook.com>,AAMkAGQyODM5ZWI1LTQ0NDAtNDZiOS1hYTIzLTdjOGM3NDRlNjQ4MgBGAAAAAAAggjN_BHG4TI2Iz-JKRqfaBwDXcyWbp23lSoY0i7GBv6N_AAAAAAEMAADXcyWbp23lSoY0i7GBv6N_AAOoEEAXAAA=,
U046,Undo plan,2026-09-04 13:38,2026-09-04T18:38:48Z,"Meridian Finance, Llc",,,9 - FORT WORTH ARCHIVE,Inbox/9 - FORT WORTH ARCHIVE,9 - FORT WORTH ARCHIVE,yes,CONFLICT,time,1,***IMPORTANT*** 09/09/2026 IPFS Notice of Cancellation for non-payment of Installment #5 due 08/17/2026,CLopez@higginbotham.net,Inbox,AI Needs Review,AI Needs Review,2026-10-06T13:25:02Z,,<MN2PR12MB406256A2C5054FB26B2E8681BFB52@MN2PR12MB4062.namprd12.prod.outlook.com>,AAMkAGQyODM5ZWI1LTQ0NDAtNDZiOS1hYTIzLTdjOGM3NDRlNjQ4MgBGAAAAAAAggjN_BHG4TI2Iz-JKRqfaBwDXcyWbp23lSoY0i7GBv6N_AAAAAAEMAADXcyWbp23lSoY0i7GBv6N_AAOoEEAYAAA=,unique timestamp match but sender/subject/invoice not corroborated
U047,Undo plan,2026-09-04 14:01,2026-09-04T19:01:31Z,"Capital Machine Technologies, Inc",,,9 - FORT WORTH ARCHIVE,Inbox/9 - FORT WORTH ARCHIVE,9 - FORT WORTH ARCHIVE,yes,OK_TO_MOVE,time+sender-in-subject,1,Capital Machine - Sales Order S-ORD101969,parts@capitalmachine.com,Inbox,AI Needs Review,AI Needs Review,2026-10-06T13:25:03Z,,<BYAPR08MB5832EF96143F192213249BE7A9B52@BYAPR08MB5832.namprd08.prod.outlook.com>,AAMkAGQyODM5ZWI1LTQ0NDAtNDZiOS1hYTIzLTdjOGM3NDRlNjQ4MgBGAAAAAAAggjN_BHG4TI2Iz-JKRqfaBwDXcyWbp23lSoY0i7GBv6N_AAAAAAEMAADXcyWbp23lSoY0i7GBv6N_AAOoEEAZAAA=,
U048,Undo plan,2026-09-04 14:27,2026-09-04T19:27:50Z,Alarm Billing Support,CryWolf False Alarm Case #02584613 has been Closed,,9 - FORT WORTH ARCHIVE,Inbox/9 - FORT WORTH ARCHIVE,9 - FORT WORTH ARCHIVE,yes,OK_TO_MOVE,time+subject+sender+sender-in-subject,1,CryWolf False Alarm Case #02584613 has been Closed,support@alarm-billing.com,Inbox,AI Needs Review,AI Needs Review,2026-10-06T13:26:07Z,,<HRqsAiUMS5GBQ196qqpnkA.tUjrg0xyCCO_pMKAFKT-ZzU@sfdc.net>,AAMkAGQyODM5ZWI1LTQ0NDAtNDZiOS1hYTIzLTdjOGM3NDRlNjQ4MgBGAAAAAAAggjN_BHG4TI2Iz-JKRqfaBwDXcyWbp23lSoY0i7GBv6N_AAAAAAEMAADXcyWbp23lSoY0i7GBv6N_AAOoEECKAAA=,
U049,Undo plan,2026-09-04 15:02,2026-09-04T20:02:47Z,Kannon inv 120712,,120712,9 - FORT WORTH ARCHIVE,Inbox/9 - FORT WORTH ARCHIVE,9 - FORT WORTH ARCHIVE,yes,OK_TO_MOVE,time+sender-in-subject+invoice-in-subject,1,Kannon inv 120712,michelle@ktgalvanizing.com,Inbox,AI Needs Review,AI Needs Review,2026-10-06T13:25:05Z,,<SN7PR18MB40293064F4950E4DFEF982EDC5B52@SN7PR18MB4029.namprd18.prod.outlook.com>,AAMkAGQyODM5ZWI1LTQ0NDAtNDZiOS1hYTIzLTdjOGM3NDRlNjQ4MgBGAAAAAAAggjN_BHG4TI2Iz-JKRqfaBwDXcyWbp23lSoY0i7GBv6N_AAAAAAEMAADXcyWbp23lSoY0i7GBv6N_AAOoEEAaAAA=,
U050,Undo plan,2026-09-04 17:46,2026-09-04T22:46:39Z,"Steel Inspectors of Texas, Inc.",,,Inbox,Inbox,Inbox,no,CATEGORY_ONLY,time+sender+sender-in-subject,1,"Invoice - Reminder: Your payment to Steel Inspectors of Texas, Inc. is due",quickbooks@notification.intuit.com,Inbox,AI Needs Review,AI Needs Review,2026-10-06T13:24:48Z,,<_qyfYjSJR6G-pL5YzQdRwg@geopod-ismtpd-42>,AAMkAGQyODM5ZWI1LTQ0NDAtNDZiOS1hYTIzLTdjOGM3NDRlNjQ4MgBGAAAAAAAggjN_BHG4TI2Iz-JKRqfaBwDXcyWbp23lSoY0i7GBv6N_AAAAAAEMAADXcyWbp23lSoY0i7GBv6N_AAOoEEAbAAA=,
U051,Undo plan,2026-09-05 01:49,2026-09-05T06:49:38Z,"Steel Inspectors of Texas, Inc.",,,Inbox,Inbox,Inbox,no,CATEGORY_ONLY,time+sender+sender-in-subject,1,"Invoice - Reminder: Your payment to Steel Inspectors of Texas, Inc. is due",quickbooks@notification.intuit.com,Inbox,AI Needs Review,AI Needs Review,2026-10-06T13:24:49Z,,<Wu4bHF16ROSIYSG60HizhA@geopod-ismtpd-21>,AAMkAGQyODM5ZWI1LTQ0NDAtNDZiOS1hYTIzLTdjOGM3NDRlNjQ4MgBGAAAAAAAggjN_BHG4TI2Iz-JKRqfaBwDXcyWbp23lSoY0i7GBv6N_AAAAAAEMAADXcyWbp23lSoY0i7GBv6N_AAOoEEAcAAA=,
U052,Undo plan,2026-09-05 01:50,2026-09-05T06:50:00Z,"Steel Inspectors of Texas, Inc.",,,Inbox,Inbox,Inbox,no,CATEGORY_ONLY,time+sender+sender-in-subject,1,"Invoice - Reminder: Your payment to Steel Inspectors of Texas, Inc. is due",quickbooks@notification.intuit.com,Inbox,AI Needs Review,AI Needs Review,2026-10-06T13:24:51Z,,<CO1Xpe2TSQebjBG5GdRWpQ@geopod-ismtpd-15>,AAMkAGQyODM5ZWI1LTQ0NDAtNDZiOS1hYTIzLTdjOGM3NDRlNjQ4MgBGAAAAAAAggjN_BHG4TI2Iz-JKRqfaBwDXcyWbp23lSoY0i7GBv6N_AAAAAAEMAADXcyWbp23lSoY0i7GBv6N_AAOoEEAdAAA=,
U053,Undo plan,2026-09-05 03:51,2026-09-05T08:51:56Z,"Steel Inspectors of Texas, Inc.",,,Inbox,Inbox,Inbox,no,CATEGORY_ONLY,time+sender+sender-in-subject,1,"Invoice - Reminder: Your payment to Steel Inspectors of Texas, Inc. is due",quickbooks@notification.intuit.com,Inbox,AI Needs Review,AI Needs Review,2026-10-06T13:24:52Z,,<wjyuHCPnQ62McUYQVBUODw@geopod-ismtpd-1>,AAMkAGQyODM5ZWI1LTQ0NDAtNDZiOS1hYTIzLTdjOGM3NDRlNjQ4MgBGAAAAAAAggjN_BHG4TI2Iz-JKRqfaBwDXcyWbp23lSoY0i7GBv6N_AAAAAAEMAADXcyWbp23lSoY0i7GBv6N_AAOoEEAeAAA=,
U054,Undo plan,2026-09-07 02:28,2026-09-07T07:28:42Z,Accounts Payable,AP run 2026-09-07,,Sent Items,Sent Items,Sent Items,yes,OK_TO_MOVE,time+subject+sender,1,AP run 2026-09-07,/O=EXCHANGELABS/OU=EXCHANGE ADMINISTRATIVE GROUP (FYDIBOHF23SPDLT)/CN=RECIPIENTS/CN=6C664092DD9641A8A6052155F526A3C9-ACCOUNTS PA,Inbox,AI Needs Review,AI Needs Review,2026-10-06T13:26:23Z,,<SA0PR15MB3805FCC37C98897E27937C01A2B22@SA0PR15MB3805.namprd15.prod.outlook.com>,AAMkAGQyODM5ZWI1LTQ0NDAtNDZiOS1hYTIzLTdjOGM3NDRlNjQ4MgBGAAAAAAAggjN_BHG4TI2Iz-JKRqfaBwDXcyWbp23lSoY0i7GBv6N_AAAAAAEMAADXcyWbp23lSoY0i7GBv6N_AAOoEECLAAA=,
U055,Undo plan,2026-09-07 07:58,2026-09-07T12:58:04Z,Amazon Business,Set delivery preferences that fit your business hours,,Inbox,Inbox,Inbox,no,CATEGORY_ONLY,time+subject+sender+sender-in-subject,1,Set delivery preferences that fit your business hours,no-reply@business.amazon.com,Inbox,AI Needs Review,AI Needs Review,2026-10-06T13:26:08Z,,<010001a07bf26b7f-5a50946b-2a76-4e8d-a8b8-c01dbf48d5ff-000000@email.amazonses.com>,AAMkAGQyODM5ZWI1LTQ0NDAtNDZiOS1hYTIzLTdjOGM3NDRlNjQ4MgBGAAAAAAAggjN_BHG4TI2Iz-JKRqfaBwDXcyWbp23lSoY0i7GBv6N_AAAAAAEMAADXcyWbp23lSoY0i7GBv6N_AAOoEECMAAA=,
U056,Undo plan,2026-09-07 11:45,2026-09-07T16:45:07Z,Capital Machine, Is Your Machine a Fit for Our Preventative Maintenance Program?,,Inbox,Inbox,Inbox,no,CATEGORY_ONLY,time+subject+sender+sender-in-subject,1, Is Your Machine a Fit for Our Preventative Maintenance Program?,info@capitalmachine.com,Inbox,AI Needs Review,AI Needs Review,2026-10-06T13:26:09Z,,<1788799502634.dae999a1-4246-42bc-8a79-d3dc14aa0ba0@bf08x.hubspotemail.net>,AAMkAGQyODM5ZWI1LTQ0NDAtNDZiOS1hYTIzLTdjOGM3NDRlNjQ4MgBGAAAAAAAggjN_BHG4TI2Iz-JKRqfaBwDXcyWbp23lSoY0i7GBv6N_AAAAAAEMAADXcyWbp23lSoY0i7GBv6N_AAOoEECNAAA=,
U057,Undo plan,2026-09-08 02:38,2026-09-08T07:38:02Z,Accounts Payable,AP run 2026-09-08,,Sent Items,Sent Items,Sent Items,yes,OK_TO_MOVE,time+subject+sender,1,AP run 2026-09-08,/O=EXCHANGELABS/OU=EXCHANGE ADMINISTRATIVE GROUP (FYDIBOHF23SPDLT)/CN=RECIPIENTS/CN=6C664092DD9641A8A6052155F526A3C9-ACCOUNTS PA,Inbox,AI Needs Review,AI Needs Review,2026-10-06T13:26:25Z,,<SA0PR15MB3805901B1617FC0C1455E415A2B12@SA0PR15MB3805.namprd15.prod.outlook.com>,AAMkAGQyODM5ZWI1LTQ0NDAtNDZiOS1hYTIzLTdjOGM3NDRlNjQ4MgBGAAAAAAAggjN_BHG4TI2Iz-JKRqfaBwDXcyWbp23lSoY0i7GBv6N_AAAAAAEMAADXcyWbp23lSoY0i7GBv6N_AAOoEECOAAA=,
U058,Undo plan,2026-09-08 09:48,2026-09-08T14:48:13Z,Kloeckner Metals Corporation,,,Inbox,Inbox,Inbox,no,CATEGORY_ONLY,time+sender,1,Invoice Details - Kannon Manufacturing Inc,Beth.Watkins@kloeckner.com,Inbox,AI Needs Review,AI Needs Review,2026-10-06T13:25:08Z,,<1891036609.120042.1788878857022@production-awsus-cls-corr-manual-executor-8014-8558769845-6d46t>,AAMkAGQyODM5ZWI1LTQ0NDAtNDZiOS1hYTIzLTdjOGM3NDRlNjQ4MgBGAAAAAAAggjN_BHG4TI2Iz-JKRqfaBwDXcyWbp23lSoY0i7GBv6N_AAAAAAEMAADXcyWbp23lSoY0i7GBv6N_AAOoEEAfAAA=,
U059,Undo plan,2026-09-08 10:11,2026-09-08T15:11:31Z,Kyle Cleaver,,0204730,Inbox,Inbox,Inbox,no,CATEGORY_ONLY,time+sender+invoice-in-subject,1,Re: Energy Invoice - KANNON MANUFACTURING LLC (Invoice #: 0204730),[redacted],Inbox,AI Needs Review,AI Needs Review,2026-10-06T13:24:53Z,,<DSWPR15MB7088727B120E877586375A058DB12@DSWPR15MB7088.namprd15.prod.outlook.com>,AAMkAGQyODM5ZWI1LTQ0NDAtNDZiOS1hYTIzLTdjOGM3NDRlNjQ4MgBGAAAAAAAggjN_BHG4TI2Iz-JKRqfaBwDXcyWbp23lSoY0i7GBv6N_AAAAAAEMAADXcyWbp23lSoY0i7GBv6N_AAOoEEAgAAA=,
U060,Undo plan,2026-09-08 11:15,2026-09-08T16:15:07Z,"Meridian Finance, Llc",,,Inbox,Inbox,Inbox,no,CONFLICT,time,1,RE: ***IMPORTANT*** 09/09/2026 IPFS Notice of Cancellation for non-payment of Installment #5 due 08/17/2026,CLopez@higginbotham.net,Inbox,AI Needs Review,AI Needs Review,2026-10-06T13:25:09Z,,<MN2PR12MB4062851C385B1BBB18284D59BFB12@MN2PR12MB4062.namprd12.prod.outlook.com>,AAMkAGQyODM5ZWI1LTQ0NDAtNDZiOS1hYTIzLTdjOGM3NDRlNjQ4MgBGAAAAAAAggjN_BHG4TI2Iz-JKRqfaBwDXcyWbp23lSoY0i7GBv6N_AAAAAAEMAADXcyWbp23lSoY0i7GBv6N_AAOoEEAhAAA=,unique timestamp match but sender/subject/invoice not corroborated
U061,Undo plan,2026-09-08 11:17,2026-09-08T16:17:02Z,Fw: QU KANNON MANUFACTURING INC (019586),,,Inbox,Inbox,Inbox,no,CATEGORY_ONLY,time+sender-in-subject,1,Fw: QU KANNON MANUFACTURING INC (019586) --  #G72390 -- PO#: SHAWN QUOTE  PO 59095,Shawn.McKibben@kannonmfg.com,Inbox,AI Needs Review,AI Needs Review,2026-10-06T13:25:10Z,,<PH0PR15MB7073A5A400D12EEE4406521A98B12@PH0PR15MB7073.namprd15.prod.outlook.com>,AAMkAGQyODM5ZWI1LTQ0NDAtNDZiOS1hYTIzLTdjOGM3NDRlNjQ4MgBGAAAAAAAggjN_BHG4TI2Iz-JKRqfaBwDXcyWbp23lSoY0i7GBv6N_AAAAAAEMAADXcyWbp23lSoY0i7GBv6N_AAOoEEAiAAA=,
U062,Undo plan,2026-09-08 11:25,2026-09-08T16:25:38Z,Kelcie Alvard,,,Inbox,Inbox,Inbox,no,CATEGORY_ONLY,time+sender,1,KANNON MANUFACTURING 230230-P1,Kelcie.Alvard@priority1.com,Inbox,AI Needs Review,AI Needs Review,2026-10-06T13:24:56Z,,<SN7PR12MB7833C6774956F54ED7E3A8EBB9B12@SN7PR12MB7833.namprd12.prod.outlook.com>,AAMkAGQyODM5ZWI1LTQ0NDAtNDZiOS1hYTIzLTdjOGM3NDRlNjQ4MgBGAAAAAAAggjN_BHG4TI2Iz-JKRqfaBwDXcyWbp23lSoY0i7GBv6N_AAAAAAEMAADXcyWbp23lSoY0i7GBv6N_AAOoEEAjAAA=,
U063,Undo plan,2026-09-08 11:49,2026-09-08T16:49:17Z,Greentree Packaging & Lumber,,,Inbox,Inbox,Inbox,no,CATEGORY_ONLY,time+sender+sender-in-subject,1,Invoice from Greentree Packaging & Lumber,quickbooks@notification.intuit.com,Inbox,AI Needs Review,AI Needs Review,2026-10-06T13:25:13Z,,<qzphHmE-TSKDvDdDQZ9Ixg@geopod-ismtpd-16>,AAMkAGQyODM5ZWI1LTQ0NDAtNDZiOS1hYTIzLTdjOGM3NDRlNjQ4MgBGAAAAAAAggjN_BHG4TI2Iz-JKRqfaBwDXcyWbp23lSoY0i7GBv6N_AAAAAAEMAADXcyWbp23lSoY0i7GBv6N_AAOoEEAkAAA=,
U064,Undo plan,2026-09-08 12:49,2026-09-08T17:49:05Z,UniFirst,Limited time: Save 20% on mats & mops,,Inbox,Inbox,Inbox,no,CATEGORY_ONLY,time+subject+sender,1,Limited time: Save 20% on mats & mops,insights@unifirst.com,Inbox,AI Needs Review,AI Needs Review,2026-10-06T13:26:11Z,,<c7615b1b751efed95234931ce.601c9fb487.20260908174829.433f569524.7ad00486@mail205.suw101.mcdlv.net>,AAMkAGQyODM5ZWI1LTQ0NDAtNDZiOS1hYTIzLTdjOGM3NDRlNjQ4MgBGAAAAAAAggjN_BHG4TI2Iz-JKRqfaBwDXcyWbp23lSoY0i7GBv6N_AAAAAAEMAADXcyWbp23lSoY0i7GBv6N_AAOoEECPAAA=,
U065,Undo plan,2026-09-08 20:39,2026-09-09T01:39:25Z,Accounts Payable,,,Sent Items,Sent Items,Sent Items,yes,OK_TO_MOVE,time+sender,1,AP dry run 10 — quality V1.1 (API finish),/O=EXCHANGELABS/OU=EXCHANGE ADMINISTRATIVE GROUP (FYDIBOHF23SPDLT)/CN=RECIPIENTS/CN=6C664092DD9641A8A6052155F526A3C9-ACCOUNTS PA,Inbox,AI Needs Review,AI Needs Review,2026-10-06T13:25:14Z,,<SA0PR15MB3805A281D70363E2A16FA45EA2B02@SA0PR15MB3805.namprd15.prod.outlook.com>,AAMkAGQyODM5ZWI1LTQ0NDAtNDZiOS1hYTIzLTdjOGM3NDRlNjQ4MgBGAAAAAAAggjN_BHG4TI2Iz-JKRqfaBwDXcyWbp23lSoY0i7GBv6N_AAAAAAEMAADXcyWbp23lSoY0i7GBv6N_AAOoEEAlAAA=,
U066,Undo plan,2026-09-08 20:41,2026-09-09T01:41:46Z,Accounts Payable,,,Sent Items,Sent Items,Sent Items,yes,OK_TO_MOVE,time+sender,1,AP dry run 10 — quality V1.1 (API finish),/O=EXCHANGELABS/OU=EXCHANGE ADMINISTRATIVE GROUP (FYDIBOHF23SPDLT)/CN=RECIPIENTS/CN=6C664092DD9641A8A6052155F526A3C9-ACCOUNTS PA,Inbox,AI Needs Review,AI Needs Review,2026-10-06T13:25:15Z,,<SA0PR15MB3805471AC27071B35672EAC4A2B02@SA0PR15MB3805.namprd15.prod.outlook.com>,AAMkAGQyODM5ZWI1LTQ0NDAtNDZiOS1hYTIzLTdjOGM3NDRlNjQ4MgBGAAAAAAAggjN_BHG4TI2Iz-JKRqfaBwDXcyWbp23lSoY0i7GBv6N_AAAAAAEMAADXcyWbp23lSoY0i7GBv6N_AAOoEEAmAAA=,
U067,Undo plan,2026-09-08 21:09,2026-09-09T02:09:51Z,Accounts Payable,AP dry run 10 — quality V1.1 (API finish),,Sent Items,Sent Items,Sent Items,yes,OK_TO_MOVE,time+subject+sender,1,AP dry run 10 — quality V1.1 (API finish),/O=EXCHANGELABS/OU=EXCHANGE ADMINISTRATIVE GROUP (FYDIBOHF23SPDLT)/CN=RECIPIENTS/CN=6C664092DD9641A8A6052155F526A3C9-ACCOUNTS PA,Inbox,AI Needs Review,AI Needs Review,2026-10-06T13:26:27Z,,<SA0PR15MB38053A1199029A986056A8BCA2B02@SA0PR15MB3805.namprd15.prod.outlook.com>,AAMkAGQyODM5ZWI1LTQ0NDAtNDZiOS1hYTIzLTdjOGM3NDRlNjQ4MgBGAAAAAAAggjN_BHG4TI2Iz-JKRqfaBwDXcyWbp23lSoY0i7GBv6N_AAAAAAEMAADXcyWbp23lSoY0i7GBv6N_AAOoEECQAAA=,
U068,Undo plan,2026-09-08 22:52,2026-09-09T03:52:11Z,"BlueTriton Brands, Inc",,,Inbox,Inbox,Inbox,no,CATEGORY_ONLY,time+sender,1,Your attached invoice is ready,yourinvoice@billing2.primobrands.com,Inbox,AI Needs Review,AI Needs Review,2026-10-06T13:25:15Z,,<30801973.20260909035145.6aa0d7d1220809.80287995@mail137-26.atl71.mandrillapp.com>,AAMkAGQyODM5ZWI1LTQ0NDAtNDZiOS1hYTIzLTdjOGM3NDRlNjQ4MgBGAAAAAAAggjN_BHG4TI2Iz-JKRqfaBwDXcyWbp23lSoY0i7GBv6N_AAAAAAEMAADXcyWbp23lSoY0i7GBv6N_AAOoEEAnAAA=,
U069,Undo plan,2026-09-09 10:25,2026-09-09T15:25:09Z,Accounts Payable,,,Inbox,Inbox,Inbox,no,CATEGORY_ONLY,time+sender,1,RE: Ryerson | Payment Due,accountspayable@kannonmfg.com,Inbox,AI Needs Review,AI Needs Review,2026-10-06T13:25:00Z,,<SA1PR15MB4952EA93280DB75285224BC8CEB02@SA1PR15MB4952.namprd15.prod.outlook.com>,AAMkAGQyODM5ZWI1LTQ0NDAtNDZiOS1hYTIzLTdjOGM3NDRlNjQ4MgBGAAAAAAAggjN_BHG4TI2Iz-JKRqfaBwDXcyWbp23lSoY0i7GBv6N_AAAAAAEMAADXcyWbp23lSoY0i7GBv6N_AAOoEEAoAAA=,
U070,Undo plan,2026-09-09 11:04,2026-09-09T16:04:45Z,Lia Byroads,,,Inbox,Inbox,Inbox,no,CATEGORY_ONLY,time+sender,1,Curbell Plastics Inquiry - Acct #271319 Kannon Manufacturing Inc,lbyroads@Curbell.com,Inbox,AI Needs Review,AI Needs Review,2026-10-06T13:25:00Z,,<19587d2391e6464c9bd405d822aa2de5@Curbell.com>,AAMkAGQyODM5ZWI1LTQ0NDAtNDZiOS1hYTIzLTdjOGM3NDRlNjQ4MgBGAAAAAAAggjN_BHG4TI2Iz-JKRqfaBwDXcyWbp23lSoY0i7GBv6N_AAAAAAEMAADXcyWbp23lSoY0i7GBv6N_AAOoEEApAAA=,
U071,Undo plan,2026-09-09 11:26,2026-09-09T16:26:03Z,"Stella Source, Inc.",,,Inbox,Inbox,Inbox,no,CATEGORY_ONLY,time+sender+sender-in-subject,1,"Stella Source, Inc. has sent you an invoice",noreply@payonline.tech,Inbox,AI Needs Review,AI Needs Review,2026-10-06T13:25:01Z,,<MIbLZTCKTXGtCN2GosOf1Q@geopod-ismtpd-48>,AAMkAGQyODM5ZWI1LTQ0NDAtNDZiOS1hYTIzLTdjOGM3NDRlNjQ4MgBGAAAAAAAggjN_BHG4TI2Iz-JKRqfaBwDXcyWbp23lSoY0i7GBv6N_AAAAAAEMAADXcyWbp23lSoY0i7GBv6N_AAOoEEAqAAA=,
U072,Undo plan,2026-09-09 11:26,2026-09-09T16:26:07Z,"Stella Source, Inc.",,,Inbox,Inbox,Inbox,no,CATEGORY_ONLY,time+sender+sender-in-subject,1,"Stella Source, Inc. has sent you an invoice",noreply@payonline.tech,Inbox,AI Needs Review,AI Needs Review,2026-10-06T13:25:02Z,,<zeAXxo3XSxCksc0aGEtbnQ@geopod-ismtpd-12>,AAMkAGQyODM5ZWI1LTQ0NDAtNDZiOS1hYTIzLTdjOGM3NDRlNjQ4MgBGAAAAAAAggjN_BHG4TI2Iz-JKRqfaBwDXcyWbp23lSoY0i7GBv6N_AAAAAAEMAADXcyWbp23lSoY0i7GBv6N_AAOoEEArAAA=,
U073,Undo plan,2026-09-09 11:26,2026-09-09T16:26:10Z,"Stella Source, Inc.",,,Inbox,Inbox,Inbox,no,CATEGORY_ONLY,time+sender+sender-in-subject,1,"Stella Source, Inc. has sent you an invoice",noreply@payonline.tech,Inbox,AI Needs Review,AI Needs Review,2026-10-06T13:25:03Z,,<Dle_ZvdERsmBwLIICjamKQ@geopod-ismtpd-15>,AAMkAGQyODM5ZWI1LTQ0NDAtNDZiOS1hYTIzLTdjOGM3NDRlNjQ4MgBGAAAAAAAggjN_BHG4TI2Iz-JKRqfaBwDXcyWbp23lSoY0i7GBv6N_AAAAAAEMAADXcyWbp23lSoY0i7GBv6N_AAOoEEAsAAA=,
U074,Undo plan,2026-09-09 11:49,2026-09-09T16:49:30Z,Precision Fabrication Services,,,Inbox,Inbox,Inbox,no,CONFLICT,time,1,"19466, 19467, 19468",mchannell@precisionfabsvs.com,Inbox,AI Needs Review,AI Needs Review,2026-10-06T13:25:19Z,,<DS0PR17MB79015675C48B5AA8233CAF53B2B02@DS0PR17MB7901.namprd17.prod.outlook.com>,AAMkAGQyODM5ZWI1LTQ0NDAtNDZiOS1hYTIzLTdjOGM3NDRlNjQ4MgBGAAAAAAAggjN_BHG4TI2Iz-JKRqfaBwDXcyWbp23lSoY0i7GBv6N_AAAAAAEMAADXcyWbp23lSoY0i7GBv6N_AAOoEEAtAAA=,unique timestamp match but sender/subject/invoice not corroborated
U075,Undo plan,2026-09-09 11:52,2026-09-09T16:52:44Z,Accounts Payable,,25641,Inbox,Inbox,Inbox,no,CATEGORY_ONLY,time+sender+invoice-in-subject,1,RE: Invoice 25641 - KANNON MANUFACTURING - AMTECH - DUE UPON RECEIPT-PAST DUE,accountspayable@kannonmfg.com,Inbox,AI Needs Review,AI Needs Review,2026-10-06T13:25:04Z,,<SA1PR15MB495229164C0DFF1220540866CEB02@SA1PR15MB4952.namprd15.prod.outlook.com>,AAMkAGQyODM5ZWI1LTQ0NDAtNDZiOS1hYTIzLTdjOGM3NDRlNjQ4MgBGAAAAAAAggjN_BHG4TI2Iz-JKRqfaBwDXcyWbp23lSoY0i7GBv6N_AAAAAAEMAADXcyWbp23lSoY0i7GBv6N_AAOoEEAuAAA=,
U076,Undo plan,2026-09-09 12:01,2026-09-09T17:01:05Z,Kyle Cleaver,,25641,Inbox,Inbox,Inbox,no,CATEGORY_ONLY,time+sender+invoice-in-subject,1,Re: Invoice 25641 - KANNON MANUFACTURING - AMTECH - DUE UPON RECEIPT-PAST DUE,[redacted],Inbox,AI Needs Review,AI Needs Review,2026-10-06T13:25:05Z,,<DSWPR15MB70885E826D6529D45A30BAA48DB02@DSWPR15MB7088.namprd15.prod.outlook.com>,AAMkAGQyODM5ZWI1LTQ0NDAtNDZiOS1hYTIzLTdjOGM3NDRlNjQ4MgBGAAAAAAAggjN_BHG4TI2Iz-JKRqfaBwDXcyWbp23lSoY0i7GBv6N_AAAAAAEMAADXcyWbp23lSoY0i7GBv6N_AAOoEEAvAAA=,
U077,Undo plan,2026-09-09 12:24,2026-09-09T17:24:01Z,Treyce Wegmann,RE: Curbell Plastics Inquiry - Acct #271319 Kannon Manufacturing Inc,,Inbox,Inbox,Inbox,no,CATEGORY_ONLY,time+subject+sender,1,RE: Curbell Plastics Inquiry - Acct #271319 Kannon Manufacturing Inc,[redacted],Inbox,AI Needs Review,AI Needs Review,2026-10-06T13:26:12Z,,<SA1PR15MB4952568B915ED0BB4F9C86C1CEB02@SA1PR15MB4952.namprd15.prod.outlook.com>,AAMkAGQyODM5ZWI1LTQ0NDAtNDZiOS1hYTIzLTdjOGM3NDRlNjQ4MgBGAAAAAAAggjN_BHG4TI2Iz-JKRqfaBwDXcyWbp23lSoY0i7GBv6N_AAAAAAEMAADXcyWbp23lSoY0i7GBv6N_AAOoEECRAAA=,
U078,Undo plan,2026-09-09 12:59,2026-09-09T17:59:38Z,Accounts Payable,,,Sent Items,Sent Items,Sent Items,yes,OK_TO_MOVE,time+sender,1,AP dry run 10 — from 2026-08-16,/O=EXCHANGELABS/OU=EXCHANGE ADMINISTRATIVE GROUP (FYDIBOHF23SPDLT)/CN=RECIPIENTS/CN=6C664092DD9641A8A6052155F526A3C9-ACCOUNTS PA,Inbox,AI Needs Review,AI Needs Review,2026-10-06T13:25:21Z,,<SA0PR15MB380584521E5497BE8160168EA2B02@SA0PR15MB3805.namprd15.prod.outlook.com>,AAMkAGQyODM5ZWI1LTQ0NDAtNDZiOS1hYTIzLTdjOGM3NDRlNjQ4MgBGAAAAAAAggjN_BHG4TI2Iz-JKRqfaBwDXcyWbp23lSoY0i7GBv6N_AAAAAAEMAADXcyWbp23lSoY0i7GBv6N_AAOoEEAwAAA=,
U079,Undo plan,2026-09-09 13:09,2026-09-09T18:09:53Z,Safety-Kleen,Claim your $225 fall discount on transmission fluids today!,,Inbox,Inbox,Inbox,no,CATEGORY_ONLY,time+subject+sender,1,Claim your $225 fall discount on transmission fluids today!,info@email.safety-kleen.com,Inbox,AI Needs Review,AI Needs Review,2026-10-06T13:26:12Z,,<52FG.RXKM.737338DB3F931ECE9W0O8LD00256F280087AC2.9f45ca63-6848-4ccd-ad02-ea058e6b4051@email.safety-kleen.com>,AAMkAGQyODM5ZWI1LTQ0NDAtNDZiOS1hYTIzLTdjOGM3NDRlNjQ4MgBGAAAAAAAggjN_BHG4TI2Iz-JKRqfaBwDXcyWbp23lSoY0i7GBv6N_AAAAAAEMAADXcyWbp23lSoY0i7GBv6N_AAOoEECSAAA=,
U080,Undo plan,2026-09-09 15:01,2026-09-09T20:01:59Z,O'Neal Steel,O'Neal Steel Market Informer September 2026,,Inbox,Inbox,Inbox,no,CATEGORY_ONLY,time+subject+sender+sender-in-subject,1,O'Neal Steel Market Informer September 2026,onealsteelmarketing@onealsteel.com,Inbox,AI Needs Review,AI Needs Review,2026-10-06T13:26:13Z,,<1245086611.376805746.1788984113016@NEW-4-4-25-MTA0102.messagegears.net>,AAMkAGQyODM5ZWI1LTQ0NDAtNDZiOS1hYTIzLTdjOGM3NDRlNjQ4MgBGAAAAAAAggjN_BHG4TI2Iz-JKRqfaBwDXcyWbp23lSoY0i7GBv6N_AAAAAAEMAADXcyWbp23lSoY0i7GBv6N_AAOoEECTAAA=,
U081,Undo plan,2026-09-09 15:10,2026-09-09T20:10:37Z,Accounts Payable,,,Sent Items,Sent Items,Sent Items,yes,OK_TO_MOVE,time+sender,1,AP dry run 10 — from 2026-08-18,/O=EXCHANGELABS/OU=EXCHANGE ADMINISTRATIVE GROUP (FYDIBOHF23SPDLT)/CN=RECIPIENTS/CN=6C664092DD9641A8A6052155F526A3C9-ACCOUNTS PA,Inbox,AI Needs Review,AI Needs Review,2026-10-06T13:25:22Z,,<SA0PR15MB38059BBA2F22E83F90B972DEA2B02@SA0PR15MB3805.namprd15.prod.outlook.com>,AAMkAGQyODM5ZWI1LTQ0NDAtNDZiOS1hYTIzLTdjOGM3NDRlNjQ4MgBGAAAAAAAggjN_BHG4TI2Iz-JKRqfaBwDXcyWbp23lSoY0i7GBv6N_AAAAAAEMAADXcyWbp23lSoY0i7GBv6N_AAOoEEAxAAA=,
U082,Undo plan,2026-09-10 06:33,2026-09-10T11:33:19Z,Chris Vieux,,,Inbox,Inbox,Inbox,no,CATEGORY_ONLY,time+sender,1,RE: Your Invoice from Service Experts,chris.vieux@kannonmfg.com,Inbox,AI Needs Review,AI Needs Review,2026-10-06T13:25:07Z,,<SJ0PR15MB4646B95F9CD008AA820DDE3AE8BF2@SJ0PR15MB4646.namprd15.prod.outlook.com>,AAMkAGQyODM5ZWI1LTQ0NDAtNDZiOS1hYTIzLTdjOGM3NDRlNjQ4MgBGAAAAAAAggjN_BHG4TI2Iz-JKRqfaBwDXcyWbp23lSoY0i7GBv6N_AAAAAAEMAADXcyWbp23lSoY0i7GBv6N_AAOoEEAyAAA=,
U083,Undo plan,2026-09-10 08:46,2026-09-10T13:46:02Z,"Manginelli, Mason",,,Inbox,Inbox,Inbox,no,CATEGORY_ONLY,time+sender,1,Re: [EXTERNAL] RE: Your Invoice from Service Experts,mason.manginelli@serviceexperts.com,Inbox,AI Needs Review,AI Needs Review,2026-10-06T13:25:08Z,,<PH7PR18MB510363E1D7EDBBD0FFEF997DEBBF2@PH7PR18MB5103.namprd18.prod.outlook.com>,AAMkAGQyODM5ZWI1LTQ0NDAtNDZiOS1hYTIzLTdjOGM3NDRlNjQ4MgBGAAAAAAAggjN_BHG4TI2Iz-JKRqfaBwDXcyWbp23lSoY0i7GBv6N_AAAAAAEMAADXcyWbp23lSoY0i7GBv6N_AAOoEEAzAAA=,
U084,Undo plan,2026-09-10 10:01,2026-09-10T15:01:23Z,"A-1 Image, Inc.",HEADS UP!,,Inbox,Inbox,Inbox,no,CATEGORY_ONLY,time+subject+sender,1,HEADS UP!,office@a1image.ccsend.com,Inbox,AI Needs Review,AI Needs Review,2026-10-06T13:26:14Z,,<1142342794155.1127314444814.1044157757.0.161100JL.2002@synd.ccsend.com>,AAMkAGQyODM5ZWI1LTQ0NDAtNDZiOS1hYTIzLTdjOGM3NDRlNjQ4MgBGAAAAAAAggjN_BHG4TI2Iz-JKRqfaBwDXcyWbp23lSoY0i7GBv6N_AAAAAAEMAADXcyWbp23lSoY0i7GBv6N_AAOoEECUAAA=,
U085,Undo plan,2026-09-10 10:07,2026-09-10T15:07:10Z,Amazon Business,Try Business Prime today,,Inbox,Inbox,Inbox,no,CATEGORY_ONLY,time+subject+sender+sender-in-subject,1,Try Business Prime today,no-reply@business.amazon.com,Inbox,AI Needs Review,AI Needs Review,2026-10-06T13:26:14Z,,<010001a08bdb9723-40d3bf16-1617-4a11-8529-bec4e0b23173-000000@email.amazonses.com>,AAMkAGQyODM5ZWI1LTQ0NDAtNDZiOS1hYTIzLTdjOGM3NDRlNjQ4MgBGAAAAAAAggjN_BHG4TI2Iz-JKRqfaBwDXcyWbp23lSoY0i7GBv6N_AAAAAAEMAADXcyWbp23lSoY0i7GBv6N_AAOoEECVAAA=,
U086,Undo plan,2026-09-10 11:41,2026-09-10T16:41:48Z,Chris Vieux,,,Inbox,Inbox,Inbox,no,CATEGORY_ONLY,time+sender,1,RE: [EXTERNAL] RE: Your Invoice from Service Experts,chris.vieux@kannonmfg.com,Inbox,AI Needs Review,AI Needs Review,2026-10-06T13:34:34Z,,<SJ0PR15MB4646B495C08B0681B03FD447E8BF2@SJ0PR15MB4646.namprd15.prod.outlook.com>,AAMkAGQyODM5ZWI1LTQ0NDAtNDZiOS1hYTIzLTdjOGM3NDRlNjQ4MgBGAAAAAAAggjN_BHG4TI2Iz-JKRqfaBwDXcyWbp23lSoY0i7GBv6N_AAAAAAEMAADXcyWbp23lSoY0i7GBv6N_AAOoEEDeAAA=,2 plan rows share received time 2026-09-10T16:41:48Z
U087,Undo plan,2026-09-10 11:41,2026-09-10T16:41:48Z,KANNON MFG INV 120778,,120778,Inbox,Inbox,Inbox,no,CATEGORY_ONLY,time+sender-in-subject+invoice-in-subject,1,KANNON MFG INV 120778,VenusAccounting@ktgalvanizing.com,Inbox,AI Needs Review,AI Needs Review,2026-10-06T13:34:50Z,,<LV8PR18MB6100E5D59ACEA89B64D4515BB0BF2@LV8PR18MB6100.namprd18.prod.outlook.com>,AAMkAGQyODM5ZWI1LTQ0NDAtNDZiOS1hYTIzLTdjOGM3NDRlNjQ4MgBGAAAAAAAggjN_BHG4TI2Iz-JKRqfaBwDXcyWbp23lSoY0i7GBv6N_AAAAAAEMAADXcyWbp23lSoY0i7GBv6N_AAOoEEDfAAA=,2 plan rows share received time 2026-09-10T16:41:48Z
U088,Undo plan,2026-09-10 12:08,2026-09-10T17:08:24Z,LaVanture Products Company,LaVanture Open House 2026,,Inbox,Inbox,Inbox,no,CATEGORY_ONLY,time+subject+sender+sender-in-subject,1,LaVanture Open House 2026,richard@lavanture.ccsend.com,Inbox,AI Needs Review,AI Needs Review,2026-10-06T13:26:15Z,,<1142338721369.1108538024187.1627969564.0.251307JL.2002@synd.ccsend.com>,AAMkAGQyODM5ZWI1LTQ0NDAtNDZiOS1hYTIzLTdjOGM3NDRlNjQ4MgBGAAAAAAAggjN_BHG4TI2Iz-JKRqfaBwDXcyWbp23lSoY0i7GBv6N_AAAAAAEMAADXcyWbp23lSoY0i7GBv6N_AAOoEECWAAA=,
U089,Undo plan,2026-09-10 12:10,2026-09-10T17:10:27Z,"Alternative Machinery Sales, Inc",NOW AVAILABLE: 2006 AMADA FO3015NT (4KW),,Inbox,Inbox,Inbox,no,CATEGORY_ONLY,time+subject+sender,1,NOW AVAILABLE: 2006 AMADA FO3015NT (4KW),crdingley@altparts.com,Inbox,AI Needs Review,AI Needs Review,2026-10-06T13:26:16Z,,<1142345259471.1105302425625.1311719236.0.201309JL.2002@synd.ccsend.com>,AAMkAGQyODM5ZWI1LTQ0NDAtNDZiOS1hYTIzLTdjOGM3NDRlNjQ4MgBGAAAAAAAggjN_BHG4TI2Iz-JKRqfaBwDXcyWbp23lSoY0i7GBv6N_AAAAAAEMAADXcyWbp23lSoY0i7GBv6N_AAOoEECXAAA=,
U090,Undo plan,2026-09-10 12:50,2026-09-10T17:50:11Z,Syspro,"Traild AP for Syspro: less than two weeks to go, 22 September",,Inbox,Inbox,Inbox,no,CATEGORY_ONLY,time+subject+sender+sender-in-subject,1,"Traild AP for Syspro: less than two weeks to go, 22 September",info@syspro.com,Inbox,AI Needs Review,AI Needs Review,2026-10-06T13:26:16Z,,<1789062600808.6cb6a3e8-01e7-4e13-ae7f-00ac38886778@bf07x.hubspotemail.net>,AAMkAGQyODM5ZWI1LTQ0NDAtNDZiOS1hYTIzLTdjOGM3NDRlNjQ4MgBGAAAAAAAggjN_BHG4TI2Iz-JKRqfaBwDXcyWbp23lSoY0i7GBv6N_AAAAAAEMAADXcyWbp23lSoY0i7GBv6N_AAOoEECYAAA=,
U091,Undo plan,2026-09-10 13:14,2026-09-10T18:14:00Z,Shawn McKibben,,,Inbox,Inbox,Inbox,no,CATEGORY_ONLY,time+sender,1,Fw: Check 184833,Shawn.McKibben@kannonmfg.com,Inbox,AI Needs Review,AI Needs Review,2026-10-06T13:25:09Z,,<PH0PR15MB70736D0E08E8EF168BBBC85B98BF2@PH0PR15MB7073.namprd15.prod.outlook.com>,AAMkAGQyODM5ZWI1LTQ0NDAtNDZiOS1hYTIzLTdjOGM3NDRlNjQ4MgBGAAAAAAAggjN_BHG4TI2Iz-JKRqfaBwDXcyWbp23lSoY0i7GBv6N_AAAAAAEMAADXcyWbp23lSoY0i7GBv6N_AAOoEEA0AAA=,
U092,Undo plan,2026-09-10 13:26,2026-09-10T18:26:08Z,3P,,76945,9 - FORT WORTH ARCHIVE,Inbox/9 - FORT WORTH ARCHIVE,9 - FORT WORTH ARCHIVE,yes,OK_TO_MOVE,time+invoice-in-subject,1,"INV # 76945, 76946, 76943, 76944, 76942, 76947, 76940, 76941 / PO # 58952, 58925, 58972, 59031, 59002, 59031, 59002 ",Rachel@3pindustries.com,Inbox,AI Needs Review,AI Needs Review,2026-10-06T13:25:25Z,,<SA0PR19MB4253B88D0C49E92AA55DA370FBBF2@SA0PR19MB4253.namprd19.prod.outlook.com>,AAMkAGQyODM5ZWI1LTQ0NDAtNDZiOS1hYTIzLTdjOGM3NDRlNjQ4MgBGAAAAAAAggjN_BHG4TI2Iz-JKRqfaBwDXcyWbp23lSoY0i7GBv6N_AAAAAAEMAADXcyWbp23lSoY0i7GBv6N_AAOoEEA1AAA=,
U093,Undo plan,2026-09-10 13:52,2026-09-10T18:52:30Z,Resell CNC,Now Available - Okuma Multus-B300-W Twin-Spindle Turn-Mill,,Inbox,Inbox,Inbox,no,CATEGORY_ONLY,time+subject+sender,1,Now Available - Okuma Multus-B300-W Twin-Spindle Turn-Mill,sales@resellcnc.com,Inbox,AI Needs Review,AI Needs Review,2026-10-06T13:26:17Z,,<5989de26-6590-4030-91ec-86e62e9c0739@atl1s07mta1284.xt.local>,AAMkAGQyODM5ZWI1LTQ0NDAtNDZiOS1hYTIzLTdjOGM3NDRlNjQ4MgBGAAAAAAAggjN_BHG4TI2Iz-JKRqfaBwDXcyWbp23lSoY0i7GBv6N_AAAAAAEMAADXcyWbp23lSoY0i7GBv6N_AAOoEECZAAA=,
U094,Undo plan,2026-09-10 14:07,2026-09-10T19:07:53Z,Fw: ORDER PENDING PAYMENT STATUS,,,Inbox,Inbox,Inbox,no,CATEGORY_ONLY,time+sender-in-subject,1,Fw: ORDER PENDING PAYMENT STATUS - PLEASE ADVISE BUYER - 14748440,Shawn.McKibben@kannonmfg.com,Inbox,AI Needs Review,AI Needs Review,2026-10-06T13:25:26Z,,<PH0PR15MB7073D49695AD0E7E5CC5C4C798BF2@PH0PR15MB7073.namprd15.prod.outlook.com>,AAMkAGQyODM5ZWI1LTQ0NDAtNDZiOS1hYTIzLTdjOGM3NDRlNjQ4MgBGAAAAAAAggjN_BHG4TI2Iz-JKRqfaBwDXcyWbp23lSoY0i7GBv6N_AAAAAAEMAADXcyWbp23lSoY0i7GBv6N_AAOoEEA2AAA=,
U095,Undo plan,2026-09-10 14:38,2026-09-10T19:38:36Z,"Luxor Staffing, Inc.",,,Inbox,Inbox,Inbox,no,CATEGORY_ONLY,time+sender-in-subject,1,"Luxor Staffing Invoice-Kannon Manufacturing, Inc",JTorres@LuxorStaffing.com,Inbox,AI Needs Review,AI Needs Review,2026-10-06T13:25:27Z,,<DS0PR14MB6903115BA09B10684668D07CA8BF2@DS0PR14MB6903.namprd14.prod.outlook.com>,AAMkAGQyODM5ZWI1LTQ0NDAtNDZiOS1hYTIzLTdjOGM3NDRlNjQ4MgBGAAAAAAAggjN_BHG4TI2Iz-JKRqfaBwDXcyWbp23lSoY0i7GBv6N_AAAAAAEMAADXcyWbp23lSoY0i7GBv6N_AAOoEEA3AAA=,
U096,Undo plan,2026-09-11 08:29,2026-09-11T13:29:09Z,Shawn McKibben,Fw: ORDER PENDING PAYMENT STATUS,,Inbox,Inbox,Inbox,no,CATEGORY_ONLY,time+subject+sender,1,Fw: ORDER PENDING PAYMENT STATUS,Shawn.McKibben@kannonmfg.com,Inbox,AI Needs Review,AI Needs Review,2026-10-06T13:26:18Z,,<PH0PR15MB7073BC38ABD0A5623788F8CA98BE2@PH0PR15MB7073.namprd15.prod.outlook.com>,AAMkAGQyODM5ZWI1LTQ0NDAtNDZiOS1hYTIzLTdjOGM3NDRlNjQ4MgBGAAAAAAAggjN_BHG4TI2Iz-JKRqfaBwDXcyWbp23lSoY0i7GBv6N_AAAAAAEMAADXcyWbp23lSoY0i7GBv6N_AAOoEECaAAA=,
U097,Undo plan,2026-09-11 08:53,2026-09-11T13:53:58Z,Exotic Metals,,,Inbox,Inbox,Inbox,no,CATEGORY_ONLY,time+sender-in-subject,1,Exotic Metals & Alloys | Invoice Submission |Thank You for Your Business,Theresa.Thornton@exalloys.com,Inbox,AI Needs Review,AI Needs Review,2026-10-06T13:25:27Z,,<LV8P220MB12833EAF0EBADDC8419CB1BBE4BE2@LV8P220MB1283.NAMP220.PROD.OUTLOOK.COM>,AAMkAGQyODM5ZWI1LTQ0NDAtNDZiOS1hYTIzLTdjOGM3NDRlNjQ4MgBGAAAAAAAggjN_BHG4TI2Iz-JKRqfaBwDXcyWbp23lSoY0i7GBv6N_AAAAAAEMAADXcyWbp23lSoY0i7GBv6N_AAOoEEA4AAA=,
U098,Undo plan,2026-09-11 09:04,2026-09-11T14:04:11Z,"Stella Source, Inc.",,,Inbox,Inbox,Inbox,no,CATEGORY_ONLY,time+sender,1,Payment Confirmation for Invoice Number: INV-0001509,noreply@payonline.tech,Inbox,AI Needs Review,AI Needs Review,2026-10-06T13:25:12Z,,<a2myPMZPTQOUfyiYVQd19w@geopod-ismtpd-78>,AAMkAGQyODM5ZWI1LTQ0NDAtNDZiOS1hYTIzLTdjOGM3NDRlNjQ4MgBGAAAAAAAggjN_BHG4TI2Iz-JKRqfaBwDXcyWbp23lSoY0i7GBv6N_AAAAAAEMAADXcyWbp23lSoY0i7GBv6N_AAOoEEA5AAA=,
U099,Undo plan,2026-09-11 09:17,2026-09-11T14:17:23Z,"Stella Source, Inc.",,,Inbox,Inbox,Inbox,no,CATEGORY_ONLY,time+sender,1,Payment Confirmation for Invoice Number: INV-0001508,noreply@payonline.tech,Inbox,AI Needs Review,AI Needs Review,2026-10-06T13:25:13Z,,<dZprssuxQ0ajsm3DdZ0KLA@geopod-ismtpd-108>,AAMkAGQyODM5ZWI1LTQ0NDAtNDZiOS1hYTIzLTdjOGM3NDRlNjQ4MgBGAAAAAAAggjN_BHG4TI2Iz-JKRqfaBwDXcyWbp23lSoY0i7GBv6N_AAAAAAEMAADXcyWbp23lSoY0i7GBv6N_AAOoEEA6AAA=,
U100,Undo plan,2026-09-11 11:04,2026-09-11T16:04:00Z,MSC Industrial Supply,,78129701,Inbox,Inbox,Inbox,no,CATEGORY_ONLY,time+sender-in-subject+invoice-in-subject,1,"MSC Invoice 78129701, SOUTHFIELD MI  48033-4432, Your PO# VENDING/1571     (DXED#2026254114949717FE29)",donotreply@invoices.mscdirect.com,Inbox,AI Needs Review,AI Needs Review,2026-10-06T13:25:30Z,,<CFB8EDC5640DB156E9A3575EEE4C5DFE77219168@dxprod07_1.datamatx.local>,AAMkAGQyODM5ZWI1LTQ0NDAtNDZiOS1hYTIzLTdjOGM3NDRlNjQ4MgBGAAAAAAAggjN_BHG4TI2Iz-JKRqfaBwDXcyWbp23lSoY0i7GBv6N_AAAAAAEMAADXcyWbp23lSoY0i7GBv6N_AAOoEEA7AAA=,
U101,Undo plan,2026-09-11 14:12,2026-09-11T19:12:10Z,"Capital Machine Technologies, Inc",,PS-INV103344,Inbox,Inbox,Inbox,no,CATEGORY_ONLY,time+sender-in-subject+invoice-in-subject,1,Capital Machine - Sales Invoice PS-INV103344 - KANNON MANUFACTURING - AMTECH,ar@capitalmachine.com,Inbox,AI Needs Review,AI Needs Review,2026-10-06T13:25:31Z,,<SA2PR08MB682811E955253DEE2132092FCEBE2@SA2PR08MB6828.namprd08.prod.outlook.com>,AAMkAGQyODM5ZWI1LTQ0NDAtNDZiOS1hYTIzLTdjOGM3NDRlNjQ4MgBGAAAAAAAggjN_BHG4TI2Iz-JKRqfaBwDXcyWbp23lSoY0i7GBv6N_AAAAAAEMAADXcyWbp23lSoY0i7GBv6N_AAOoEEA8AAA=,
U102,Undo plan,2026-09-11 15:50,2026-09-11T20:50:10Z,Xcaliber Industrial LLC,Invoice WB4337861607 from Xcaliber Industrial LLC,WB4337861607,Inbox,Inbox,Inbox,no,CATEGORY_ONLY,time+subject+sender+sender-in-subject+invoice-in-subject,1,Invoice WB4337861607 from Xcaliber Industrial LLC,quickbooks@notification.intuit.com,Inbox,AI Needs Review,AI Needs Review,2026-10-06T13:27:03Z,,<w-GRQRPhQ9y1l-HvKYbesQ@geopod-ismtpd-11>,AAMkAGQyODM5ZWI1LTQ0NDAtNDZiOS1hYTIzLTdjOGM3NDRlNjQ4MgBGAAAAAAAggjN_BHG4TI2Iz-JKRqfaBwDXcyWbp23lSoY0i7GBv6N_AAAAAAEMAADXcyWbp23lSoY0i7GBv6N_AAOXNiueAAA=,
U103,Undo plan,2026-09-11 15:59,2026-09-11T20:59:31Z,Xcaliber Industrial LLC,,WB4337861620,Inbox,Inbox,Inbox,no,CATEGORY_ONLY,time+sender+sender-in-subject+invoice-in-subject,1,Invoice WB4337861620 from Xcaliber Industrial LLC,quickbooks@notification.intuit.com,Inbox,AI Needs Review,AI Needs Review,2026-10-06T13:25:31Z,,<NkmrhlHYRtyw6EocU3Vaiw@geopod-ismtpd-23>,AAMkAGQyODM5ZWI1LTQ0NDAtNDZiOS1hYTIzLTdjOGM3NDRlNjQ4MgBGAAAAAAAggjN_BHG4TI2Iz-JKRqfaBwDXcyWbp23lSoY0i7GBv6N_AAAAAAEMAADXcyWbp23lSoY0i7GBv6N_AAOoEEA9AAA=,
U104,Undo plan,2026-09-12 07:06,2026-09-12T12:06:58Z,ARNotifications@versalift.com,,,Inbox,Inbox,Inbox,no,CATEGORY_ONLY,time+sender,1,"C06512 KANNON MANUFACTURING INC: Invoice(s) Coming Due - $2,600.00 due          Ref:0003090294",ARNotifications@versalift.com,Inbox,AI Needs Review,AI Needs Review,2026-10-06T13:25:16Z,,<C9F5056F3EA18A6BCA02C99389CAB3A72EE610AA@RD201642CCBE40>,AAMkAGQyODM5ZWI1LTQ0NDAtNDZiOS1hYTIzLTdjOGM3NDRlNjQ4MgBGAAAAAAAggjN_BHG4TI2Iz-JKRqfaBwDXcyWbp23lSoY0i7GBv6N_AAAAAAEMAADXcyWbp23lSoY0i7GBv6N_AAOoEEA_AAA=,
U105,Undo plan,2026-09-12 11:32,2026-09-12T16:32:44Z,Primo Brands Customer Experience,Please share your feedback about your delivery - 2 Minutes!,,Inbox,Inbox,Inbox,no,CATEGORY_ONLY,time+subject+sender,1,Please share your feedback about your delivery - 2 Minutes!,primobrands@express.medallia.com,Inbox,AI Needs Review,AI Needs Review,2026-10-06T13:26:19Z,,<mtylsq8w.zag5v5oj0kxt@express.sea1.medallia.com>,AAMkAGQyODM5ZWI1LTQ0NDAtNDZiOS1hYTIzLTdjOGM3NDRlNjQ4MgBGAAAAAAAggjN_BHG4TI2Iz-JKRqfaBwDXcyWbp23lSoY0i7GBv6N_AAAAAAEMAADXcyWbp23lSoY0i7GBv6N_AAOoEECbAAA=,
U106,Undo plan,2026-09-12 12:20,2026-09-12T17:20:37Z,"Farley Rd. Amtech Manufacturingkannon Menufacturing, Inc",,1557568,Inbox,Inbox,Inbox,no,CONFLICT,time,1,Invoice 93669897 for Packing List 2154079,AR@venturisupply.com,Inbox,AI Needs Review,AI Needs Review,2026-10-06T13:25:33Z,,<Q11177QJAUU4.4RRU4TMS3M7G2@VTI-AZ-APP-01>,AAMkAGQyODM5ZWI1LTQ0NDAtNDZiOS1hYTIzLTdjOGM3NDRlNjQ4MgBGAAAAAAAggjN_BHG4TI2Iz-JKRqfaBwDXcyWbp23lSoY0i7GBv6N_AAAAAAEMAADXcyWbp23lSoY0i7GBv6N_AAOoEEA-AAA=,unique timestamp match but sender/subject/invoice not corroborated
U107,Undo plan,2026-09-14 08:28,2026-09-14T13:28:10Z,Accounts Payable,,,Sent Items,Sent Items,Sent Items,yes,OK_TO_MOVE,time+sender,1,AP dry run 10 — 2026-09-14 afternoon,/O=EXCHANGELABS/OU=EXCHANGE ADMINISTRATIVE GROUP (FYDIBOHF23SPDLT)/CN=RECIPIENTS/CN=6C664092DD9641A8A6052155F526A3C9-ACCOUNTS PA,Inbox,AI Needs Review,AI Needs Review,2026-10-06T13:25:34Z,,<SA0PR15MB3805F078E1A60523656B7B37A2BB2@SA0PR15MB3805.namprd15.prod.outlook.com>,AAMkAGQyODM5ZWI1LTQ0NDAtNDZiOS1hYTIzLTdjOGM3NDRlNjQ4MgBGAAAAAAAggjN_BHG4TI2Iz-JKRqfaBwDXcyWbp23lSoY0i7GBv6N_AAAAAAEMAADXcyWbp23lSoY0i7GBv6N_AAOoEEBAAAA=,
U108,Undo plan,2026-09-14 08:42,2026-09-14T13:42:55Z,South,,43315835,Inbox,Inbox,Inbox,no,CATEGORY_ONLY,time+sender,1,Original Invoice(s) For: KANNON MFG INC-FT WORTH Account#: 32279,southcredit@amcastle.com,Inbox,AI Needs Review,AI Needs Review,2026-10-06T13:25:35Z,,<a6d6c8c0-21f0-47a4-a4c0-9c514ceaf6b4@SA2PEPF00003F65.namprd04.prod.outlook.com>,AAMkAGQyODM5ZWI1LTQ0NDAtNDZiOS1hYTIzLTdjOGM3NDRlNjQ4MgBGAAAAAAAggjN_BHG4TI2Iz-JKRqfaBwDXcyWbp23lSoY0i7GBv6N_AAAAAAEMAADXcyWbp23lSoY0i7GBv6N_AAOoEEBBAAA=,
U109,Undo plan,2026-09-14 09:20,2026-09-14T14:20:20Z,Katie Steffenhagen,,,Inbox,Inbox,Inbox,no,CATEGORY_ONLY,time+sender,1,Curbell Plastics- Acct 271319	Kannon Manufacturing Inc,ksteffenhagen@Curbell.com,Inbox,AI Needs Review,AI Needs Review,2026-10-06T13:25:19Z,,<d00fbdfd50ad4610bcd85971de70db76@Curbell.com>,AAMkAGQyODM5ZWI1LTQ0NDAtNDZiOS1hYTIzLTdjOGM3NDRlNjQ4MgBGAAAAAAAggjN_BHG4TI2Iz-JKRqfaBwDXcyWbp23lSoY0i7GBv6N_AAAAAAEMAADXcyWbp23lSoY0i7GBv6N_AAOoEEBCAAA=,
U110,Undo plan,2026-09-14 09:47,2026-09-14T14:47:32Z,"Stella Source, Inc.",,,Inbox,Inbox,Inbox,no,CATEGORY_ONLY,time+sender+sender-in-subject,1,"Stella Source, Inc. has sent you an Invoice: INV-0001507b",noreply@payonline.tech,Inbox,AI Needs Review,AI Needs Review,2026-10-06T13:25:19Z,,<qUwTU001TCK-VwseF9GpHg@geopod-ismtpd-12>,AAMkAGQyODM5ZWI1LTQ0NDAtNDZiOS1hYTIzLTdjOGM3NDRlNjQ4MgBGAAAAAAAggjN_BHG4TI2Iz-JKRqfaBwDXcyWbp23lSoY0i7GBv6N_AAAAAAEMAADXcyWbp23lSoY0i7GBv6N_AAOoEEBDAAA=,
U111,Undo plan,2026-09-14 10:52,2026-09-14T15:52:09Z,VistaPrint,Up to 40% off top products 👉 shop now!,,Inbox,Inbox,Inbox,no,CATEGORY_ONLY,time+subject+sender,1,Up to 40% off top products 👉 shop now!,vistaprint@mail.vistaprint.com,Inbox,AI Needs Review,AI Needs Review,2026-10-06T13:26:20Z,,<A9.4F.17479.C1818AA6@i-04d3c15402d98083f.mta1vrest.sd.prd.sparkpost>,AAMkAGQyODM5ZWI1LTQ0NDAtNDZiOS1hYTIzLTdjOGM3NDRlNjQ4MgBGAAAAAAAggjN_BHG4TI2Iz-JKRqfaBwDXcyWbp23lSoY0i7GBv6N_AAAAAAEMAADXcyWbp23lSoY0i7GBv6N_AAOoEECcAAA=,
U112,Undo plan,2026-09-14 11:38,2026-09-14T16:38:00Z,"Stella Source, Inc.",,,Inbox,Inbox,Inbox,no,CATEGORY_ONLY,time+sender,1,Payment Confirmation for Invoice Number: INV-0001507b,noreply@payonline.tech,Inbox,AI Needs Review,AI Needs Review,2026-10-06T13:25:20Z,,<vLZ611XyRHCLGBaEQ89d3g@geopod-ismtpd-71>,AAMkAGQyODM5ZWI1LTQ0NDAtNDZiOS1hYTIzLTdjOGM3NDRlNjQ4MgBGAAAAAAAggjN_BHG4TI2Iz-JKRqfaBwDXcyWbp23lSoY0i7GBv6N_AAAAAAEMAADXcyWbp23lSoY0i7GBv6N_AAOoEEBEAAA=,
U113,Undo plan,2026-09-14 11:59,2026-09-14T16:59:44Z,Capital Machine,Let’s Talk Through Your Maintenance Plan,,Inbox,Inbox,Inbox,no,CATEGORY_ONLY,time+subject+sender,1,Let’s Talk Through Your Maintenance Plan,info@capitalmachine.com,Inbox,AI Needs Review,AI Needs Review,2026-10-06T13:26:20Z,,<1789405180055.9939ea0d-155f-4d25-9038-6e90eb3cff51@bf08x.hubspotemail.net>,AAMkAGQyODM5ZWI1LTQ0NDAtNDZiOS1hYTIzLTdjOGM3NDRlNjQ4MgBGAAAAAAAggjN_BHG4TI2Iz-JKRqfaBwDXcyWbp23lSoY0i7GBv6N_AAAAAAEMAADXcyWbp23lSoY0i7GBv6N_AAOoEECdAAA=,
U114,Undo plan,2026-09-14 16:20,2026-09-14T21:20:52Z,Amazon Business,"Price drops for you: Kannon, save on recently viewed items",,Inbox,Inbox,Inbox,no,CATEGORY_ONLY,time+subject+sender,1,"Price drops for you: Kannon, save on recently viewed items",no-reply@business.amazon.com,Inbox,AI Needs Review,AI Needs Review,2026-10-06T13:26:21Z,,<010001a0a1cb25ed-31cf2809-8119-432e-985d-b2b2f7600118-000000@email.amazonses.com>,AAMkAGQyODM5ZWI1LTQ0NDAtNDZiOS1hYTIzLTdjOGM3NDRlNjQ4MgBGAAAAAAAggjN_BHG4TI2Iz-JKRqfaBwDXcyWbp23lSoY0i7GBv6N_AAAAAAEMAADXcyWbp23lSoY0i7GBv6N_AAOoEECeAAA=,
U115,Undo plan,2026-09-14 17:56,2026-09-14T22:56:43Z,Fw: [EXTERNAL]  Fw: Kannon Mfg Purchase Order # 58959,,9055991,Inbox,Inbox,Inbox,no,CATEGORY_ONLY,time+sender-in-subject,1,Fw: [EXTERNAL]  Fw: Kannon Mfg Purchase Order # 58959,Shawn.McKibben@kannonmfg.com,Inbox,AI Needs Review,AI Needs Review,2026-10-06T13:25:36Z,,<PH0PR15MB707370FDE6B578314C9A3F1D98BB2@PH0PR15MB7073.namprd15.prod.outlook.com>,AAMkAGQyODM5ZWI1LTQ0NDAtNDZiOS1hYTIzLTdjOGM3NDRlNjQ4MgBGAAAAAAAggjN_BHG4TI2Iz-JKRqfaBwDXcyWbp23lSoY0i7GBv6N_AAAAAAEMAADXcyWbp23lSoY0i7GBv6N_AAOoEEBFAAA=,
U116,Undo plan,2026-09-14 22:59,2026-09-15T03:59:40Z,DoNotReply@ColonialLife.com,,,Inbox,Inbox,Inbox,no,CATEGORY_ONLY,time+sender,1,Your invoice will be available soon,DoNotReply@ColonialLife.com,Inbox,AI Needs Review,AI Needs Review,2026-10-06T13:25:21Z,,<a48047d8-255c-479f-902d-29f916364538@EXMBX0WABPR004.up.corp.upc>,AAMkAGQyODM5ZWI1LTQ0NDAtNDZiOS1hYTIzLTdjOGM3NDRlNjQ4MgBGAAAAAAAggjN_BHG4TI2Iz-JKRqfaBwDXcyWbp23lSoY0i7GBv6N_AAAAAAEMAADXcyWbp23lSoY0i7GBv6N_AAOoEEBGAAA=,
U117,Undo plan,2026-09-15 02:21,2026-09-15T07:21:10Z,Accounts Payable,,,Sent Items,Sent Items,Sent Items,yes,OK_TO_MOVE,time+sender,1,AP run 2026-09-15,/O=EXCHANGELABS/OU=EXCHANGE ADMINISTRATIVE GROUP (FYDIBOHF23SPDLT)/CN=RECIPIENTS/CN=6C664092DD9641A8A6052155F526A3C9-ACCOUNTS PA,Inbox,AI Needs Review,AI Needs Review,2026-10-06T13:25:38Z,,<SA0PR15MB3805AC1FD28F2A8CCB0B57CFA2BA2@SA0PR15MB3805.namprd15.prod.outlook.com>,AAMkAGQyODM5ZWI1LTQ0NDAtNDZiOS1hYTIzLTdjOGM3NDRlNjQ4MgBGAAAAAAAggjN_BHG4TI2Iz-JKRqfaBwDXcyWbp23lSoY0i7GBv6N_AAAAAAEMAADXcyWbp23lSoY0i7GBv6N_AAOoEEBHAAA=,
U118,Undo plan,2026-09-15 07:25,2026-09-15T12:25:53Z,Amazon Business,Your team still doesn't have a shared payment method,,Inbox,Inbox,Inbox,no,CATEGORY_ONLY,time+subject+sender,1,Your team still doesn't have a shared payment method,no-reply@business.amazon.com,Inbox,AI Needs Review,AI Needs Review,2026-10-06T13:26:22Z,,<010001a0a507d9c7-44b9d61f-c5ba-4829-89e7-24291c4ef19f-000000@email.amazonses.com>,AAMkAGQyODM5ZWI1LTQ0NDAtNDZiOS1hYTIzLTdjOGM3NDRlNjQ4MgBGAAAAAAAggjN_BHG4TI2Iz-JKRqfaBwDXcyWbp23lSoY0i7GBv6N_AAAAAAEMAADXcyWbp23lSoY0i7GBv6N_AAOoEECfAAA=,
U119,Undo plan,2026-09-15 07:55,2026-09-15T12:55:25Z,Shoppa's Material Handling,,,Inbox,Inbox,Inbox,no,CATEGORY_ONLY,time+sender,1,Shoppas - Invoice(s) are Past Due,collections@shoppas.com,Inbox,AI Needs Review,AI Needs Review,2026-10-06T13:25:38Z,,<Rom5eRX2Qta0nsWbj0oQQg@geopod-ismtpd-100>,AAMkAGQyODM5ZWI1LTQ0NDAtNDZiOS1hYTIzLTdjOGM3NDRlNjQ4MgBGAAAAAAAggjN_BHG4TI2Iz-JKRqfaBwDXcyWbp23lSoY0i7GBv6N_AAAAAAEMAADXcyWbp23lSoY0i7GBv6N_AAOoEEBIAAA=,
U120,Undo plan,2026-09-15 08:23,2026-09-15T13:23:32Z,Phoenix Metals Credit Memos,,,Inbox,Inbox,Inbox,no,CATEGORY_ONLY,time+sender+sender-in-subject,1,Fw: Arlington Credit #9129944 for Customer KANMAN,creditmemos@phoenixmetals.com,Inbox,AI Needs Review,AI Needs Review,2026-10-06T13:25:39Z,,<MW4PR19MB66744C130478822920787421EBBA2@MW4PR19MB6674.namprd19.prod.outlook.com>,AAMkAGQyODM5ZWI1LTQ0NDAtNDZiOS1hYTIzLTdjOGM3NDRlNjQ4MgBGAAAAAAAggjN_BHG4TI2Iz-JKRqfaBwDXcyWbp23lSoY0i7GBv6N_AAAAAAEMAADXcyWbp23lSoY0i7GBv6N_AAOoEEBJAAA=,
U121,Undo plan,2026-09-15 08:31,2026-09-15T13:31:48Z,Kloeckner Metals Corporation,,,Inbox,Inbox,Inbox,no,CATEGORY_ONLY,time+sender,1,Invoice Details - Kannon Manufacturing Inc,Beth.Watkins@kloeckner.com,Inbox,AI Needs Review,AI Needs Review,2026-10-06T13:25:40Z,,<627722751.152123.1789479098944@production-awsus-cls-corr-manual-executor-8014-8558769845-c7nk9>,AAMkAGQyODM5ZWI1LTQ0NDAtNDZiOS1hYTIzLTdjOGM3NDRlNjQ4MgBGAAAAAAAggjN_BHG4TI2Iz-JKRqfaBwDXcyWbp23lSoY0i7GBv6N_AAAAAAEMAADXcyWbp23lSoY0i7GBv6N_AAOoEEBKAAA=,
U122,Undo plan,2026-09-15 10:27,2026-09-15T15:27:53Z,"Amada Machinery Sales, Inc.",Time-Sensitive: 2015 LCG3015NT (3.5KW) & 2006 AMADA FO3015NT (4KW),,UNNAMED (FID 0x0113),Junk Email,UNNAMED (FID 0x0113),yes,OK_TO_MOVE,time+subject+sender+sender-in-subject,1,Time-Sensitive: 2015 LCG3015NT (3.5KW) & 2006 AMADA FO3015NT (4KW),crdingley@altparts.com,Inbox,AI Needs Review,AI Needs Review,2026-10-06T13:26:22Z,,<1142346467110.1105302425625.1311719236.0.321126JL.2002@synd.ccsend.com>,AAMkAGQyODM5ZWI1LTQ0NDAtNDZiOS1hYTIzLTdjOGM3NDRlNjQ4MgBGAAAAAAAggjN_BHG4TI2Iz-JKRqfaBwDXcyWbp23lSoY0i7GBv6N_AAAAAAEMAADXcyWbp23lSoY0i7GBv6N_AAOoEECgAAA=,
U123,Undo plan,2026-09-15 12:48,2026-09-15T17:48:28Z,Resell CNC,"Available Now - (23) Okuma Mills, Lathes And Much More.",,Inbox,Inbox,Inbox,no,CATEGORY_ONLY,time+subject+sender,1,"Available Now - (23) Okuma Mills, Lathes And Much More.",sales@resellcnc.com,Inbox,AI Needs Review,AI Needs Review,2026-10-06T13:26:23Z,,<008b94f5-f1a1-4418-8485-c71a0fb70b7f@atl1s07mta1286.xt.local>,AAMkAGQyODM5ZWI1LTQ0NDAtNDZiOS1hYTIzLTdjOGM3NDRlNjQ4MgBGAAAAAAAggjN_BHG4TI2Iz-JKRqfaBwDXcyWbp23lSoY0i7GBv6N_AAAAAAEMAADXcyWbp23lSoY0i7GBv6N_AAOoEEChAAA=,
U124,Undo plan,2026-09-15 14:39,2026-09-15T19:39:00Z,Resell CNC,"Available Now - (13) DMG Mori Mills, Lathes And Much More.",,Inbox,Inbox,Inbox,no,CATEGORY_ONLY,time+subject+sender,1,"Available Now - (13) DMG Mori Mills, Lathes And Much More.",sales@resellcnc.com,Inbox,AI Needs Review,AI Needs Review,2026-10-06T13:26:24Z,,<d133b66e-edd0-41a1-b761-da5edc3d7ed4@atl1s07mta1283.xt.local>,AAMkAGQyODM5ZWI1LTQ0NDAtNDZiOS1hYTIzLTdjOGM3NDRlNjQ4MgBGAAAAAAAggjN_BHG4TI2Iz-JKRqfaBwDXcyWbp23lSoY0i7GBv6N_AAAAAAEMAADXcyWbp23lSoY0i7GBv6N_AAOoEECiAAA=,
U125,Undo plan,2026-09-15 23:53,2026-09-16T04:53:53Z,Safety-Kleen,Better Shifts Start with $225 off Transmission Fluids!,,Inbox,Inbox,Inbox,no,CATEGORY_ONLY,time+subject+sender,1,Better Shifts Start with $225 off Transmission Fluids!,info@email.safety-kleen.com,Inbox,AI Needs Review,AI Needs Review,2026-10-06T13:26:24Z,,<52FG.RZ3H.737338DB3F931ECE9W0O8LD00256F280087AC2.e821ad4e-6970-4f4d-aeb2-f5a7f3924897@email.safety-kleen.com>,AAMkAGQyODM5ZWI1LTQ0NDAtNDZiOS1hYTIzLTdjOGM3NDRlNjQ4MgBGAAAAAAAggjN_BHG4TI2Iz-JKRqfaBwDXcyWbp23lSoY0i7GBv6N_AAAAAAEMAADXcyWbp23lSoY0i7GBv6N_AAOoEECjAAA=,
U126,Undo plan,2026-09-16 02:15,2026-09-16T07:15:39Z,Accounts Payable,,,Sent Items,Sent Items,Sent Items,yes,OK_TO_MOVE,time+sender,1,AP run 2026-09-16,/O=EXCHANGELABS/OU=EXCHANGE ADMINISTRATIVE GROUP (FYDIBOHF23SPDLT)/CN=RECIPIENTS/CN=6C664092DD9641A8A6052155F526A3C9-ACCOUNTS PA,Inbox,AI Needs Review,AI Needs Review,2026-10-06T13:25:40Z,,<SA0PR15MB3805BD643AD9D0F333EC23ECA2B92@SA0PR15MB3805.namprd15.prod.outlook.com>,AAMkAGQyODM5ZWI1LTQ0NDAtNDZiOS1hYTIzLTdjOGM3NDRlNjQ4MgBGAAAAAAAggjN_BHG4TI2Iz-JKRqfaBwDXcyWbp23lSoY0i7GBv6N_AAAAAAEMAADXcyWbp23lSoY0i7GBv6N_AAOoEEBLAAA=,
U127,Undo plan,2026-09-16 11:07,2026-09-16T16:07:34Z,Resell CNC,"(63) Late Model Multi-Axis Mills, Lathes and More!",,Inbox,Inbox,Inbox,no,CATEGORY_ONLY,time+subject+sender,1,"(63) Late Model Multi-Axis Mills, Lathes and More!",sales@resellcnc.com,Inbox,AI Needs Review,AI Needs Review,2026-10-06T13:26:25Z,,<3cb21f1f-7099-4941-adc7-fbb8fcf0ae41@atl1s07mta1285.xt.local>,AAMkAGQyODM5ZWI1LTQ0NDAtNDZiOS1hYTIzLTdjOGM3NDRlNjQ4MgBGAAAAAAAggjN_BHG4TI2Iz-JKRqfaBwDXcyWbp23lSoY0i7GBv6N_AAAAAAEMAADXcyWbp23lSoY0i7GBv6N_AAOoEECkAAA=,
U128,Undo plan,2026-09-16 11:36,2026-09-16T16:36:16Z,Primo Brands Customer Experience,Please share your feedback about your delivery - 2 Minutes,,Inbox,Inbox,Inbox,no,CATEGORY_ONLY,time+subject+sender,1,Please share your feedback about your delivery - 2 Minutes,primobrands@express.medallia.com,Inbox,AI Needs Review,AI Needs Review,2026-10-06T13:26:26Z,,<mu4bojdr.tfrzgp1gionb@express.sea1.medallia.com>,AAMkAGQyODM5ZWI1LTQ0NDAtNDZiOS1hYTIzLTdjOGM3NDRlNjQ4MgBGAAAAAAAggjN_BHG4TI2Iz-JKRqfaBwDXcyWbp23lSoY0i7GBv6N_AAAAAAEMAADXcyWbp23lSoY0i7GBv6N_AAOoEEClAAA=,
U129,Undo plan,2026-09-16 12:16,2026-09-16T17:16:16Z,Metal My Way Everyday,Only 2 Weeks Left To Enter!,,Inbox,Inbox,Inbox,no,CATEGORY_ONLY,time+subject+sender,1,Only 2 Weeks Left To Enter!,emarketing@metalsupermarkets.com,Inbox,AI Needs Review,AI Needs Review,2026-10-06T13:26:26Z,,<13749734f1ae0ef2e8b8f9706.fcb203bd7b.20260916170325.b7eb69a7dc.0c893071@mail167.sea81.mcsv.net>,AAMkAGQyODM5ZWI1LTQ0NDAtNDZiOS1hYTIzLTdjOGM3NDRlNjQ4MgBGAAAAAAAggjN_BHG4TI2Iz-JKRqfaBwDXcyWbp23lSoY0i7GBv6N_AAAAAAEMAADXcyWbp23lSoY0i7GBv6N_AAOoEECmAAA=,
U130,Undo plan,2026-09-16 13:04,2026-09-16T18:04:32Z,The eFax Team,Reset your password (code),,Inbox,Inbox,Inbox,no,CATEGORY_ONLY,time+subject+sender,1,Reset your password (code),no-reply@authorization.efax.com,Inbox,AI Needs Review,AI Needs Review,2026-10-06T13:26:27Z,,<9ffe8aae-9f16-2f01-de04-e24d7aa42f3b@authorization.efax.com>,AAMkAGQyODM5ZWI1LTQ0NDAtNDZiOS1hYTIzLTdjOGM3NDRlNjQ4MgBGAAAAAAAggjN_BHG4TI2Iz-JKRqfaBwDXcyWbp23lSoY0i7GBv6N_AAAAAAEMAADXcyWbp23lSoY0i7GBv6N_AAOoEECnAAA=,
U131,Undo plan,2026-09-16 13:16,2026-09-16T18:16:12Z,Jon Washburn,,,Inbox,Inbox,Inbox,no,CATEGORY_ONLY,time+sender,1,Re: Your eFax® invoice,jon@insightcontroller.com,Inbox,AI Needs Review,AI Needs Review,2026-10-06T13:25:25Z,,<CH2PR12MB494026083294E92DB3B501E7A4B92@CH2PR12MB4940.namprd12.prod.outlook.com>,AAMkAGQyODM5ZWI1LTQ0NDAtNDZiOS1hYTIzLTdjOGM3NDRlNjQ4MgBGAAAAAAAggjN_BHG4TI2Iz-JKRqfaBwDXcyWbp23lSoY0i7GBv6N_AAAAAAEMAADXcyWbp23lSoY0i7GBv6N_AAOoEEBMAAA=,
U132,Undo plan,2026-09-16 14:02,2026-09-16T19:02:03Z,Alarm Billing Support,New CryWolf False Alarm Case #02600565 Created,,Inbox,Inbox,Inbox,no,CATEGORY_ONLY,time+subject+sender+sender-in-subject,1,New CryWolf False Alarm Case #02600565 Created,support@alarm-billing.com,Inbox,AI Needs Review,AI Needs Review,2026-10-06T13:26:28Z,,<IWS8LbkaT3qajXEs8LfqnQ.PkMhiJRyAw-7qArnvoh9UTU@sfdc.net>,AAMkAGQyODM5ZWI1LTQ0NDAtNDZiOS1hYTIzLTdjOGM3NDRlNjQ4MgBGAAAAAAAggjN_BHG4TI2Iz-JKRqfaBwDXcyWbp23lSoY0i7GBv6N_AAAAAAEMAADXcyWbp23lSoY0i7GBv6N_AAOoEECoAAA=,
U133,Undo plan,2026-09-16 14:03,2026-09-16T19:03:54Z,Amazon Business,Prime Big Deal Days is coming,,Inbox,Inbox,Inbox,no,CATEGORY_ONLY,time+subject+sender,1,Prime Big Deal Days is coming,no-reply@business.amazon.com,Inbox,AI Needs Review,AI Needs Review,2026-10-06T13:26:28Z,,<010001a0ab9a9429-41e9fa87-000d-42cb-979f-0081497e2343-000000@email.amazonses.com>,AAMkAGQyODM5ZWI1LTQ0NDAtNDZiOS1hYTIzLTdjOGM3NDRlNjQ4MgBGAAAAAAAggjN_BHG4TI2Iz-JKRqfaBwDXcyWbp23lSoY0i7GBv6N_AAAAAAEMAADXcyWbp23lSoY0i7GBv6N_AAOoEECpAAA=,
U134,Undo plan,2026-09-16 15:31,2026-09-16T20:31:52Z,Gigi Pineda,,,Inbox,Inbox,Inbox,no,CATEGORY_ONLY,time+sender,1,"CHK#18570 iao $15,719.29",gigi.pineda@gasandsupply.com,Inbox,AI Needs Review,AI Needs Review,2026-10-06T13:25:26Z,,<CA+1beUU9Jf71M53TccmjQD5xfK-rUZQxZhvBqGQnB2fM1AMtnw@mail.gmail.com>,AAMkAGQyODM5ZWI1LTQ0NDAtNDZiOS1hYTIzLTdjOGM3NDRlNjQ4MgBGAAAAAAAggjN_BHG4TI2Iz-JKRqfaBwDXcyWbp23lSoY0i7GBv6N_AAAAAAEMAADXcyWbp23lSoY0i7GBv6N_AAOoEEBNAAA=,
U135,Undo plan,2026-09-16 15:36,2026-09-16T20:36:37Z,noreply-customeralerts@contactna.engie.com via SurveyMonkey,Your Voice Matters,,Inbox,Inbox,Inbox,no,CATEGORY_ONLY,time+subject+sender,1,Your Voice Matters,member@surveymonkeyuser.com,Inbox,AI Needs Review,AI Needs Review,2026-10-06T13:26:29Z,,<57.77.42664.2DDFAAA6@i-082b5fe06eb67de50.mta2vsmtp.sd.prd.sparkpost>,AAMkAGQyODM5ZWI1LTQ0NDAtNDZiOS1hYTIzLTdjOGM3NDRlNjQ4MgBGAAAAAAAggjN_BHG4TI2Iz-JKRqfaBwDXcyWbp23lSoY0i7GBv6N_AAAAAAEMAADXcyWbp23lSoY0i7GBv6N_AAOoEECqAAA=,
U136,Undo plan,2026-09-16 16:27,2026-09-16T21:27:21Z,Shawn McKibben,Re: Follow Up: Please Pay for Your PO 58206,,Inbox,Inbox,Inbox,no,CATEGORY_ONLY,time+subject+sender,1,Re: Follow Up: Please Pay for Your PO 58206,Shawn.McKibben@kannonmfg.com,Inbox,AI Needs Review,AI Needs Review,2026-10-06T13:26:29Z,,<PH0PR15MB7073DE6DA3D315C548FD161F98B92@PH0PR15MB7073.namprd15.prod.outlook.com>,AAMkAGQyODM5ZWI1LTQ0NDAtNDZiOS1hYTIzLTdjOGM3NDRlNjQ4MgBGAAAAAAAggjN_BHG4TI2Iz-JKRqfaBwDXcyWbp23lSoY0i7GBv6N_AAAAAAEMAADXcyWbp23lSoY0i7GBv6N_AAOoEECrAAA=,
U137,Undo plan,2026-09-17 08:45,2026-09-17T13:45:52Z,INVOICE 470223      PO 59060,,470223,Inbox,Inbox,Inbox,no,CATEGORY_ONLY,time+sender-in-subject+invoice-in-subject,1,INVOICE 470223      PO 59060,Rosana@fabcorp.com,Inbox,AI Needs Review,AI Needs Review,2026-10-06T13:25:42Z,,<BN7PR08MB38763FFF29748E23C6D1684DDEB82@BN7PR08MB3876.namprd08.prod.outlook.com>,AAMkAGQyODM5ZWI1LTQ0NDAtNDZiOS1hYTIzLTdjOGM3NDRlNjQ4MgBGAAAAAAAggjN_BHG4TI2Iz-JKRqfaBwDXcyWbp23lSoY0i7GBv6N_AAAAAAEMAADXcyWbp23lSoY0i7GBv6N_AAOoEEBOAAA=,
U138,Undo plan,2026-09-17 11:31,2026-09-17T16:31:19Z,Gigi Pineda,,,Inbox,Inbox,Inbox,no,CATEGORY_ONLY,time+sender,1,[A3050] - KANNON MANUFACTURING INC,gigi.pineda@gasandsupply.com,Inbox,AI Needs Review,AI Needs Review,2026-10-06T13:25:27Z,,<CA+1beUVzf-n1BZy2zU=Mdo7hdkHuyV6ODyVj3dQnYtcQLKoRfA@mail.gmail.com>,AAMkAGQyODM5ZWI1LTQ0NDAtNDZiOS1hYTIzLTdjOGM3NDRlNjQ4MgBGAAAAAAAggjN_BHG4TI2Iz-JKRqfaBwDXcyWbp23lSoY0i7GBv6N_AAAAAAEMAADXcyWbp23lSoY0i7GBv6N_AAOoEEBPAAA=,
U139,Undo plan,2026-09-17 11:42,2026-09-17T16:42:38Z,Gigi Pineda,,,Inbox,Inbox,Inbox,no,CATEGORY_ONLY,time+sender,1,Fwd: Gas&Supply Invoice/Statement,gigi.pineda@gasandsupply.com,Inbox,AI Needs Review,AI Needs Review,2026-10-06T13:25:28Z,,<CA+1beUWr2W8RE6sph4d1=S2YWJ4Q5JfsdmmFBrTuJQesN9DRkw@mail.gmail.com>,AAMkAGQyODM5ZWI1LTQ0NDAtNDZiOS1hYTIzLTdjOGM3NDRlNjQ4MgBGAAAAAAAggjN_BHG4TI2Iz-JKRqfaBwDXcyWbp23lSoY0i7GBv6N_AAAAAAEMAADXcyWbp23lSoY0i7GBv6N_AAOoEEBQAAA=,
U140,Undo plan,2026-09-17 11:45,2026-09-17T16:45:25Z,Capital Machine,A Simple Way to Stay Ahead of Machine Downtime,,Inbox,Inbox,Inbox,no,CATEGORY_ONLY,time+subject+sender+sender-in-subject,1,A Simple Way to Stay Ahead of Machine Downtime,info@capitalmachine.com,Inbox,AI Needs Review,AI Needs Review,2026-10-06T13:26:30Z,,<1789663508943.eef6ce83-5f1f-44ed-8c9d-4d05cfa065b4@bf08x.hubspotemail.net>,AAMkAGQyODM5ZWI1LTQ0NDAtNDZiOS1hYTIzLTdjOGM3NDRlNjQ4MgBGAAAAAAAggjN_BHG4TI2Iz-JKRqfaBwDXcyWbp23lSoY0i7GBv6N_AAAAAAEMAADXcyWbp23lSoY0i7GBv6N_AAOoEECsAAA=,
U141,Undo plan,2026-09-17 13:16,2026-09-17T18:16:17Z,"Luxor Staffing, Inc.",,,Inbox,Inbox,Inbox,no,CATEGORY_ONLY,time+sender-in-subject,1,"Luxor Staffing Invoice-Kannon Manufacturing, Inc",JTorres@LuxorStaffing.com,Inbox,AI Needs Review,AI Needs Review,2026-10-06T13:25:44Z,,<DS0PR14MB69034AD2F9B1B2844F1C2F35A8B82@DS0PR14MB6903.namprd14.prod.outlook.com>,AAMkAGQyODM5ZWI1LTQ0NDAtNDZiOS1hYTIzLTdjOGM3NDRlNjQ4MgBGAAAAAAAggjN_BHG4TI2Iz-JKRqfaBwDXcyWbp23lSoY0i7GBv6N_AAAAAAEMAADXcyWbp23lSoY0i7GBv6N_AAOoEEBRAAA=,
U142,Undo plan,2026-09-17 14:24,2026-09-17T19:24:10Z,WorkWise Compliance,Reminder - Quick Survey = Chance to Win! Your Opinion Matters!,,Inbox,Inbox,Inbox,no,CATEGORY_ONLY,time+subject+sender,1,Reminder - Quick Survey = Chance to Win! Your Opinion Matters!,noreply@workwisecompliance.com,Inbox,AI Needs Review,AI Needs Review,2026-10-06T13:26:31Z,,<RYzI0ru9T4CV-hT5iSVXbA@geopod-ismtpd-37>,AAMkAGQyODM5ZWI1LTQ0NDAtNDZiOS1hYTIzLTdjOGM3NDRlNjQ4MgBGAAAAAAAggjN_BHG4TI2Iz-JKRqfaBwDXcyWbp23lSoY0i7GBv6N_AAAAAAEMAADXcyWbp23lSoY0i7GBv6N_AAOoEECtAAA=,
U143,Undo plan,2026-09-17 16:13,2026-09-17T21:13:31Z,Reminder,,111138,Inbox,Inbox,Inbox,no,CATEGORY_ONLY,time+sender-in-subject+invoice-in-subject,1,Reminder: Invoice 111138 from Greentree Packaging & Lumber,quickbooks@notification.intuit.com,Inbox,AI Needs Review,AI Needs Review,2026-10-06T13:25:44Z,,<PPl6S9vTShuzfUyLZtxqgg@geopod-ismtpd-51>,AAMkAGQyODM5ZWI1LTQ0NDAtNDZiOS1hYTIzLTdjOGM3NDRlNjQ4MgBGAAAAAAAggjN_BHG4TI2Iz-JKRqfaBwDXcyWbp23lSoY0i7GBv6N_AAAAAAEMAADXcyWbp23lSoY0i7GBv6N_AAOoEEBSAAA=,
U144,Undo plan,2026-09-17 16:14,2026-09-17T21:14:07Z,Reminder,,111914,Inbox,Inbox,Inbox,no,CATEGORY_ONLY,time+sender-in-subject+invoice-in-subject,1,Reminder: Invoice 111914 from Greentree Packaging & Lumber,quickbooks@notification.intuit.com,Inbox,AI Needs Review,AI Needs Review,2026-10-06T13:25:45Z,,<r17XGPe1QV2_uf35clSayw@geopod-ismtpd-62>,AAMkAGQyODM5ZWI1LTQ0NDAtNDZiOS1hYTIzLTdjOGM3NDRlNjQ4MgBGAAAAAAAggjN_BHG4TI2Iz-JKRqfaBwDXcyWbp23lSoY0i7GBv6N_AAAAAAEMAADXcyWbp23lSoY0i7GBv6N_AAOoEEBTAAA=,
U145,Undo plan,2026-09-17 16:54,2026-09-17T21:54:34Z,Natalie Chavez,Re: Over 100+ days--A3050,,Inbox,Inbox,Inbox,no,CATEGORY_ONLY,time+subject+sender,1,Re: Over 100+ days--A3050,natalie.chavez@gasandsupply.com,Inbox,AI Needs Review,AI Needs Review,2026-10-06T13:26:32Z,,<CAEk4N2sNcMWOYo_F+gd3gYDrwQJ3bOePsamH1+5YyYu0iHEqTA@mail.gmail.com>,AAMkAGQyODM5ZWI1LTQ0NDAtNDZiOS1hYTIzLTdjOGM3NDRlNjQ4MgBGAAAAAAAggjN_BHG4TI2Iz-JKRqfaBwDXcyWbp23lSoY0i7GBv6N_AAAAAAEMAADXcyWbp23lSoY0i7GBv6N_AAOoEECuAAA=,
U146,Undo plan,2026-09-18 08:05,2026-09-18T13:05:46Z,Shoppa's Material Handling,,,Inbox,Inbox,Inbox,no,CATEGORY_ONLY,time+sender,1,Shoppas - Invoice(s) are Due,collections@shoppas.com,Inbox,AI Needs Review,AI Needs Review,2026-10-06T13:25:46Z,,<gW_vcrULTii3T0p9XkpxyA@geopod-ismtpd-52>,AAMkAGQyODM5ZWI1LTQ0NDAtNDZiOS1hYTIzLTdjOGM3NDRlNjQ4MgBGAAAAAAAggjN_BHG4TI2Iz-JKRqfaBwDXcyWbp23lSoY0i7GBv6N_AAAAAAEMAADXcyWbp23lSoY0i7GBv6N_AAOoEEBUAAA=,
U147,Undo plan,2026-09-18 08:12,2026-09-18T13:12:17Z,Amazon Business,Your exclusive Prime Big Deal Days offer,,Inbox,Inbox,Inbox,no,CATEGORY_ONLY,time+subject+sender,1,Your exclusive Prime Big Deal Days offer,no-reply@business.amazon.com,Inbox,AI Needs Review,AI Needs Review,2026-10-06T13:26:32Z,,<010001a0b4a56209-0f0c0164-a9df-49bf-823b-942b5725b324-000000@email.amazonses.com>,AAMkAGQyODM5ZWI1LTQ0NDAtNDZiOS1hYTIzLTdjOGM3NDRlNjQ4MgBGAAAAAAAggjN_BHG4TI2Iz-JKRqfaBwDXcyWbp23lSoY0i7GBv6N_AAAAAAEMAADXcyWbp23lSoY0i7GBv6N_AAOoEECvAAA=,
U148,Undo plan,2026-09-18 09:13,2026-09-18T14:13:46Z,"Alternative Machinery Sales, Inc.",Time-Sensitive: 2015 LCG3015NT (3.5KW) & 2006 AMADA FO3015NT (4KW),,Inbox,Inbox,Inbox,no,CATEGORY_ONLY,time+subject+sender,1,Time-Sensitive: 2015 LCG3015NT (3.5KW) & 2006 AMADA FO3015NT (4KW),crdingley@altparts.com,Inbox,AI Needs Review,AI Needs Review,2026-10-06T13:26:33Z,,<1142346492506.1105302425625.1311719236.0.321010JL.2002@synd.ccsend.com>,AAMkAGQyODM5ZWI1LTQ0NDAtNDZiOS1hYTIzLTdjOGM3NDRlNjQ4MgBGAAAAAAAggjN_BHG4TI2Iz-JKRqfaBwDXcyWbp23lSoY0i7GBv6N_AAAAAAEMAADXcyWbp23lSoY0i7GBv6N_AAOoEECwAAA=,
U149,Undo plan,2026-09-18 12:47,2026-09-18T17:47:07Z,Resell CNC,Twin Turret Twin Spindle 2022 Okuma LT2000EX-2T2MY Lathe,,Inbox,Inbox,Inbox,no,CATEGORY_ONLY,time+subject+sender,1,Twin Turret Twin Spindle 2022 Okuma LT2000EX-2T2MY Lathe,sales@resellcnc.com,Inbox,AI Needs Review,AI Needs Review,2026-10-06T13:26:34Z,,<a04e73c9-dfcf-4968-b5d2-78d99ef67628@atl1s07mta1285.xt.local>,AAMkAGQyODM5ZWI1LTQ0NDAtNDZiOS1hYTIzLTdjOGM3NDRlNjQ4MgBGAAAAAAAggjN_BHG4TI2Iz-JKRqfaBwDXcyWbp23lSoY0i7GBv6N_AAAAAAEMAADXcyWbp23lSoY0i7GBv6N_AAOoEECxAAA=,
U150,Undo plan,2026-09-19 05:32,2026-09-19T10:32:39Z,COFW,,,Inbox,Inbox,Inbox,no,CATEGORY_ONLY,time+sender,1,City of Fort Worth Bill Payment Due date 09/22/2026,noreply@fortworthtexas.gov,Inbox,AI Needs Review,AI Needs Review,2026-10-06T13:25:31Z,,<MBy5-91sTOWHiPwc2zw0Cg@geopod-ismtpd-7>,AAMkAGQyODM5ZWI1LTQ0NDAtNDZiOS1hYTIzLTdjOGM3NDRlNjQ4MgBGAAAAAAAggjN_BHG4TI2Iz-JKRqfaBwDXcyWbp23lSoY0i7GBv6N_AAAAAAEMAADXcyWbp23lSoY0i7GBv6N_AAOoEEBVAAA=,
U151,Undo plan,2026-09-19 07:06,2026-09-19T12:06:16Z,ARNotifications@versalift.com,,,Inbox,Inbox,Inbox,no,CATEGORY_ONLY,time+sender,1,C06512 KANNON MANUFACTURING INC: First Reminder - $187.50 due          Ref:0003103397,ARNotifications@versalift.com,Inbox,AI Needs Review,AI Needs Review,2026-10-06T13:25:32Z,,<C09CF90E10E312A432E7A8D72070C1D75C3D76C3@RD7CC0AAF9B001>,AAMkAGQyODM5ZWI1LTQ0NDAtNDZiOS1hYTIzLTdjOGM3NDRlNjQ4MgBGAAAAAAAggjN_BHG4TI2Iz-JKRqfaBwDXcyWbp23lSoY0i7GBv6N_AAAAAAEMAADXcyWbp23lSoY0i7GBv6N_AAOoEEBWAAA=,
U152,Undo plan,2026-09-19 09:05,2026-09-19T14:05:11Z,Resell CNC,2022 DMG Mori NLX2500SY/700 C/Y-Axis Lathe w/Sub-Spindle,,Inbox,Inbox,Inbox,no,CATEGORY_ONLY,time+subject+sender,1,2022 DMG Mori NLX2500SY/700 C/Y-Axis Lathe w/Sub-Spindle,sales@resellcnc.com,Inbox,AI Needs Review,AI Needs Review,2026-10-06T13:26:34Z,,<54b94295-4d11-4502-9b9b-1c8f01fd467a@atl1s07mta1282.xt.local>,AAMkAGQyODM5ZWI1LTQ0NDAtNDZiOS1hYTIzLTdjOGM3NDRlNjQ4MgBGAAAAAAAggjN_BHG4TI2Iz-JKRqfaBwDXcyWbp23lSoY0i7GBv6N_AAAAAAEMAADXcyWbp23lSoY0i7GBv6N_AAOoEECyAAA=,
U153,Undo plan,2026-09-20 19:20,2026-09-21T00:20:30Z,The eFax® Team,,,Inbox,Inbox,Inbox,no,CATEGORY_ONLY,time+sender+sender-in-subject,1,Your eFax® invoice,help@mail.efax.com,Inbox,AI Needs Review,AI Needs Review,2026-10-06T13:25:32Z,,<1812846260.8350.1789950022407@385759fc7ea0>,AAMkAGQyODM5ZWI1LTQ0NDAtNDZiOS1hYTIzLTdjOGM3NDRlNjQ4MgBGAAAAAAAggjN_BHG4TI2Iz-JKRqfaBwDXcyWbp23lSoY0i7GBv6N_AAAAAAEMAADXcyWbp23lSoY0i7GBv6N_AAOoEEBXAAA=,
U154,Undo plan,2026-09-21 09:35,2026-09-21T14:35:23Z,VistaPrint | Email Exclusive,What’s inside? 👀 It’s a mystery deal,,Inbox,Inbox,Inbox,no,CATEGORY_ONLY,time+subject+sender,1,What’s inside? 👀 It’s a mystery deal,vistaprint@mail.vistaprint.com,Inbox,AI Needs Review,AI Needs Review,2026-10-06T13:26:35Z,,<8D.0E.14040.4A041BA6@i-0f1314759736a6edb.mta1vrest.sd.prd.sparkpost>,AAMkAGQyODM5ZWI1LTQ0NDAtNDZiOS1hYTIzLTdjOGM3NDRlNjQ4MgBGAAAAAAAggjN_BHG4TI2Iz-JKRqfaBwDXcyWbp23lSoY0i7GBv6N_AAAAAAEMAADXcyWbp23lSoY0i7GBv6N_AAOoEECzAAA=,
U155,Undo plan,2026-09-21 10:26,2026-09-21T15:26:06Z,"Fw: Your receipt from Anthropic, PBC #2645",,,Inbox,Inbox,Inbox,no,CATEGORY_ONLY,time+sender-in-subject,1,"Fw: Your receipt from Anthropic, PBC #2645-9420-9293",Shawn.McKibben@kannonmfg.com,Inbox,AI Needs Review,AI Needs Review,2026-10-06T13:25:52Z,,<PH0PR15MB7073831BE520456F99CDD0F698842@PH0PR15MB7073.namprd15.prod.outlook.com>,AAMkAGQyODM5ZWI1LTQ0NDAtNDZiOS1hYTIzLTdjOGM3NDRlNjQ4MgBGAAAAAAAggjN_BHG4TI2Iz-JKRqfaBwDXcyWbp23lSoY0i7GBv6N_AAAAAAEMAADXcyWbp23lSoY0i7GBv6N_AAOoEEBYAAA=,
U156,Undo plan,2026-09-21 11:45,2026-09-21T16:45:19Z,Capital Machine,"What Does a Red, Yellow, or Green Report Actually Mean?",,Inbox,Inbox,Inbox,no,CATEGORY_ONLY,time+subject+sender,1,"What Does a Red, Yellow, or Green Report Actually Mean?",info@capitalmachine.com,Inbox,AI Needs Review,AI Needs Review,2026-10-06T13:26:36Z,,<1790009114927.97ac8876-e1ec-43c5-9d70-a001d9416f82@bf08x.hubspotemail.net>,AAMkAGQyODM5ZWI1LTQ0NDAtNDZiOS1hYTIzLTdjOGM3NDRlNjQ4MgBGAAAAAAAggjN_BHG4TI2Iz-JKRqfaBwDXcyWbp23lSoY0i7GBv6N_AAAAAAEMAADXcyWbp23lSoY0i7GBv6N_AAOoEEC0AAA=,
U157,Undo plan,2026-09-21 14:31,2026-09-21T19:31:02Z,Chris Vieux,Canceled: O3 - Tami,,Inbox,Inbox,Inbox,no,CATEGORY_ONLY,time+subject+sender,1,Canceled: O3 - Tami,chris.vieux@kannonmfg.com,Inbox,AI Needs Review,AI Needs Review,2026-10-06T13:26:36Z,,<SJ0PR15MB4646E4B7DF0771EB02DAA489E8842@SJ0PR15MB4646.namprd15.prod.outlook.com>,AAMkAGQyODM5ZWI1LTQ0NDAtNDZiOS1hYTIzLTdjOGM3NDRlNjQ4MgBGAAAAAAAggjN_BHG4TI2Iz-JKRqfaBwDXcyWbp23lSoY0i7GBv6N_AAAAAAEMAADXcyWbp23lSoY0i7GBv6N_AAOoEEC1AAA=,
U158,Undo plan,2026-09-22 09:55,2026-09-22T14:55:09Z,Earle M. Jorgensen Co,,,Inbox,Inbox,Inbox,no,CATEGORY_ONLY,time+sender-in-subject,1,EARLE M. JORGENSEN COMPANY - Invoices for 09/22/26,EMJCreditSouth@emjmetals.com,Inbox,AI Needs Review,AI Needs Review,2026-10-06T13:25:52Z,,<34589641.27402.1790088899115.JavaMail.wasadmin@smtprelay>,AAMkAGQyODM5ZWI1LTQ0NDAtNDZiOS1hYTIzLTdjOGM3NDRlNjQ4MgBGAAAAAAAggjN_BHG4TI2Iz-JKRqfaBwDXcyWbp23lSoY0i7GBv6N_AAAAAAEMAADXcyWbp23lSoY0i7GBv6N_AAOoEEBZAAA=,
U159,Undo plan,2026-09-22 10:15,2026-09-22T15:15:15Z,Globe Life,,,Inbox,Inbox,Inbox,no,CATEGORY_ONLY,time+sender,1,New  Invoice,noreply@customer.globe.life,Inbox,AI Needs Review,AI Needs Review,2026-10-06T13:25:34Z,,<42.B9.06714.F6B92BA6@i-07b9bd708504c6607.mta2vrest.sd.prd.sparkpost>,AAMkAGQyODM5ZWI1LTQ0NDAtNDZiOS1hYTIzLTdjOGM3NDRlNjQ4MgBGAAAAAAAggjN_BHG4TI2Iz-JKRqfaBwDXcyWbp23lSoY0i7GBv6N_AAAAAAEMAADXcyWbp23lSoY0i7GBv6N_AAOoEEBaAAA=,
U160,Undo plan,2026-09-22 10:32,2026-09-22T15:32:23Z,Globe Life,,,Inbox,Inbox,Inbox,no,CATEGORY_ONLY,time+sender,1,New  Invoice,noreply@customer.globe.life,Inbox,AI Needs Review,AI Needs Review,2026-10-06T13:25:35Z,,<B9.57.30409.18F92BA6@i-0d866b474f402dcd5.mta2vrest.sd.prd.sparkpost>,AAMkAGQyODM5ZWI1LTQ0NDAtNDZiOS1hYTIzLTdjOGM3NDRlNjQ4MgBGAAAAAAAggjN_BHG4TI2Iz-JKRqfaBwDXcyWbp23lSoY0i7GBv6N_AAAAAAEMAADXcyWbp23lSoY0i7GBv6N_AAOoEEBbAAA=,
U161,Undo plan,2026-09-22 11:07,2026-09-22T16:07:05Z,Resell CNC Auctions,$3M CNC Auction Ends Next Week,,Inbox,Inbox,Inbox,no,CATEGORY_ONLY,time+subject+sender+sender-in-subject,1,$3M CNC Auction Ends Next Week,auctions@resellcnc.com,Inbox,AI Needs Review,AI Needs Review,2026-10-06T13:26:37Z,,<c7db93b6-1659-44e4-9d9f-c9d5056f04bb@atl1s07mta1284.xt.local>,AAMkAGQyODM5ZWI1LTQ0NDAtNDZiOS1hYTIzLTdjOGM3NDRlNjQ4MgBGAAAAAAAggjN_BHG4TI2Iz-JKRqfaBwDXcyWbp23lSoY0i7GBv6N_AAAAAAEMAADXcyWbp23lSoY0i7GBv6N_AAOoEEC2AAA=,
U162,Undo plan,2026-09-22 22:54,2026-09-23T03:54:22Z,Safety-Kleen,⏰ Last chance! Save $225 on transmission fluids!,,Inbox,Inbox,Inbox,no,CATEGORY_ONLY,time+subject+sender,1,⏰ Last chance! Save $225 on transmission fluids!,info@email.safety-kleen.com,Inbox,AI Needs Review,AI Needs Review,2026-10-06T13:26:38Z,,<52FG.S0J5.737338DB3F931ECE9W0O8LD00256F280087AC2.d1636d0f-f8ad-423f-b690-585a4eb12a1c@email.safety-kleen.com>,AAMkAGQyODM5ZWI1LTQ0NDAtNDZiOS1hYTIzLTdjOGM3NDRlNjQ4MgBGAAAAAAAggjN_BHG4TI2Iz-JKRqfaBwDXcyWbp23lSoY0i7GBv6N_AAAAAAEMAADXcyWbp23lSoY0i7GBv6N_AAOoEEC3AAA=,
U163,Undo plan,2026-09-23 07:20,2026-09-23T12:20:23Z,"Fw: Your receipt from Anthropic, PBC #2309",,,Inbox,Inbox,Inbox,no,CATEGORY_ONLY,time+sender-in-subject,1,"Fw: Your receipt from Anthropic, PBC #2309-1784-3063",Shawn.McKibben@kannonmfg.com,Inbox,AI Needs Review,AI Needs Review,2026-10-06T13:25:53Z,,<DSWPR15MB708675F64DA2F004A17BB4BB98822@DSWPR15MB7086.namprd15.prod.outlook.com>,AAMkAGQyODM5ZWI1LTQ0NDAtNDZiOS1hYTIzLTdjOGM3NDRlNjQ4MgBGAAAAAAAggjN_BHG4TI2Iz-JKRqfaBwDXcyWbp23lSoY0i7GBv6N_AAAAAAEMAADXcyWbp23lSoY0i7GBv6N_AAOoEEBcAAA=,
U164,Undo plan,2026-09-23 07:58,2026-09-23T12:58:06Z,Safety-Kleen,Reminder: We still want to hear from you—just 5 quick questions!,,Inbox,Inbox,Inbox,no,CATEGORY_ONLY,time+subject+sender,1,Reminder: We still want to hear from you—just 5 quick questions!,info@safety-kleen.com,Inbox,AI Needs Review,AI Needs Review,2026-10-06T13:26:38Z,,<XZUXTUYZA$UACTUZBVBVYCV@mail-out.via.act-on.net>,AAMkAGQyODM5ZWI1LTQ0NDAtNDZiOS1hYTIzLTdjOGM3NDRlNjQ4MgBGAAAAAAAggjN_BHG4TI2Iz-JKRqfaBwDXcyWbp23lSoY0i7GBv6N_AAAAAAEMAADXcyWbp23lSoY0i7GBv6N_AAOoEEC4AAA=,
U165,Undo plan,2026-09-23 10:55,2026-09-23T15:55:51Z,Stella Source,Customers without files can now order online,,Inbox,Inbox,Inbox,no,CATEGORY_ONLY,time+subject+sender,1,Customers without files can now order online,stella@stellasource.com,Inbox,AI Needs Review,AI Needs Review,2026-10-06T13:26:39Z,,<1790178892873.d835321d-4f80-425c-bcd1-1062ebb7648c@39904113m.stellasource.com>,AAMkAGQyODM5ZWI1LTQ0NDAtNDZiOS1hYTIzLTdjOGM3NDRlNjQ4MgBGAAAAAAAggjN_BHG4TI2Iz-JKRqfaBwDXcyWbp23lSoY0i7GBv6N_AAAAAAEMAADXcyWbp23lSoY0i7GBv6N_AAOoEEC5AAA=,
U166,Undo plan,2026-09-23 11:12,2026-09-23T16:12:11Z,Amazon Business,Prime Big Deal Days arrive soon,,Inbox,Inbox,Inbox,no,CATEGORY_ONLY,time+subject+sender,1,Prime Big Deal Days arrive soon,no-reply@business.amazon.com,Inbox,AI Needs Review,AI Needs Review,2026-10-06T13:26:39Z,,<010001a0cf09e2c2-1273f4c0-80d5-4aa4-8b7e-e8d5f106f4cc-000000@email.amazonses.com>,AAMkAGQyODM5ZWI1LTQ0NDAtNDZiOS1hYTIzLTdjOGM3NDRlNjQ4MgBGAAAAAAAggjN_BHG4TI2Iz-JKRqfaBwDXcyWbp23lSoY0i7GBv6N_AAAAAAEMAADXcyWbp23lSoY0i7GBv6N_AAOoEEC6AAA=,
U167,Undo plan,2026-09-23 12:55,2026-09-23T17:55:38Z,RE: A. M. Castle & Co. Payment Inquiry: KANNON MFG INC,,43293871,Inbox,Inbox,Inbox,no,CATEGORY_ONLY,time+sender-in-subject,1,RE: A. M. Castle & Co. Payment Inquiry: KANNON MFG INC-FT WORTH #32279,accountspayable@kannonmfg.com,Inbox,AI Needs Review,AI Needs Review,2026-10-06T13:25:36Z,,<CO1PR15MB4955A14EA2838D4A96EB42E0CE822@CO1PR15MB4955.namprd15.prod.outlook.com>,AAMkAGQyODM5ZWI1LTQ0NDAtNDZiOS1hYTIzLTdjOGM3NDRlNjQ4MgBGAAAAAAAggjN_BHG4TI2Iz-JKRqfaBwDXcyWbp23lSoY0i7GBv6N_AAAAAAEMAADXcyWbp23lSoY0i7GBv6N_AAOoEEBdAAA=,
U168,Undo plan,2026-09-23 13:19,2026-09-23T18:19:15Z,RE: A. M. Castle & Co. Payment Inquiry: KANNON MFG INC,RE: A. M. Castle & Co. Payment Inquiry: KANNON MFG INC-FT WORTH #32279,43293871,Inbox,Inbox,Inbox,no,CATEGORY_ONLY,time+subject+sender-in-subject,1,RE: A. M. Castle & Co. Payment Inquiry: KANNON MFG INC-FT WORTH #32279,pguedry@amcastle.com,Inbox,AI Needs Review,AI Needs Review,2026-10-06T13:25:54Z,,<SA3PR11MB797842590E52486C13122CAADD822@SA3PR11MB7978.namprd11.prod.outlook.com>,AAMkAGQyODM5ZWI1LTQ0NDAtNDZiOS1hYTIzLTdjOGM3NDRlNjQ4MgBGAAAAAAAggjN_BHG4TI2Iz-JKRqfaBwDXcyWbp23lSoY0i7GBv6N_AAAAAAEMAADXcyWbp23lSoY0i7GBv6N_AAOoEEBeAAA=,
U169,Undo plan,2026-09-23 13:45,2026-09-23T18:45:52Z,Mark Henry,,,Inbox,Inbox,Inbox,no,CATEGORY_ONLY,time+sender,1,RE: [EXTERNAL]  RE: Kannon Mfg/EMJ skipped invoice,MHENRY@EMJMETALS.COM,Inbox,AI Needs Review,AI Needs Review,2026-10-06T13:25:39Z,,<MW4SPRMB0088C0D404B80C95294CB236D0822@MW4SPRMB0088.namprd19.prod.outlook.com>,AAMkAGQyODM5ZWI1LTQ0NDAtNDZiOS1hYTIzLTdjOGM3NDRlNjQ4MgBGAAAAAAAggjN_BHG4TI2Iz-JKRqfaBwDXcyWbp23lSoY0i7GBv6N_AAAAAAEMAADXcyWbp23lSoY0i7GBv6N_AAOoEEBfAAA=,
U170,Undo plan,2026-09-23 16:21,2026-09-23T21:21:54Z,"Fw: Your receipt from Anthropic, PBC #2636",,,Inbox,Inbox,Inbox,no,CATEGORY_ONLY,time+sender-in-subject,1,"Fw: Your receipt from Anthropic, PBC #2636-8504-5906",Shawn.McKibben@kannonmfg.com,Inbox,AI Needs Review,AI Needs Review,2026-10-06T13:25:55Z,,<PH0PR15MB707394F12938BF2A6B71FF9898822@PH0PR15MB7073.namprd15.prod.outlook.com>,AAMkAGQyODM5ZWI1LTQ0NDAtNDZiOS1hYTIzLTdjOGM3NDRlNjQ4MgBGAAAAAAAggjN_BHG4TI2Iz-JKRqfaBwDXcyWbp23lSoY0i7GBv6N_AAAAAAEMAADXcyWbp23lSoY0i7GBv6N_AAOoEEBgAAA=,
U171,Undo plan,2026-09-23 16:47,2026-09-23T21:47:53Z,Shawn McKibben,"Fw: [EXTERNAL]Re: [EXTERNAL]Fw: [EXTERNAL]Re: [EXTERNAL]Fw: 3/8"" 60 x 96 A36  WO 35007.17 ",,Inbox,Inbox,Inbox,no,CATEGORY_ONLY,time+subject+sender,1,"Fw: [EXTERNAL]Re: [EXTERNAL]Fw: [EXTERNAL]Re: [EXTERNAL]Fw: 3/8"" 60 x 96 A36  WO 35007.17 ",Shawn.McKibben@kannonmfg.com,Inbox,AI Needs Review,AI Needs Review,2026-10-06T13:26:40Z,,<PH0PR15MB7073BDEFBAFEE50B40BE6B1C98822@PH0PR15MB7073.namprd15.prod.outlook.com>,AAMkAGQyODM5ZWI1LTQ0NDAtNDZiOS1hYTIzLTdjOGM3NDRlNjQ4MgBGAAAAAAAggjN_BHG4TI2Iz-JKRqfaBwDXcyWbp23lSoY0i7GBv6N_AAAAAAEMAADXcyWbp23lSoY0i7GBv6N_AAOoEEC7AAA=,
U172,Undo plan,2026-09-24 08:00,2026-09-24T13:00:55Z,A. M. Castle & Co.,Precision Waterjet Cutting That Keeps Production Moving,,Inbox,Inbox,Inbox,no,CATEGORY_ONLY,time+subject+sender,1,Precision Waterjet Cutting That Keeps Production Moving,customersupport@amcastle.com,Inbox,AI Needs Review,AI Needs Review,2026-10-06T13:26:41Z,,<1142348110515.1139806129752.1798690376.0.350900JL.2002@synd.ccsend.com>,AAMkAGQyODM5ZWI1LTQ0NDAtNDZiOS1hYTIzLTdjOGM3NDRlNjQ4MgBGAAAAAAAggjN_BHG4TI2Iz-JKRqfaBwDXcyWbp23lSoY0i7GBv6N_AAAAAAEMAADXcyWbp23lSoY0i7GBv6N_AAOoEEC8AAA=,
U173,Undo plan,2026-09-24 09:16,2026-09-24T14:16:00Z,"Alternative Machinery Sales, Inc.",Time-Sensitive: 2015 LCG3015NT (3.5KW) & 2006 AMADA FO3015NT (4KW),,Inbox,Inbox,Inbox,no,CATEGORY_ONLY,time+subject+sender,1,Time-Sensitive: 2015 LCG3015NT (3.5KW) & 2006 AMADA FO3015NT (4KW),crdingley@altparts.com,Inbox,AI Needs Review,AI Needs Review,2026-10-06T13:26:41Z,,<1142348923617.1105302425625.1311719236.0.321007JL.2002@synd.ccsend.com>,AAMkAGQyODM5ZWI1LTQ0NDAtNDZiOS1hYTIzLTdjOGM3NDRlNjQ4MgBGAAAAAAAggjN_BHG4TI2Iz-JKRqfaBwDXcyWbp23lSoY0i7GBv6N_AAAAAAEMAADXcyWbp23lSoY0i7GBv6N_AAOoEEC9AAA=,
U174,Undo plan,2026-09-24 09:57,2026-09-24T14:57:25Z,Pat Wright,IPFS Finance Note for Products/Completed Operations-Kannon Manufacturing TXH-F22041,,Inbox,Inbox,Inbox,no,CATEGORY_ONLY,time+subject+sender,1,IPFS Finance Note for Products/Completed Operations-Kannon Manufacturing TXH-F22041,PWright@higginbotham.net,Inbox,AI Needs Review,AI Needs Review,2026-10-06T13:26:42Z,,<PH7PR12MB7306F4A8F4C8F8451FD40FC1D7812@PH7PR12MB7306.namprd12.prod.outlook.com>,AAMkAGQyODM5ZWI1LTQ0NDAtNDZiOS1hYTIzLTdjOGM3NDRlNjQ4MgBGAAAAAAAggjN_BHG4TI2Iz-JKRqfaBwDXcyWbp23lSoY0i7GBv6N_AAAAAAEMAADXcyWbp23lSoY0i7GBv6N_AAOoEEC_AAA=,
U175,Undo plan,2026-09-24 11:09,2026-09-24T16:09:48Z,Resell CNC Auctions,Precision Mazak CNC Facility Auction - Next Week,,Inbox,Inbox,Inbox,no,CATEGORY_ONLY,time+subject+sender+sender-in-subject,1,Precision Mazak CNC Facility Auction - Next Week,auctions@resellcnc.com,Inbox,AI Needs Review,AI Needs Review,2026-10-06T13:26:43Z,,<cfb0990b-ef4e-480f-990d-9dfbcaf5cdc9@atl1s07mta1287.xt.local>,AAMkAGQyODM5ZWI1LTQ0NDAtNDZiOS1hYTIzLTdjOGM3NDRlNjQ4MgBGAAAAAAAggjN_BHG4TI2Iz-JKRqfaBwDXcyWbp23lSoY0i7GBv6N_AAAAAAEMAADXcyWbp23lSoY0i7GBv6N_AAOoEEC-AAA=,
U176,Undo plan,2026-09-24 11:55,2026-09-24T16:55:46Z,"Steel Inspectors of Texas, Inc.",,,Inbox,Inbox,Inbox,no,CATEGORY_ONLY,time+sender+sender-in-subject,1,"New payment request from Steel Inspectors of Texas, Inc. - invoice",quickbooks@notification.intuit.com,Inbox,AI Needs Review,AI Needs Review,2026-10-06T13:25:40Z,,<noBu83ZPQOCDuqCQN2rSIA@geopod-ismtpd-1>,AAMkAGQyODM5ZWI1LTQ0NDAtNDZiOS1hYTIzLTdjOGM3NDRlNjQ4MgBGAAAAAAAggjN_BHG4TI2Iz-JKRqfaBwDXcyWbp23lSoY0i7GBv6N_AAAAAAEMAADXcyWbp23lSoY0i7GBv6N_AAOoEEBhAAA=,
U177,Undo plan,2026-09-24 11:58,2026-09-24T16:58:01Z,"Steel Inspectors of Texas, Inc.",,,Inbox,Inbox,Inbox,no,CATEGORY_ONLY,time+sender+sender-in-subject,1,"New payment request from Steel Inspectors of Texas, Inc. - invoice",quickbooks@notification.intuit.com,Inbox,AI Needs Review,AI Needs Review,2026-10-06T13:25:40Z,,<Qch6aiJ-RMy9H63tjKF-eA@geopod-ismtpd-0>,AAMkAGQyODM5ZWI1LTQ0NDAtNDZiOS1hYTIzLTdjOGM3NDRlNjQ4MgBGAAAAAAAggjN_BHG4TI2Iz-JKRqfaBwDXcyWbp23lSoY0i7GBv6N_AAAAAAEMAADXcyWbp23lSoY0i7GBv6N_AAOoEEBiAAA=,
U178,Undo plan,2026-09-24 14:46,2026-09-24T19:46:22Z,"Sullivan, Maria",ORDER PENDING ,,Inbox,Inbox,Inbox,no,CATEGORY_ONLY,time+subject+sender,1,ORDER PENDING ,MSulliv@onealsteel.com,Inbox,AI Needs Review,AI Needs Review,2026-10-06T13:26:43Z,,<SJ2PR16MB591653899FEDB9CB56880E6DC3812@SJ2PR16MB5916.namprd16.prod.outlook.com>,AAMkAGQyODM5ZWI1LTQ0NDAtNDZiOS1hYTIzLTdjOGM3NDRlNjQ4MgBGAAAAAAAggjN_BHG4TI2Iz-JKRqfaBwDXcyWbp23lSoY0i7GBv6N_AAAAAAEMAADXcyWbp23lSoY0i7GBv6N_AAOoEEDAAAA=,
U179,Undo plan,2026-09-24 15:05,2026-09-24T20:05:01Z,Shawn McKibben,Re: ORDER PENDING ,,Inbox,Inbox,Inbox,no,CATEGORY_ONLY,time+subject+sender,1,Re: ORDER PENDING ,Shawn.McKibben@kannonmfg.com,Inbox,AI Needs Review,AI Needs Review,2026-10-06T13:26:44Z,,<PH0PR15MB70731261D8305CBF0C04333098812@PH0PR15MB7073.namprd15.prod.outlook.com>,AAMkAGQyODM5ZWI1LTQ0NDAtNDZiOS1hYTIzLTdjOGM3NDRlNjQ4MgBGAAAAAAAggjN_BHG4TI2Iz-JKRqfaBwDXcyWbp23lSoY0i7GBv6N_AAAAAAEMAADXcyWbp23lSoY0i7GBv6N_AAOoEEDBAAA=,
U180,Undo plan,2026-09-24 15:08,2026-09-24T20:08:03Z,"Sullivan, Maria",,,Inbox,Inbox,Inbox,no,CATEGORY_ONLY,time+sender,1,RE: [EXTERNAL]Re: ORDER PENDING   14748440 KANNON MFG,MSulliv@onealsteel.com,Inbox,AI Needs Review,AI Needs Review,2026-10-06T13:25:41Z,,<SJ2PR16MB59169A6EA770FF054F118F25C3812@SJ2PR16MB5916.namprd16.prod.outlook.com>,AAMkAGQyODM5ZWI1LTQ0NDAtNDZiOS1hYTIzLTdjOGM3NDRlNjQ4MgBGAAAAAAAggjN_BHG4TI2Iz-JKRqfaBwDXcyWbp23lSoY0i7GBv6N_AAAAAAEMAADXcyWbp23lSoY0i7GBv6N_AAOoEEBjAAA=,
U181,Undo plan,2026-09-24 15:27,2026-09-24T20:27:42Z,"Goings, Alfred",RE: [EXTERNAL]Re: ORDER PENDING   14748440 KANNON MFG,,Inbox,Inbox,Inbox,no,CATEGORY_ONLY,time+subject+sender,1,RE: [EXTERNAL]Re: ORDER PENDING   14748440 KANNON MFG,AGoings@onealsteel.com,Inbox,AI Needs Review,AI Needs Review,2026-10-06T13:27:01Z,,<IA6PR16MB700745D98C0A25F9B7C22AD8CD812@IA6PR16MB7007.namprd16.prod.outlook.com>,AAMkAGQyODM5ZWI1LTQ0NDAtNDZiOS1hYTIzLTdjOGM3NDRlNjQ4MgBGAAAAAAAggjN_BHG4TI2Iz-JKRqfaBwDXcyWbp23lSoY0i7GBv6N_AAAAAAEMAADXcyWbp23lSoY0i7GBv6N_AAOoEEDCAAA=,
U182,Undo plan,2026-09-24 16:26,2026-09-24T21:26:14Z,Kannon Manufacturing,,,Inbox,Inbox,Inbox,no,CATEGORY_ONLY,time+sender-in-subject,1,Kannon Manufacturing---Refund,florence.dalton@tkaccelis.com,Inbox,AI Needs Review,AI Needs Review,2026-10-06T13:25:57Z,,<CH9PR06MB024715FCE1E91649C59A40C101F0812@CH9PR06MB024715.namprd06.prod.outlook.com>,AAMkAGQyODM5ZWI1LTQ0NDAtNDZiOS1hYTIzLTdjOGM3NDRlNjQ4MgBGAAAAAAAggjN_BHG4TI2Iz-JKRqfaBwDXcyWbp23lSoY0i7GBv6N_AAAAAAEMAADXcyWbp23lSoY0i7GBv6N_AAOoEEBkAAA=,
U183,Undo plan,2026-09-24 23:18,2026-09-25T04:18:01Z,Amazon Business,Celebrate Hispanic Heritage,,Inbox,Inbox,Inbox,no,CATEGORY_ONLY,time+subject+sender,1,Celebrate Hispanic Heritage,no-reply@business.amazon.com,Inbox,AI Needs Review,AI Needs Review,2026-10-06T13:26:45Z,,<010001a0d49e1c95-9cb90e58-d381-4f35-a711-4453e20ddd5a-000000@email.amazonses.com>,AAMkAGQyODM5ZWI1LTQ0NDAtNDZiOS1hYTIzLTdjOGM3NDRlNjQ4MgBGAAAAAAAggjN_BHG4TI2Iz-JKRqfaBwDXcyWbp23lSoY0i7GBv6N_AAAAAAEMAADXcyWbp23lSoY0i7GBv6N_AAOoEEDDAAA=,
U184,Undo plan,2026-09-25 06:13,2026-09-25T11:13:56Z,Kloeckner Metals Corporation,,,Inbox,Inbox,Inbox,no,CONFLICT,time,1,Kannon Manufacturing Inc - Proactive Reminder,no-reply@highradius.com,Inbox,AI Needs Review,AI Needs Review,2026-10-06T13:25:58Z,,<602088456.5627.1790334830531@production-awsus-cls-corr-executor-8013-56554674f9-zfs7l>,AAMkAGQyODM5ZWI1LTQ0NDAtNDZiOS1hYTIzLTdjOGM3NDRlNjQ4MgBGAAAAAAAggjN_BHG4TI2Iz-JKRqfaBwDXcyWbp23lSoY0i7GBv6N_AAAAAAEMAADXcyWbp23lSoY0i7GBv6N_AAOoEEBlAAA=,unique timestamp match but sender/subject/invoice not corroborated
U185,Undo plan,2026-09-25 09:54,2026-09-25T14:54:02Z,Shawn McKibben,Re: [EXTERNAL]Re: ORDER PENDING   14748440 KANNON MFG,,Inbox,Inbox,Inbox,no,CATEGORY_ONLY,time+subject+sender,1,Re: [EXTERNAL]Re: ORDER PENDING   14748440 KANNON MFG,Shawn.McKibben@kannonmfg.com,Inbox,AI Needs Review,AI Needs Review,2026-10-06T13:26:46Z,,<PH0PR15MB7073D1289D41C55A0564A8EF98802@PH0PR15MB7073.namprd15.prod.outlook.com>,AAMkAGQyODM5ZWI1LTQ0NDAtNDZiOS1hYTIzLTdjOGM3NDRlNjQ4MgBGAAAAAAAggjN_BHG4TI2Iz-JKRqfaBwDXcyWbp23lSoY0i7GBv6N_AAAAAAEMAADXcyWbp23lSoY0i7GBv6N_AAOoEEDEAAA=,
U186,Undo plan,2026-09-25 09:55,2026-09-25T14:55:28Z,Shawn McKibben,Fw: PALLETS 8' PO 59073,,Inbox,Inbox,Inbox,no,CATEGORY_ONLY,time+subject+sender,1,Fw: PALLETS 8' PO 59073,Shawn.McKibben@kannonmfg.com,Inbox,AI Needs Review,AI Needs Review,2026-10-06T13:26:46Z,,<PH0PR15MB7073A062CB5C07EDDF7CDA2898802@PH0PR15MB7073.namprd15.prod.outlook.com>,AAMkAGQyODM5ZWI1LTQ0NDAtNDZiOS1hYTIzLTdjOGM3NDRlNjQ4MgBGAAAAAAAggjN_BHG4TI2Iz-JKRqfaBwDXcyWbp23lSoY0i7GBv6N_AAAAAAEMAADXcyWbp23lSoY0i7GBv6N_AAOoEEDFAAA=,
U187,Undo plan,2026-09-25 09:58,2026-09-25T14:58:12Z,"Sullivan, Maria",RE: [EXTERNAL]Re: [EXTERNAL]Re: ORDER PENDING   14748440 KANNON MFG,,Inbox,Inbox,Inbox,no,CATEGORY_ONLY,time+subject+sender,1,RE: [EXTERNAL]Re: [EXTERNAL]Re: ORDER PENDING   14748440 KANNON MFG,MSulliv@onealsteel.com,Inbox,AI Needs Review,AI Needs Review,2026-10-06T13:26:47Z,,<SJ2PR16MB5916C96EBDE1469D23DD0FFFC3802@SJ2PR16MB5916.namprd16.prod.outlook.com>,AAMkAGQyODM5ZWI1LTQ0NDAtNDZiOS1hYTIzLTdjOGM3NDRlNjQ4MgBGAAAAAAAggjN_BHG4TI2Iz-JKRqfaBwDXcyWbp23lSoY0i7GBv6N_AAAAAAEMAADXcyWbp23lSoY0i7GBv6N_AAOoEEDGAAA=,
U188,Undo plan,2026-09-25 10:09,2026-09-25T15:09:11Z,LaVanture Products Company,Reminder:  LaVanture Open House 2026 - Next Wednesday,,Inbox,Inbox,Inbox,no,CATEGORY_ONLY,time+subject+sender+sender-in-subject,1,Reminder:  LaVanture Open House 2026 - Next Wednesday,richard@lavanture.ccsend.com,Inbox,AI Needs Review,AI Needs Review,2026-10-06T13:26:48Z,,<1142349263668.1108538024187.1627969564.0.251106JL.2002@synd.ccsend.com>,AAMkAGQyODM5ZWI1LTQ0NDAtNDZiOS1hYTIzLTdjOGM3NDRlNjQ4MgBGAAAAAAAggjN_BHG4TI2Iz-JKRqfaBwDXcyWbp23lSoY0i7GBv6N_AAAAAAEMAADXcyWbp23lSoY0i7GBv6N_AAOoEEDHAAA=,
U189,Undo plan,2026-09-25 11:45,2026-09-25T16:45:06Z,Capital Machine,The Right Machine Should Come With the Right People Behind It,,Inbox,Inbox,Inbox,no,CATEGORY_ONLY,time+subject+sender+sender-in-subject,1,The Right Machine Should Come With the Right People Behind It,info@capitalmachine.com,Inbox,AI Needs Review,AI Needs Review,2026-10-06T13:26:49Z,,<1790354703375.12c4e611-43a9-48c3-a240-17da18896743@bf08x.hubspotemail.net>,AAMkAGQyODM5ZWI1LTQ0NDAtNDZiOS1hYTIzLTdjOGM3NDRlNjQ4MgBGAAAAAAAggjN_BHG4TI2Iz-JKRqfaBwDXcyWbp23lSoY0i7GBv6N_AAAAAAEMAADXcyWbp23lSoY0i7GBv6N_AAOoEEDIAAA=,
U190,Undo plan,2026-09-25 12:37,2026-09-25T17:37:18Z,Resell CNC Auctions,Ends Next Week - Like New Porta Solutions 5-Axis 3-Spindle Muticenters Auction,,Inbox,Inbox,Inbox,no,CATEGORY_ONLY,time+subject+sender,1,Ends Next Week - Like New Porta Solutions 5-Axis 3-Spindle Muticenters Auction,auctions@resellcnc.com,Inbox,AI Needs Review,AI Needs Review,2026-10-06T13:26:49Z,,<9b45c1b7-3bc2-467d-8b0f-8223453c6692@atl1s07mta1286.xt.local>,AAMkAGQyODM5ZWI1LTQ0NDAtNDZiOS1hYTIzLTdjOGM3NDRlNjQ4MgBGAAAAAAAggjN_BHG4TI2Iz-JKRqfaBwDXcyWbp23lSoY0i7GBv6N_AAAAAAEMAADXcyWbp23lSoY0i7GBv6N_AAOoEEDJAAA=,
U191,Undo plan,2026-09-25 13:05,2026-09-25T18:05:22Z,Resell CNC,2021 Accu-Cut 6SM Honing Machine w/Fanuc Robot,,Inbox,Inbox,Inbox,no,CATEGORY_ONLY,time+subject+sender,1,2021 Accu-Cut 6SM Honing Machine w/Fanuc Robot,auctions@resellcnc.com,Inbox,AI Needs Review,AI Needs Review,2026-10-06T13:26:50Z,,<ba54ba6f-7b81-4267-b5ae-98525df2fc23@atl1s07mta1284.xt.local>,AAMkAGQyODM5ZWI1LTQ0NDAtNDZiOS1hYTIzLTdjOGM3NDRlNjQ4MgBGAAAAAAAggjN_BHG4TI2Iz-JKRqfaBwDXcyWbp23lSoY0i7GBv6N_AAAAAAEMAADXcyWbp23lSoY0i7GBv6N_AAOoEEDKAAA=,
U192,Undo plan,2026-09-26 08:14,2026-09-26T13:14:49Z,Jake Josko,"3 Auctions Ending Soon - Mazak CNC Facility, Firearms Mfg Shop & Deerfield Electric",,Inbox,Inbox,Inbox,no,CATEGORY_ONLY,time+subject+sender,1,"3 Auctions Ending Soon - Mazak CNC Facility, Firearms Mfg Shop & Deerfield Electric",jake@resellcnc.com,Inbox,AI Needs Review,AI Needs Review,2026-10-06T13:27:06Z,,<d41e1522-d51b-4356-aec3-d68473925ae3@atl1s07mta1282.xt.local>,AAMkAGQyODM5ZWI1LTQ0NDAtNDZiOS1hYTIzLTdjOGM3NDRlNjQ4MgBGAAAAAAAggjN_BHG4TI2Iz-JKRqfaBwDXcyWbp23lSoY0i7GBv6N_AAAAAAEMAADXcyWbp23lSoY0i7GBv6N_AAOoEEDLAAA=,
U193,Undo plan,2026-09-26 16:28,2026-09-26T21:28:04Z,DoNotReply@ColonialLife.com,,,Inbox,Inbox,Inbox,no,CATEGORY_ONLY,time+sender,1,Your Invoice is Ready for You,DoNotReply@ColonialLife.com,Inbox,AI Needs Review,AI Needs Review,2026-10-06T13:25:43Z,,<29043222-2ef1-47a1-a15e-cfa04fc42724@EXMBX0WABPR005.up.corp.upc>,AAMkAGQyODM5ZWI1LTQ0NDAtNDZiOS1hYTIzLTdjOGM3NDRlNjQ4MgBGAAAAAAAggjN_BHG4TI2Iz-JKRqfaBwDXcyWbp23lSoY0i7GBv6N_AAAAAAEMAADXcyWbp23lSoY0i7GBv6N_AAOoEEBmAAA=,
U194,Undo plan,2026-09-28 01:51,2026-09-28T06:51:26Z,Coherent Corp.,,,Inbox,Inbox,Inbox,no,CATEGORY_ONLY,time+sender+sender-in-subject,1,Open items on account with Coherent Corp. ~ CN#1165395 ~ Kannon Manufacturing Inc,ThianWei.Tan@coherent.com,Inbox,AI Needs Review,AI Needs Review,2026-10-06T13:25:59Z,,<SA0PR07MB7578C4F33251E08BE1B0E2E3ED8D2@SA0PR07MB7578.namprd07.prod.outlook.com>,AAMkAGQyODM5ZWI1LTQ0NDAtNDZiOS1hYTIzLTdjOGM3NDRlNjQ4MgBGAAAAAAAggjN_BHG4TI2Iz-JKRqfaBwDXcyWbp23lSoY0i7GBv6N_AAAAAAEMAADXcyWbp23lSoY0i7GBv6N_AAOoEEBnAAA=,
U195,Undo plan,2026-09-28 09:38,2026-09-28T14:38:55Z,"Sullivan, Maria",RE: [EXTERNAL]Re: [EXTERNAL]Re: ORDER PENDING   14748440 KANNON MFG,,Inbox,Inbox,Inbox,no,CATEGORY_ONLY,time+subject+sender,1,RE: [EXTERNAL]Re: [EXTERNAL]Re: ORDER PENDING   14748440 KANNON MFG,MSulliv@onealsteel.com,Inbox,AI Needs Review,AI Needs Review,2026-10-06T13:26:51Z,,<SJ2PR16MB5916C4D0B861EAB1F8E45267C38D2@SJ2PR16MB5916.namprd16.prod.outlook.com>,AAMkAGQyODM5ZWI1LTQ0NDAtNDZiOS1hYTIzLTdjOGM3NDRlNjQ4MgBGAAAAAAAggjN_BHG4TI2Iz-JKRqfaBwDXcyWbp23lSoY0i7GBv6N_AAAAAAEMAADXcyWbp23lSoY0i7GBv6N_AAOoEEDMAAA=,
U196,Undo plan,2026-09-28 10:50,2026-09-28T15:50:03Z,Ck# 16850,,,Inbox,Inbox,Inbox,no,CATEGORY_ONLY,time+sender-in-subject,1,Ck# 16850,Shawn.McKibben@kannonmfg.com,Inbox,AI Needs Review,AI Needs Review,2026-10-06T13:26:00Z,,<PH0PR15MB70732A54616666415908D41C988D2@PH0PR15MB7073.namprd15.prod.outlook.com>,AAMkAGQyODM5ZWI1LTQ0NDAtNDZiOS1hYTIzLTdjOGM3NDRlNjQ4MgBGAAAAAAAggjN_BHG4TI2Iz-JKRqfaBwDXcyWbp23lSoY0i7GBv6N_AAAAAAEMAADXcyWbp23lSoY0i7GBv6N_AAOoEEBoAAA=,
U197,Undo plan,2026-09-28 11:29,2026-09-28T16:29:05Z,VistaPrint,"Sip, sip, save $50 off qualifying orders $150+",,Inbox,Inbox,Inbox,no,CATEGORY_ONLY,time+subject+sender,1,"Sip, sip, save $50 off qualifying orders $150+",vistaprint@mail.vistaprint.com,Inbox,AI Needs Review,AI Needs Review,2026-10-06T13:26:52Z,,<78.76.38326.3C59ABA6@i-0dff98569f570f183.mta1vrest.sd.prd.sparkpost>,AAMkAGQyODM5ZWI1LTQ0NDAtNDZiOS1hYTIzLTdjOGM3NDRlNjQ4MgBGAAAAAAAggjN_BHG4TI2Iz-JKRqfaBwDXcyWbp23lSoY0i7GBv6N_AAAAAAEMAADXcyWbp23lSoY0i7GBv6N_AAOoEEDNAAA=,
U198,Undo plan,2026-09-28 12:20,2026-09-28T17:20:21Z,Rashon Smith,,,Inbox,Inbox,Inbox,no,CATEGORY_ONLY,time+sender,1,CN#321417 ***Urgent Payment Information***,Rashon.Smith@mcnichols.com,Inbox,AI Needs Review,AI Needs Review,2026-10-06T13:25:45Z,,<PH0PR13MB5068F2B2A522D5A9E11509A88B8D2@PH0PR13MB5068.namprd13.prod.outlook.com>,AAMkAGQyODM5ZWI1LTQ0NDAtNDZiOS1hYTIzLTdjOGM3NDRlNjQ4MgBGAAAAAAAggjN_BHG4TI2Iz-JKRqfaBwDXcyWbp23lSoY0i7GBv6N_AAAAAAEMAADXcyWbp23lSoY0i7GBv6N_AAOoEEBpAAA=,
U199,Undo plan,2026-09-28 23:09,2026-09-29T04:09:07Z,"Meridian Finance, Llc",,,Inbox,Inbox,Inbox,no,CONFLICT,time,1,NOTICE OF INTENT TO CANCEL for KANNON MANUFACTURING INC - TXH-F22041 - HIGGINBOTHAM - FORT WORTH - 9/28/2026 - Imperial PFS® Forms/Letters.,DoNotReply@ipfs.com,Inbox,AI Needs Review,AI Needs Review,2026-10-06T13:26:01Z,,<edor-obXTyKI4zxOrq7Yvg@geopod-ismtpd-71>,AAMkAGQyODM5ZWI1LTQ0NDAtNDZiOS1hYTIzLTdjOGM3NDRlNjQ4MgBGAAAAAAAggjN_BHG4TI2Iz-JKRqfaBwDXcyWbp23lSoY0i7GBv6N_AAAAAAEMAADXcyWbp23lSoY0i7GBv6N_AAOoEEBqAAA=,unique timestamp match but sender/subject/invoice not corroborated
U200,Undo plan,2026-09-28 23:48,2026-09-29T04:48:59Z,"Gas and Supply North Texas, LLC",,0040455291 | 0040455615 | 0040455879 | 0040455916,Inbox,Inbox,Inbox,no,CATEGORY_ONLY,time+sender-in-subject,1,Gas&Supply Invoice/Statement,billing@gasandsupply.com,Inbox,AI Needs Review,AI Needs Review,2026-10-06T13:26:02Z,,<RMC-LA-BTR-TIM8NQpt0000011f@gasandsupply.com>,AAMkAGQyODM5ZWI1LTQ0NDAtNDZiOS1hYTIzLTdjOGM3NDRlNjQ4MgBGAAAAAAAggjN_BHG4TI2Iz-JKRqfaBwDXcyWbp23lSoY0i7GBv6N_AAAAAAEMAADXcyWbp23lSoY0i7GBv6N_AAOoEEBrAAA=,
U201,Undo plan,2026-09-29 07:08,2026-09-29T12:08:22Z,Alarm Billing Support,CryWolf False Alarm Case #02600565 has been Closed,,Inbox,Inbox,Inbox,no,CATEGORY_ONLY,time+subject+sender+sender-in-subject,1,CryWolf False Alarm Case #02600565 has been Closed,support@alarm-billing.com,Inbox,AI Needs Review,AI Needs Review,2026-10-06T13:26:53Z,,<3_tPKct5Qt6dCf15JqwUyA.PkMhiJRyAw-7qArnvoh9UTU@sfdc.net>,AAMkAGQyODM5ZWI1LTQ0NDAtNDZiOS1hYTIzLTdjOGM3NDRlNjQ4MgBGAAAAAAAggjN_BHG4TI2Iz-JKRqfaBwDXcyWbp23lSoY0i7GBv6N_AAAAAAEMAADXcyWbp23lSoY0i7GBv6N_AAOoEEDOAAA=,
U202,Undo plan,2026-09-29 07:58,2026-09-29T12:58:54Z,Metal Man News,The Steel Tubing Guide For Your Next Project!,,Inbox,Inbox,Inbox,no,CATEGORY_ONLY,time+subject+sender,1,The Steel Tubing Guide For Your Next Project!,emarketing@metalsupermarkets.com,Inbox,AI Needs Review,AI Needs Review,2026-10-06T13:26:53Z,,<13749734f1ae0ef2e8b8f9706.fcb203bd7b.20260929124753.7b883f39a2.8a12f089@mail4.use2001.mcdlv.net>,AAMkAGQyODM5ZWI1LTQ0NDAtNDZiOS1hYTIzLTdjOGM3NDRlNjQ4MgBGAAAAAAAggjN_BHG4TI2Iz-JKRqfaBwDXcyWbp23lSoY0i7GBv6N_AAAAAAEMAADXcyWbp23lSoY0i7GBv6N_AAOoEEDPAAA=,
U203,Undo plan,2026-09-29 08:18,2026-09-29T13:18:27Z,Alternative Parts Inc,,0099474-IN,Inbox,Inbox,Inbox,no,CONFLICT,time,1,Attached is the Invoice for Kannon Mfg dated 9/28/2026.,DoNotReply@altparts.com,Inbox,AI Needs Review,AI Needs Review,2026-10-06T13:26:03Z,,<4E8B9501A7D75891F7B57E3980DA4511EDF9AED7@SAGE2020>,AAMkAGQyODM5ZWI1LTQ0NDAtNDZiOS1hYTIzLTdjOGM3NDRlNjQ4MgBGAAAAAAAggjN_BHG4TI2Iz-JKRqfaBwDXcyWbp23lSoY0i7GBv6N_AAAAAAEMAADXcyWbp23lSoY0i7GBv6N_AAOoEEBsAAA=,unique timestamp match but sender/subject/invoice not corroborated
U204,Undo plan,2026-09-29 08:49,2026-09-29T13:49:09Z,Amazon Business,Big deals are coming,,Inbox,Inbox,Inbox,no,CATEGORY_ONLY,time+subject+sender,1,Big deals are coming,no-reply@business.amazon.com,Inbox,AI Needs Review,AI Needs Review,2026-10-06T13:26:54Z,,<010001a0ed6cfca8-e480357b-9900-4622-8897-e5ed38cff8fd-000000@email.amazonses.com>,AAMkAGQyODM5ZWI1LTQ0NDAtNDZiOS1hYTIzLTdjOGM3NDRlNjQ4MgBGAAAAAAAggjN_BHG4TI2Iz-JKRqfaBwDXcyWbp23lSoY0i7GBv6N_AAAAAAEMAADXcyWbp23lSoY0i7GBv6N_AAOoEEDQAAA=,
U205,Undo plan,2026-09-29 08:58,2026-09-29T13:58:33Z,LaVanture Products Company,LaVanture Open House 2026,,Inbox,Inbox,Inbox,no,CATEGORY_ONLY,time+subject+sender+sender-in-subject,1,LaVanture Open House 2026,richard@lavanture.ccsend.com,Inbox,AI Needs Review,AI Needs Review,2026-10-06T13:26:54Z,,<1142350067039.1108538024187.1627969564.0.250957JL.2002@synd.ccsend.com>,AAMkAGQyODM5ZWI1LTQ0NDAtNDZiOS1hYTIzLTdjOGM3NDRlNjQ4MgBGAAAAAAAggjN_BHG4TI2Iz-JKRqfaBwDXcyWbp23lSoY0i7GBv6N_AAAAAAEMAADXcyWbp23lSoY0i7GBv6N_AAOoEEDRAAA=,
U206,Undo plan,2026-09-29 09:05,2026-09-29T14:05:18Z,Colonial Life,Go online with Colonial Life for Clients,,Inbox,Inbox,Inbox,no,CATEGORY_ONLY,time+subject+sender+sender-in-subject,1,Go online with Colonial Life for Clients,connect@info.coloniallife.com,Inbox,AI Needs Review,AI Needs Review,2026-10-06T13:26:55Z,,<1790690646117.74ff02b8-017a-489f-9ee9-d50f74dd7480@21775334m.info.unum.com>,AAMkAGQyODM5ZWI1LTQ0NDAtNDZiOS1hYTIzLTdjOGM3NDRlNjQ4MgBGAAAAAAAggjN_BHG4TI2Iz-JKRqfaBwDXcyWbp23lSoY0i7GBv6N_AAAAAAEMAADXcyWbp23lSoY0i7GBv6N_AAOoEEDSAAA=,
U207,Undo plan,2026-09-29 10:20,2026-09-29T15:20:39Z,MSC Industrial Supply,,82970031,Inbox,Inbox,Inbox,no,CATEGORY_ONLY,time+sender-in-subject+invoice-in-subject,1,"MSC Invoice 82970031, SOUTHFIELD MI  48033-4432, Your PO# VENDING/1575     (DXED#202627211102638084E6)",donotreply@invoices.mscdirect.com,Inbox,AI Needs Review,AI Needs Review,2026-10-06T13:26:03Z,,<93818B4A47336D28B2543A3E0E4357E6A76DC835@DxProdV07.datamatx.local>,AAMkAGQyODM5ZWI1LTQ0NDAtNDZiOS1hYTIzLTdjOGM3NDRlNjQ4MgBGAAAAAAAggjN_BHG4TI2Iz-JKRqfaBwDXcyWbp23lSoY0i7GBv6N_AAAAAAEMAADXcyWbp23lSoY0i7GBv6N_AAOoEEBtAAA=,
U208,Undo plan,2026-09-29 10:46,2026-09-29T15:46:06Z,Shawn McKibben,Re: [EXTERNAL]Re: [EXTERNAL]Re: ORDER PENDING   14748440 KANNON MFG,,Inbox,Inbox,Inbox,no,CATEGORY_ONLY,time+subject+sender,1,Re: [EXTERNAL]Re: [EXTERNAL]Re: ORDER PENDING   14748440 KANNON MFG,Shawn.McKibben@kannonmfg.com,Inbox,AI Needs Review,AI Needs Review,2026-10-06T13:26:55Z,,<PH0PR15MB7073E5BC71C7913CBEF6DF6C988C2@PH0PR15MB7073.namprd15.prod.outlook.com>,AAMkAGQyODM5ZWI1LTQ0NDAtNDZiOS1hYTIzLTdjOGM3NDRlNjQ4MgBGAAAAAAAggjN_BHG4TI2Iz-JKRqfaBwDXcyWbp23lSoY0i7GBv6N_AAAAAAEMAADXcyWbp23lSoY0i7GBv6N_AAOoEEDTAAA=,
U209,Undo plan,2026-09-29 10:50,2026-09-29T15:50:08Z,"Sullivan, Maria",RE: [EXTERNAL]Re: [EXTERNAL]Re: [EXTERNAL]Re: ORDER PENDING   14748440 KANNON MFG,,Inbox,Inbox,Inbox,no,CATEGORY_ONLY,time+subject+sender,1,RE: [EXTERNAL]Re: [EXTERNAL]Re: [EXTERNAL]Re: ORDER PENDING   14748440 KANNON MFG,MSulliv@onealsteel.com,Inbox,AI Needs Review,AI Needs Review,2026-10-06T13:26:56Z,,<SJ2PR16MB59163F81B7CE2C1A7AAA34A2C38C2@SJ2PR16MB5916.namprd16.prod.outlook.com>,AAMkAGQyODM5ZWI1LTQ0NDAtNDZiOS1hYTIzLTdjOGM3NDRlNjQ4MgBGAAAAAAAggjN_BHG4TI2Iz-JKRqfaBwDXcyWbp23lSoY0i7GBv6N_AAAAAAEMAADXcyWbp23lSoY0i7GBv6N_AAOoEEDUAAA=,
U210,Undo plan,2026-09-29 11:45,2026-09-29T16:45:12Z,Capital Machine, Is Your Machine a Fit for Our Preventative Maintenance Program?,,Inbox,Inbox,Inbox,no,CATEGORY_ONLY,time+subject+sender+sender-in-subject,1, Is Your Machine a Fit for Our Preventative Maintenance Program?,info@capitalmachine.com,Inbox,AI Needs Review,AI Needs Review,2026-10-06T13:26:57Z,,<1790700306978.99c71652-b0ef-4a22-8758-a4993aacbf9a@bf08x.hubspotemail.net>,AAMkAGQyODM5ZWI1LTQ0NDAtNDZiOS1hYTIzLTdjOGM3NDRlNjQ4MgBGAAAAAAAggjN_BHG4TI2Iz-JKRqfaBwDXcyWbp23lSoY0i7GBv6N_AAAAAAEMAADXcyWbp23lSoY0i7GBv6N_AAOoEEDVAAA=,
U211,Undo plan,2026-09-29 12:08,2026-09-29T17:08:24Z,Donna Goss,,,Inbox,Inbox,Inbox,no,CATEGORY_ONLY,time+sender,1,credit on account ,dgoss@technitoolinc.com,Inbox,AI Needs Review,AI Needs Review,2026-10-06T13:25:48Z,,<PH0PR17MB4752EB2E78BB9008A45EBBACB88C2@PH0PR17MB4752.namprd17.prod.outlook.com>,AAMkAGQyODM5ZWI1LTQ0NDAtNDZiOS1hYTIzLTdjOGM3NDRlNjQ4MgBGAAAAAAAggjN_BHG4TI2Iz-JKRqfaBwDXcyWbp23lSoY0i7GBv6N_AAAAAAEMAADXcyWbp23lSoY0i7GBv6N_AAOoEEBuAAA=,
U212,Undo plan,2026-09-29 12:29,2026-09-29T17:29:42Z,Amazon.com,"Ordered: ""Amazon Basics Ultra Paper...""",,Inbox,Inbox,Inbox,no,CATEGORY_ONLY,time+subject+sender+sender-in-subject,1,"Ordered: ""Amazon Basics Ultra Paper...""",auto-confirm@amazon.com,Inbox,AI Needs Review,AI Needs Review,2026-10-06T13:26:57Z,,<010001a0ee37070c-2a7f8103-5135-4825-9afb-2e8c2d95cc61-000000@email.amazonses.com>,AAMkAGQyODM5ZWI1LTQ0NDAtNDZiOS1hYTIzLTdjOGM3NDRlNjQ4MgBGAAAAAAAggjN_BHG4TI2Iz-JKRqfaBwDXcyWbp23lSoY0i7GBv6N_AAAAAAEMAADXcyWbp23lSoY0i7GBv6N_AAOoEEDWAAA=,
U213,Undo plan,2026-09-29 12:50,2026-09-29T17:50:15Z,Jessica Aubrey,Bring Offers - Machine Shop Tool Cart In Texas,,Inbox,Inbox,Inbox,no,CATEGORY_ONLY,time+subject+sender,1,Bring Offers - Machine Shop Tool Cart In Texas,jessica@resellcnc.com,Inbox,AI Needs Review,AI Needs Review,2026-10-06T13:26:58Z,,<90ceb138-8821-46bb-a365-f37079fc5d5f@atl1s07mta1283.xt.local>,AAMkAGQyODM5ZWI1LTQ0NDAtNDZiOS1hYTIzLTdjOGM3NDRlNjQ4MgBGAAAAAAAggjN_BHG4TI2Iz-JKRqfaBwDXcyWbp23lSoY0i7GBv6N_AAAAAAEMAADXcyWbp23lSoY0i7GBv6N_AAOoEEDXAAA=,
U214,Undo plan,2026-09-29 13:49,2026-09-29T18:49:57Z,"Tex Industries, Inc",,,Inbox,Inbox,Inbox,no,CONFLICT,time,1,Invoice # 26-2891,accounting@jartex.com,Inbox,AI Needs Review,AI Needs Review,2026-10-06T13:26:05Z,,<ea3dbee758d0a1425e5c89d052046b6a@mail.gmail.com>,AAMkAGQyODM5ZWI1LTQ0NDAtNDZiOS1hYTIzLTdjOGM3NDRlNjQ4MgBGAAAAAAAggjN_BHG4TI2Iz-JKRqfaBwDXcyWbp23lSoY0i7GBv6N_AAAAAAEMAADXcyWbp23lSoY0i7GBv6N_AAOoEEBvAAA=,unique timestamp match but sender/subject/invoice not corroborated
U215,Undo plan,2026-09-29 13:50,2026-09-29T18:50:59Z,"Tex Industries, Inc",,,Inbox,Inbox,Inbox,no,CONFLICT,time,1,Invoice # 26-2892,accounting@jartex.com,Inbox,AI Needs Review,AI Needs Review,2026-10-06T13:26:07Z,,<cbc564ae0c9acd5bb99c7caac67a8e35@mail.gmail.com>,AAMkAGQyODM5ZWI1LTQ0NDAtNDZiOS1hYTIzLTdjOGM3NDRlNjQ4MgBGAAAAAAAggjN_BHG4TI2Iz-JKRqfaBwDXcyWbp23lSoY0i7GBv6N_AAAAAAEMAADXcyWbp23lSoY0i7GBv6N_AAOoEEBwAAA=,unique timestamp match but sender/subject/invoice not corroborated
U216,Undo plan,2026-09-29 13:51,2026-09-29T18:51:22Z,INVOICE 470471          PO 59216,,470471,Inbox,Inbox,Inbox,no,CATEGORY_ONLY,time+sender-in-subject+invoice-in-subject,1,INVOICE 470471          PO 59216,Rosana@fabcorp.com,Inbox,AI Needs Review,AI Needs Review,2026-10-06T13:26:08Z,,<BN7PR08MB38766A133A99E294C928DE5CDE8C2@BN7PR08MB3876.namprd08.prod.outlook.com>,AAMkAGQyODM5ZWI1LTQ0NDAtNDZiOS1hYTIzLTdjOGM3NDRlNjQ4MgBGAAAAAAAggjN_BHG4TI2Iz-JKRqfaBwDXcyWbp23lSoY0i7GBv6N_AAAAAAEMAADXcyWbp23lSoY0i7GBv6N_AAOoEEBxAAA=,
U217,Undo plan,2026-09-29 13:51,2026-09-29T18:51:42Z,"Tex Industries, Inc",,,Inbox,Inbox,Inbox,no,CONFLICT,time,1,Invoice # 26-2893,accounting@jartex.com,Inbox,AI Needs Review,AI Needs Review,2026-10-06T13:26:08Z,,<0f357e037fc19d6fcbde06dfb7f5cb9d@mail.gmail.com>,AAMkAGQyODM5ZWI1LTQ0NDAtNDZiOS1hYTIzLTdjOGM3NDRlNjQ4MgBGAAAAAAAggjN_BHG4TI2Iz-JKRqfaBwDXcyWbp23lSoY0i7GBv6N_AAAAAAEMAADXcyWbp23lSoY0i7GBv6N_AAOoEEByAAA=,unique timestamp match but sender/subject/invoice not corroborated
U218,Undo plan,2026-09-29 15:25,2026-09-29T20:25:08Z,Greentree Packaging & Lumber,,,Inbox,Inbox,Inbox,no,CATEGORY_ONLY,time+sender+sender-in-subject,1,Invoice from Greentree Packaging & Lumber,quickbooks@notification.intuit.com,Inbox,AI Needs Review,AI Needs Review,2026-10-06T13:26:09Z,,<icM-yvkuSeW6Ut3-lSZ3Gw@geopod-ismtpd-104>,AAMkAGQyODM5ZWI1LTQ0NDAtNDZiOS1hYTIzLTdjOGM3NDRlNjQ4MgBGAAAAAAAggjN_BHG4TI2Iz-JKRqfaBwDXcyWbp23lSoY0i7GBv6N_AAAAAAEMAADXcyWbp23lSoY0i7GBv6N_AAOoEEBzAAA=,
U219,Undo plan,2026-09-29 18:01,2026-09-29T23:01:58Z,RMP Industrial Supply Inc,,1474316,Inbox,Inbox,Inbox,no,CATEGORY_ONLY,time+sender-in-subject+invoice-in-subject,1,RMP Industrial Supply Inc - Invoice# 1474316,jhencke@rmpis.com,Inbox,AI Needs Review,AI Needs Review,2026-10-06T13:26:10Z,,<R1vEExKBQrOfn_tWETUx8w@geopod-ismtpd-35>,AAMkAGQyODM5ZWI1LTQ0NDAtNDZiOS1hYTIzLTdjOGM3NDRlNjQ4MgBGAAAAAAAggjN_BHG4TI2Iz-JKRqfaBwDXcyWbp23lSoY0i7GBv6N_AAAAAAEMAADXcyWbp23lSoY0i7GBv6N_AAOoEEB0AAA=,
U220,Undo plan,2026-09-30 01:50,2026-09-30T06:50:32Z,McMaster-Carr,,,Inbox,Inbox,Inbox,no,CATEGORY_ONLY,time+sender,1,Invoice for Your Order 59324,invoice.reply@mcmaster.com,Inbox,AI Needs Review,AI Needs Review,2026-10-06T13:34:51Z,,<413441487420@mcmaster.com>,AAMkAGQyODM5ZWI1LTQ0NDAtNDZiOS1hYTIzLTdjOGM3NDRlNjQ4MgBGAAAAAAAggjN_BHG4TI2Iz-JKRqfaBwDXcyWbp23lSoY0i7GBv6N_AAAAAAEMAADXcyWbp23lSoY0i7GBv6N_AAOoEEDgAAA=,2 plan rows share received time 2026-09-30T06:50:32Z | interchangeable pair assigned as a set (same destination and action)
U221,Undo plan,2026-09-30 01:50,2026-09-30T06:50:32Z,McMaster-Carr,,,Inbox,Inbox,Inbox,no,CATEGORY_ONLY,time+sender,1,Invoice for Your Order 59324,invoice.reply@mcmaster.com,Inbox,AI Needs Review,AI Needs Review,2026-10-06T13:34:52Z,,<413441487422@mcmaster.com>,AAMkAGQyODM5ZWI1LTQ0NDAtNDZiOS1hYTIzLTdjOGM3NDRlNjQ4MgBGAAAAAAAggjN_BHG4TI2Iz-JKRqfaBwDXcyWbp23lSoY0i7GBv6N_AAAAAAEMAADXcyWbp23lSoY0i7GBv6N_AAOoEEDhAAA=,2 plan rows share received time 2026-09-30T06:50:32Z | interchangeable pair assigned as a set (same destination and action)
U222,Undo plan,2026-09-30 08:02,2026-09-30T13:02:42Z,Safety-Kleen,Closing Soon: Don’t Miss Your Chance to Weigh In,,Inbox,Inbox,Inbox,no,CATEGORY_ONLY,time+subject+sender,1,Closing Soon: Don’t Miss Your Chance to Weigh In,info@safety-kleen.com,Inbox,AI Needs Review,AI Needs Review,2026-10-06T13:26:59Z,,<YBBVYZXCV$UACTAAWWYTAWZ@mail-out.via.act-on.net>,AAMkAGQyODM5ZWI1LTQ0NDAtNDZiOS1hYTIzLTdjOGM3NDRlNjQ4MgBGAAAAAAAggjN_BHG4TI2Iz-JKRqfaBwDXcyWbp23lSoY0i7GBv6N_AAAAAAEMAADXcyWbp23lSoY0i7GBv6N_AAOoEEDYAAA=,
U223,Undo plan,2026-09-30 08:49,2026-09-30T13:49:29Z,Rolled Alloys,Clearance Deals at Rolled Alloys!,,Inbox,Inbox,Inbox,no,CATEGORY_ONLY,time+subject+sender+sender-in-subject,1,Clearance Deals at Rolled Alloys!,raservices@rolledalloys.com,Inbox,AI Needs Review,AI Needs Review,2026-10-06T13:26:59Z,,<cb135b6a7d3f3587cb154218b.f906cb6ef3.20260930134823.7eaaeaed5e.005e6b74@mail233.atl81.rsgsv.net>,AAMkAGQyODM5ZWI1LTQ0NDAtNDZiOS1hYTIzLTdjOGM3NDRlNjQ4MgBGAAAAAAAggjN_BHG4TI2Iz-JKRqfaBwDXcyWbp23lSoY0i7GBv6N_AAAAAAEMAADXcyWbp23lSoY0i7GBv6N_AAOoEEDZAAA=,
U224,Undo plan,2026-09-30 09:07,2026-09-30T14:07:39Z,McNICHOLS CO.,Enhance Performance with McNICHOLS® Finishing Services!,,Inbox,Inbox,Inbox,no,CATEGORY_ONLY,time+subject+sender+sender-in-subject,1,Enhance Performance with McNICHOLS® Finishing Services!,theholestory@m.mcnichols.com,Inbox,AI Needs Review,AI Needs Review,2026-10-06T13:27:00Z,,<YUU1sZYjSEWv1FcfKo_KSg@geopod-ismtpd-21>,AAMkAGQyODM5ZWI1LTQ0NDAtNDZiOS1hYTIzLTdjOGM3NDRlNjQ4MgBGAAAAAAAggjN_BHG4TI2Iz-JKRqfaBwDXcyWbp23lSoY0i7GBv6N_AAAAAAEMAADXcyWbp23lSoY0i7GBv6N_AAOoEEDaAAA=,
U225,Undo plan,2026-09-30 09:18,2026-09-30T14:18:03Z,Riley Armstrong,Losing Money on Your CNC Machines? Get A Cash Offer,,Inbox,Inbox,Inbox,no,CATEGORY_ONLY,time+subject+sender,1,Losing Money on Your CNC Machines? Get A Cash Offer,riley@resellcnc.com,Inbox,AI Needs Review,AI Needs Review,2026-10-06T13:27:01Z,,<9e01da21-2dc9-439b-962d-d3c7023c31c0@atl1s07mta1282.xt.local>,AAMkAGQyODM5ZWI1LTQ0NDAtNDZiOS1hYTIzLTdjOGM3NDRlNjQ4MgBGAAAAAAAggjN_BHG4TI2Iz-JKRqfaBwDXcyWbp23lSoY0i7GBv6N_AAAAAAEMAADXcyWbp23lSoY0i7GBv6N_AAOoEEDbAAA=,
U226,Undo plan,2026-09-30 09:49,2026-09-30T14:49:45Z,Amazon.com,"Ordered: ""Logitech MK955 Signature..."" and 1 more item",,Inbox,Inbox,Inbox,no,CATEGORY_ONLY,time+subject+sender,1,"Ordered: ""Logitech MK955 Signature..."" and 1 more item",auto-confirm@amazon.com,Inbox,AI Needs Review,AI Needs Review,2026-10-06T13:27:02Z,,<010001a0f2cae442-50f379d6-da19-4f9e-b012-05dbc7e104d8-000000@email.amazonses.com>,AAMkAGQyODM5ZWI1LTQ0NDAtNDZiOS1hYTIzLTdjOGM3NDRlNjQ4MgBGAAAAAAAggjN_BHG4TI2Iz-JKRqfaBwDXcyWbp23lSoY0i7GBv6N_AAAAAAEMAADXcyWbp23lSoY0i7GBv6N_AAOoEEDcAAA=,
U227,Undo plan,2026-09-30 11:35,2026-09-30T16:35:59Z,"Meridian Finance, Llc",,,Inbox,Inbox,Inbox,no,CONFLICT,time,1,IPFS NOTICE OF INTENT TO CANCEL-EFFECTIVE 10-11-2026- Non payment Installment#6 due 09-17-26,CLopez@higginbotham.net,Inbox,AI Needs Review,AI Needs Review,2026-10-06T13:26:10Z,,<MN2PR12MB4062220D444096F9B7E1467CBF8B2@MN2PR12MB4062.namprd12.prod.outlook.com>,AAMkAGQyODM5ZWI1LTQ0NDAtNDZiOS1hYTIzLTdjOGM3NDRlNjQ4MgBGAAAAAAAggjN_BHG4TI2Iz-JKRqfaBwDXcyWbp23lSoY0i7GBv6N_AAAAAAEMAADXcyWbp23lSoY0i7GBv6N_AAOoEEB1AAA=,unique timestamp match but sender/subject/invoice not corroborated
U228,Undo plan,2026-09-30 13:13,2026-09-30T18:13:31Z,Resell CNC Auctions,$3M CNC Auction Ends Tomorrow,,Inbox,Inbox,Inbox,no,CATEGORY_ONLY,time+subject+sender+sender-in-subject,1,$3M CNC Auction Ends Tomorrow,auction@resellcnc.com,Inbox,AI Needs Review,AI Needs Review,2026-10-06T13:27:02Z,,<708cfd78-22be-4fc8-afe2-054403f08008@atl1s07mta1287.xt.local>,AAMkAGQyODM5ZWI1LTQ0NDAtNDZiOS1hYTIzLTdjOGM3NDRlNjQ4MgBGAAAAAAAggjN_BHG4TI2Iz-JKRqfaBwDXcyWbp23lSoY0i7GBv6N_AAAAAAEMAADXcyWbp23lSoY0i7GBv6N_AAOoEEDdAAA=,
U229,Undo plan,2026-09-30 13:58,2026-09-30T18:58:43Z,RMP Industrial Supply Inc,,1474409,Inbox,Inbox,Inbox,no,CATEGORY_ONLY,time+sender-in-subject+invoice-in-subject,1,RMP Industrial Supply Inc - Invoice# 1474409,jhencke@rmpis.com,Inbox,AI Needs Review,AI Needs Review,2026-10-06T13:26:11Z,,<j7euXxgTTYu5aEZlwigqHA@geopod-ismtpd-1>,AAMkAGQyODM5ZWI1LTQ0NDAtNDZiOS1hYTIzLTdjOGM3NDRlNjQ4MgBGAAAAAAAggjN_BHG4TI2Iz-JKRqfaBwDXcyWbp23lSoY0i7GBv6N_AAAAAAEMAADXcyWbp23lSoY0i7GBv6N_AAOoEEB2AAA=,
U230,Undo plan,2026-09-30 14:39,2026-09-30T19:39:42Z,Precision Fabrication Services,,,Inbox,Inbox,Inbox,no,CONFLICT,time,1,"19584, 19585, 19586, 19587, 19588",mchannell@precisionfabsvs.com,Inbox,AI Needs Review,AI Needs Review,2026-10-06T13:26:12Z,,<DS0PR17MB7901B88F0C4C315C1AA8D10EB28B2@DS0PR17MB7901.namprd17.prod.outlook.com>,AAMkAGQyODM5ZWI1LTQ0NDAtNDZiOS1hYTIzLTdjOGM3NDRlNjQ4MgBGAAAAAAAggjN_BHG4TI2Iz-JKRqfaBwDXcyWbp23lSoY0i7GBv6N_AAAAAAEMAADXcyWbp23lSoY0i7GBv6N_AAOoEEB3AAA=,unique timestamp match but sender/subject/invoice not corroborated
U231,Undo plan,2026-09-30 16:49,2026-09-30T21:49:20Z,Kristen Powers,,389070,Inbox,Inbox,Inbox,no,CATEGORY_ONLY,time+sender+invoice-in-subject,1,"INVOICE 389070.00, 59284",accounting@pbtesting.com,Inbox,AI Needs Review,AI Needs Review,2026-10-06T13:26:12Z,,<BL1PPF6F1353624C77A11D1D0664A7194D1D08B2@BL1PPF6F1353624.namprd18.prod.outlook.com>,AAMkAGQyODM5ZWI1LTQ0NDAtNDZiOS1hYTIzLTdjOGM3NDRlNjQ4MgBGAAAAAAAggjN_BHG4TI2Iz-JKRqfaBwDXcyWbp23lSoY0i7GBv6N_AAAAAAEMAADXcyWbp23lSoY0i7GBv6N_AAOoEEB4AAA=,
U232,Undo plan,2026-09-30 22:34,2026-10-01T03:34:41Z,Amada America,,IN0000183743,Inbox,Inbox,Inbox,no,CATEGORY_ONLY,time+sender+sender-in-subject+invoice-in-subject,1,"Amada Invoice#: IN0000183743, Customer: KANNON MANUFACTURING INC, Customer PO#: 58150",noreply@amada.com,Inbox,AI Needs Review,AI Needs Review,2026-10-06T13:26:12Z,,<Iqwfz8bSQNOVY6GVaNSxOg@geopod-ismtpd-48>,AAMkAGQyODM5ZWI1LTQ0NDAtNDZiOS1hYTIzLTdjOGM3NDRlNjQ4MgBGAAAAAAAggjN_BHG4TI2Iz-JKRqfaBwDXcyWbp23lSoY0i7GBv6N_AAAAAAEMAADXcyWbp23lSoY0i7GBv6N_AAOoEEB5AAA=,
U233,Undo plan,2026-09-30 23:29,2026-10-01T04:29:10Z,O'Neal Steel - Dallas (GP),,15486572 | 15486598 | 15486600 | 15486770 | 15486823 | 15486842 | 15487245,Inbox,Inbox,Inbox,no,CATEGORY_ONLY,time+sender-in-subject,1, O'Neal Steel Invoice For Account # 14748440 ,vsanders@onealsteel.com,Inbox,AI Needs Review,AI Needs Review,2026-10-06T13:26:13Z,,<E1xC8Pl-FnQW0hPvVcd-SE3o@message-id.smtpcorp.com>,AAMkAGQyODM5ZWI1LTQ0NDAtNDZiOS1hYTIzLTdjOGM3NDRlNjQ4MgBGAAAAAAAggjN_BHG4TI2Iz-JKRqfaBwDXcyWbp23lSoY0i7GBv6N_AAAAAAEMAADXcyWbp23lSoY0i7GBv6N_AAOoEEB6AAA=,
N001,Not restored,2026-09-01 00:01,2026-09-01T05:01:13Z,Kloeckner Metals Corporation,,15206713,9 - FORT WORTH ARCHIVE,Inbox/9 - FORT WORTH ARCHIVE,9 - FORT WORTH ARCHIVE,no,CATEGORY_ONLY,time+sender-in-subject+invoice-in-subject,1,Invoice 15206713 from KLOECKNER METALS (Beth Watkins) for customer 1004928,autotask@kloecknermetals.com,Inbox/9 - FORT WORTH ARCHIVE,Entered in AI,Entered in AI,2026-10-06T13:09:57Z,,<962534.075926186-sendEmail@s2ts-12c-03>,AAMkAGQyODM5ZWI1LTQ0NDAtNDZiOS1hYTIzLTdjOGM3NDRlNjQ4MgBGAAAAAAAggjN_BHG4TI2Iz-JKRqfaBwDXcyWbp23lSoY0i7GBv6N_AACDH-y1AADYQg2wXX_9SqOyqyAymhzKAAKTTHW7AAA=,
N002,Not restored,2026-09-01 01:59,2026-09-01T06:59:02Z,Marmon/Keystone,,2582319,9 - FORT WORTH ARCHIVE,Inbox/9 - FORT WORTH ARCHIVE,9 - FORT WORTH ARCHIVE,no,CATEGORY_ONLY,time+sender-in-subject,1,Invoices from Marmon/Keystone,mkinv37@marmonkeystone.com,Inbox/9 - FORT WORTH ARCHIVE,Entered in AI,Entered in AI,2026-10-06T13:09:58Z,,<-1535787063.1788245928965.JavaMail.opprod@mkprod.MKUSA.LOCAL>,AAMkAGQyODM5ZWI1LTQ0NDAtNDZiOS1hYTIzLTdjOGM3NDRlNjQ4MgBGAAAAAAAggjN_BHG4TI2Iz-JKRqfaBwDXcyWbp23lSoY0i7GBv6N_AACDH-y1AADYQg2wXX_9SqOyqyAymhzKAAKTTHW8AAA=,
N003,Not restored,2026-09-01 02:39,2026-09-01T07:39:15Z,Marmon/Keystone,,,9 - FORT WORTH ARCHIVE,Inbox/9 - FORT WORTH ARCHIVE,9 - FORT WORTH ARCHIVE,no,CATEGORY_ONLY,time+sender-in-subject,1,Statement from Marmon/Keystone,mkinv37@marmonkeystone.com,Inbox/9 - FORT WORTH ARCHIVE,AI Skipped 2,AI Skipped 2,2026-10-06T13:09:58Z,,<-1916153416.1788248347265.JavaMail.opprod@mkprod.MKUSA.LOCAL>,AAMkAGQyODM5ZWI1LTQ0NDAtNDZiOS1hYTIzLTdjOGM3NDRlNjQ4MgBGAAAAAAAggjN_BHG4TI2Iz-JKRqfaBwDXcyWbp23lSoY0i7GBv6N_AACDH-y1AADYQg2wXX_9SqOyqyAymhzKAAKTTHW9AAA=,
N004,Not restored,2026-09-01 07:25,2026-09-01T12:25:06Z,Premium Alloys,,23173,9 - FORT WORTH ARCHIVE,Inbox/9 - FORT WORTH ARCHIVE,9 - FORT WORTH ARCHIVE,no,CATEGORY_ONLY,time+sender-in-subject+invoice-in-subject,1,PREMIUM ALLOYS - Invoice 23173,shelby.hart@premiumalloys.com,Inbox/9 - FORT WORTH ARCHIVE,Entered in AI,Entered in AI,2026-10-06T13:09:59Z,,<DS0PR11MB6493671FF74ED67685001F4DE2A82@DS0PR11MB6493.namprd11.prod.outlook.com>,AAMkAGQyODM5ZWI1LTQ0NDAtNDZiOS1hYTIzLTdjOGM3NDRlNjQ4MgBGAAAAAAAggjN_BHG4TI2Iz-JKRqfaBwDXcyWbp23lSoY0i7GBv6N_AACDH-y1AADYQg2wXX_9SqOyqyAymhzKAAKTTHW_AAA=,
N005,Not restored,2026-09-01 07:30,2026-09-01T12:30:45Z,fortworth@Metalsupermarkets.com,Statement of Account,,9 - FORT WORTH ARCHIVE,Inbox/9 - FORT WORTH ARCHIVE,9 - FORT WORTH ARCHIVE,no,CATEGORY_ONLY,time+subject+sender,1,Statement of Account,fortworth@Metalsupermarkets.com,Inbox/9 - FORT WORTH ARCHIVE,AI Skipped 2,AI Skipped 2,2026-10-06T13:11:41Z,,<370532110.13764.1788265827810@ip-10-3-2-11.ec2.internal>,AAMkAGQyODM5ZWI1LTQ0NDAtNDZiOS1hYTIzLTdjOGM3NDRlNjQ4MgBGAAAAAAAggjN_BHG4TI2Iz-JKRqfaBwDXcyWbp23lSoY0i7GBv6N_AACDH-y1AADYQg2wXX_9SqOyqyAymhzKAAKTTHXAAAA=,
N006,Not restored,2026-09-01 07:41,2026-09-01T12:41:06Z,Shoppa's Material Handling,,PSI-001229081,9 - FORT WORTH ARCHIVE,Inbox/9 - FORT WORTH ARCHIVE,9 - FORT WORTH ARCHIVE,no,CATEGORY_ONLY,time+sender+sender-in-subject,1,Acct No. C109050: Your Invoice From Shoppas Material Handling is Attached,shoppas@billtrust.com,Inbox/9 - FORT WORTH ARCHIVE,Entered in AI,Entered in AI,2026-10-06T13:10:00Z,,<L7omHj8OQge_T_4SZHDDuQ@geopod-ismtpd-44>,AAMkAGQyODM5ZWI1LTQ0NDAtNDZiOS1hYTIzLTdjOGM3NDRlNjQ4MgBGAAAAAAAggjN_BHG4TI2Iz-JKRqfaBwDXcyWbp23lSoY0i7GBv6N_AACDH-y1AADYQg2wXX_9SqOyqyAymhzKAAKTTHXBAAA=,
N007,Not restored,2026-09-01 08:10,2026-09-01T13:10:50Z,Priority1 Statement,KANNON MANUFACTURING (230230-P1) Statement from Priority1 is attached,,9 - FORT WORTH ARCHIVE,Inbox/9 - FORT WORTH ARCHIVE,9 - FORT WORTH ARCHIVE,no,CATEGORY_ONLY,time+subject+sender+sender-in-subject,1,KANNON MANUFACTURING (230230-P1) Statement from Priority1 is attached,NoReply@Priority1.com,Inbox/9 - FORT WORTH ARCHIVE,AI Skipped 2,AI Skipped 2,2026-10-06T13:11:41Z,,<010001a05d17f062-cf444461-8355-4f11-84d8-607e89d3ae4a-000000@email.amazonses.com>,AAMkAGQyODM5ZWI1LTQ0NDAtNDZiOS1hYTIzLTdjOGM3NDRlNjQ4MgBGAAAAAAAggjN_BHG4TI2Iz-JKRqfaBwDXcyWbp23lSoY0i7GBv6N_AACDH-y1AADYQg2wXX_9SqOyqyAymhzKAAKTTHXCAAA=,
N008,Not restored,2026-09-01 09:05,2026-09-01T14:05:59Z,Christina Gersten,019586   KANNON MANUFACTURING INC,,9 - FORT WORTH ARCHIVE,Inbox/9 - FORT WORTH ARCHIVE,9 - FORT WORTH ARCHIVE,no,CATEGORY_ONLY,time+subject+sender,1,019586   KANNON MANUFACTURING INC,cgersten@easternmetal.com,Inbox/9 - FORT WORTH ARCHIVE,AI Skipped 2,AI Skipped 2,2026-10-06T13:11:41Z,,<SJ1PR11MB62287D8A19662189CF140519A1A82@SJ1PR11MB6228.namprd11.prod.outlook.com>,AAMkAGQyODM5ZWI1LTQ0NDAtNDZiOS1hYTIzLTdjOGM3NDRlNjQ4MgBGAAAAAAAggjN_BHG4TI2Iz-JKRqfaBwDXcyWbp23lSoY0i7GBv6N_AACDH-y1AADYQg2wXX_9SqOyqyAymhzKAAKTTHXHAAA=,
N009,Not restored,2026-09-01 09:24,2026-09-01T14:24:48Z,ptsbilling@pts-tools.com,PTSolutions Monthly Statement,,9 - FORT WORTH ARCHIVE,Inbox/9 - FORT WORTH ARCHIVE,9 - FORT WORTH ARCHIVE,no,CATEGORY_ONLY,time+subject+sender,1,PTSolutions Monthly Statement,ptsbilling@pts-tools.com,Inbox/9 - FORT WORTH ARCHIVE,AI Skipped 2,AI Skipped 2,2026-10-06T13:11:42Z,,<202609011023050000@84253157>,AAMkAGQyODM5ZWI1LTQ0NDAtNDZiOS1hYTIzLTdjOGM3NDRlNjQ4MgBGAAAAAAAggjN_BHG4TI2Iz-JKRqfaBwDXcyWbp23lSoY0i7GBv6N_AACDH-y1AADYQg2wXX_9SqOyqyAymhzKAAKTTHXIAAA=,
N010,Not restored,2026-09-01 10:50,2026-09-01T15:50:19Z,Hudson Energy,,2609000773,9 - FORT WORTH ARCHIVE,Inbox/9 - FORT WORTH ARCHIVE,9 - FORT WORTH ARCHIVE,no,CATEGORY_ONLY,time+sender+sender-in-subject,1,Your Hudson Energy eBill - Period (07/31/2026 - 08/31/2026 ) Due on 09/17/2026 300067525,no-reply1@hudsonenergy.net,Inbox/9 - FORT WORTH ARCHIVE,Entered with issues,Entered with issues,2026-10-06T13:10:01Z,,<hHVqK0PDfLTSaeZNkINmvA2~vZe0jYhmjMBarCAE1w3Q_JVEuqc1@eg.justenergy.com>,AAMkAGQyODM5ZWI1LTQ0NDAtNDZiOS1hYTIzLTdjOGM3NDRlNjQ4MgBGAAAAAAAggjN_BHG4TI2Iz-JKRqfaBwDXcyWbp23lSoY0i7GBv6N_AACDH-y1AADYQg2wXX_9SqOyqyAymhzKAAKTTHXMAAA=,
N011,Not restored,2026-09-01 10:55,2026-09-01T15:55:15Z,Clear Kut Engraving,,V009914,9 - FORT WORTH ARCHIVE,Inbox/9 - FORT WORTH ARCHIVE,9 - FORT WORTH ARCHIVE,no,CATEGORY_ONLY,time+sender+sender-in-subject+invoice-in-subject,1,Reminder: Invoice V009914 from CLEAR KUT ENGRAVING INC,quickbooks@notification.intuit.com,Inbox/9 - FORT WORTH ARCHIVE,Entered in AI,Entered in AI,2026-10-06T13:10:02Z,,<rM6KM4MMR0y4X_w8gt0PxQ@geopod-ismtpd-79>,AAMkAGQyODM5ZWI1LTQ0NDAtNDZiOS1hYTIzLTdjOGM3NDRlNjQ4MgBGAAAAAAAggjN_BHG4TI2Iz-JKRqfaBwDXcyWbp23lSoY0i7GBv6N_AACDH-y1AADYQg2wXX_9SqOyqyAymhzKAAKTTHXNAAA=,
N012,Not restored,2026-09-01 10:56,2026-09-01T15:56:09Z,Clear Kut Engraving,,V009928,9 - FORT WORTH ARCHIVE,Inbox/9 - FORT WORTH ARCHIVE,9 - FORT WORTH ARCHIVE,no,CATEGORY_ONLY,time+sender+sender-in-subject+invoice-in-subject,1,Reminder: Invoice V009928 from CLEAR KUT ENGRAVING INC,quickbooks@notification.intuit.com,Inbox/9 - FORT WORTH ARCHIVE,Entered in AI,Entered in AI,2026-10-06T13:10:02Z,,<kUvRSRUYTTa_lWSzKyK4lg@geopod-ismtpd-38>,AAMkAGQyODM5ZWI1LTQ0NDAtNDZiOS1hYTIzLTdjOGM3NDRlNjQ4MgBGAAAAAAAggjN_BHG4TI2Iz-JKRqfaBwDXcyWbp23lSoY0i7GBv6N_AACDH-y1AADYQg2wXX_9SqOyqyAymhzKAAKTTHXOAAA=,
N013,Not restored,2026-09-01 11:03,2026-09-01T16:03:01Z,Accounts Receivables,Nat'l Bolt & Ind'l Sply Mthly EM Cust Stmts,,9 - FORT WORTH ARCHIVE,Inbox/9 - FORT WORTH ARCHIVE,9 - FORT WORTH ARCHIVE,no,CATEGORY_ONLY,time+subject+sender,1,Nat'l Bolt & Ind'l Sply Mthly EM Cust Stmts,ar@national-bolt.com,Inbox/9 - FORT WORTH ARCHIVE,AI Skipped 2,AI Skipped 2,2026-10-06T13:11:43Z,,<-44eJjvaSWW3BfufUdhEVg@geopod-ismtpd-17>,AAMkAGQyODM5ZWI1LTQ0NDAtNDZiOS1hYTIzLTdjOGM3NDRlNjQ4MgBGAAAAAAAggjN_BHG4TI2Iz-JKRqfaBwDXcyWbp23lSoY0i7GBv6N_AACDH-y1AADYQg2wXX_9SqOyqyAymhzKAAKTTHXPAAA=,
N014,Not restored,2026-09-01 12:08,2026-09-01T17:08:00Z,Shoppa's Material Handling,Shoppa's Material Handling LTD. - Account Statement as of 09-01-26,,9 - FORT WORTH ARCHIVE,Inbox/9 - FORT WORTH ARCHIVE,9 - FORT WORTH ARCHIVE,no,CATEGORY_ONLY,time+subject+sender+sender-in-subject,1,Shoppa's Material Handling LTD. - Account Statement as of 09-01-26,collections@shoppas.com,Inbox/9 - FORT WORTH ARCHIVE,AI Skipped 2,AI Skipped 2,2026-10-06T13:11:44Z,,<xkBLnCwURYeZr3BLTz6v-Q@geopod-ismtpd-55>,AAMkAGQyODM5ZWI1LTQ0NDAtNDZiOS1hYTIzLTdjOGM3NDRlNjQ4MgBGAAAAAAAggjN_BHG4TI2Iz-JKRqfaBwDXcyWbp23lSoY0i7GBv6N_AACDH-y1AADYQg2wXX_9SqOyqyAymhzKAAKTTHXRAAA=,
N015,Not restored,2026-09-01 12:22,2026-09-01T17:22:13Z,Shelby Hart,Premium Alloys Statement,,9 - FORT WORTH ARCHIVE,Inbox/9 - FORT WORTH ARCHIVE,9 - FORT WORTH ARCHIVE,no,CATEGORY_ONLY,time+subject+sender,1,Premium Alloys Statement,shelby.hart@premiumalloys.com,Inbox/9 - FORT WORTH ARCHIVE,AI Skipped 2,AI Skipped 2,2026-10-06T13:11:44Z,,<DS0PR11MB64932A4438F3C849CBCA885FE2A82@DS0PR11MB6493.namprd11.prod.outlook.com>,AAMkAGQyODM5ZWI1LTQ0NDAtNDZiOS1hYTIzLTdjOGM3NDRlNjQ4MgBGAAAAAAAggjN_BHG4TI2Iz-JKRqfaBwDXcyWbp23lSoY0i7GBv6N_AACDH-y1AADYQg2wXX_9SqOyqyAymhzKAAKTTHXSAAA=,
N016,Not restored,2026-09-01 13:20,2026-09-01T18:20:05Z,Erica@specialtysteelsupply.com,Statement of account from Specialty Steel Supply,,9 - FORT WORTH ARCHIVE,Inbox/9 - FORT WORTH ARCHIVE,9 - FORT WORTH ARCHIVE,no,CATEGORY_ONLY,time+subject+sender,1,Statement of account from Specialty Steel Supply,Erica@specialtysteelsupply.com,Inbox/9 - FORT WORTH ARCHIVE,AI Skipped 2,AI Skipped 2,2026-10-06T13:11:45Z,,<SN6PR16MB2624817E156DECD0C196C495DDA82@SN6PR16MB2624.namprd16.prod.outlook.com>,AAMkAGQyODM5ZWI1LTQ0NDAtNDZiOS1hYTIzLTdjOGM3NDRlNjQ4MgBGAAAAAAAggjN_BHG4TI2Iz-JKRqfaBwDXcyWbp23lSoY0i7GBv6N_AACDH-y1AADYQg2wXX_9SqOyqyAymhzKAAKTTHXVAAA=,
N017,Not restored,2026-09-01 13:24,2026-09-01T18:24:22Z,3P,,142176,9 - FORT WORTH ARCHIVE,Inbox/9 - FORT WORTH ARCHIVE,9 - FORT WORTH ARCHIVE,no,CATEGORY_ONLY,time+invoice-in-subject,1,"INV # 142176 / CPL  # 76847, 76848 / PO # 58952, 58925",Rachel@3pindustries.com,Inbox/9 - FORT WORTH ARCHIVE,Entered in AI,Entered in AI,2026-10-06T13:10:04Z,,<SA0PR19MB42537EFD5F2F4F313A727F3EFBA82@SA0PR19MB4253.namprd19.prod.outlook.com>,AAMkAGQyODM5ZWI1LTQ0NDAtNDZiOS1hYTIzLTdjOGM3NDRlNjQ4MgBGAAAAAAAggjN_BHG4TI2Iz-JKRqfaBwDXcyWbp23lSoY0i7GBv6N_AACDH-y1AADXcyWbp23lSoY0i7GBv6N_AAOfybzjAAA=,
N018,Not restored,2026-09-01 13:42,2026-09-01T18:42:01Z,3P,,142179,9 - FORT WORTH ARCHIVE,Inbox/9 - FORT WORTH ARCHIVE,9 - FORT WORTH ARCHIVE,no,CATEGORY_ONLY,time+invoice-in-subject,1,"INV # 142179 / CPL # 76884, 76881, 76887, 76885, 76882, 76886, 76883 / PO # 58952, 58925",Rachel@3pindustries.com,Inbox/9 - FORT WORTH ARCHIVE,Entered in AI,Entered in AI,2026-10-06T13:10:04Z,,<SA0PR19MB4253D6610DBC028B6421C21BFBA82@SA0PR19MB4253.namprd19.prod.outlook.com>,AAMkAGQyODM5ZWI1LTQ0NDAtNDZiOS1hYTIzLTdjOGM3NDRlNjQ4MgBGAAAAAAAggjN_BHG4TI2Iz-JKRqfaBwDXcyWbp23lSoY0i7GBv6N_AACDH-y1AADXcyWbp23lSoY0i7GBv6N_AAOfybzkAAA=,
N019,Not restored,2026-09-01 14:24,2026-09-01T19:24:56Z,3P,,142188,9 - FORT WORTH ARCHIVE,Inbox/9 - FORT WORTH ARCHIVE,9 - FORT WORTH ARCHIVE,no,CATEGORY_ONLY,time+invoice-in-subject,1,"INV # 142188, CPL # 76923, 76925, 76924, 76920, 76922, 76916, 76917, 76921, 76918, 76919 / PO # 58972, 59002, 58925, 58952, 59002",Rachel@3pindustries.com,Inbox/9 - FORT WORTH ARCHIVE,Entered in AI,Entered in AI,2026-10-06T13:10:04Z,,<SA0PR19MB42535FBB5A104B2C89682B5EFBA82@SA0PR19MB4253.namprd19.prod.outlook.com>,AAMkAGQyODM5ZWI1LTQ0NDAtNDZiOS1hYTIzLTdjOGM3NDRlNjQ4MgBGAAAAAAAggjN_BHG4TI2Iz-JKRqfaBwDXcyWbp23lSoY0i7GBv6N_AACDH-y1AADXcyWbp23lSoY0i7GBv6N_AAOfybzlAAA=,
N020,Not restored,2026-09-01 14:44,2026-09-01T19:44:27Z,"Invoices from Trace Metal Industries, Inc",,237704 | 237705,9 - FORT WORTH ARCHIVE,Inbox/9 - FORT WORTH ARCHIVE,9 - FORT WORTH ARCHIVE,no,CATEGORY_ONLY,time+sender-in-subject,1,"Invoices from TRACE METAL INDUSTRIES, INC",accounting@tracemetalindustries.com,Inbox/9 - FORT WORTH ARCHIVE,Entered in AI,Entered in AI,2026-10-06T13:10:05Z,,<CAHoHV0DCYrWT6VTNFr17YrYTuDZpPV=D02n_gwQm4eMbO-vhHw@mail.gmail.com>,AAMkAGQyODM5ZWI1LTQ0NDAtNDZiOS1hYTIzLTdjOGM3NDRlNjQ4MgBGAAAAAAAggjN_BHG4TI2Iz-JKRqfaBwDXcyWbp23lSoY0i7GBv6N_AACDH-y1AADYQg2wXX_9SqOyqyAymhzKAAKTTHXWAAA=,
N021,Not restored,2026-09-01 15:48,2026-09-01T20:48:52Z,Gigi Pineda,Re: Past Due Notice for Account G1378,,Inbox,Inbox,Inbox,yes,OK_TO_MOVE,time+subject+sender,1,Re: Past Due Notice for Account G1378,gigi.pineda@gasandsupply.com,Inbox/9 - FORT WORTH ARCHIVE,AI Skipped 2,AI Skipped 2,2026-10-06T13:11:45Z,,<CA+1beUW=Q1NvktZfQkS936vSbSzwud16kRL4gutY=MEYN-yh=Q@mail.gmail.com>,AAMkAGQyODM5ZWI1LTQ0NDAtNDZiOS1hYTIzLTdjOGM3NDRlNjQ4MgBGAAAAAAAggjN_BHG4TI2Iz-JKRqfaBwDXcyWbp23lSoY0i7GBv6N_AACDH-y1AADXcyWbp23lSoY0i7GBv6N_AAOoEFQ0AAA=,
N022,Not restored,2026-09-01 17:10,2026-09-01T22:10:10Z,billings@e.mcnichols.com,Statement of Account,,9 - FORT WORTH ARCHIVE,Inbox/9 - FORT WORTH ARCHIVE,9 - FORT WORTH ARCHIVE,no,CATEGORY_ONLY,time+subject+sender,1,Statement of Account,billings@e.mcnichols.com,Inbox/9 - FORT WORTH ARCHIVE,AI Skipped 2,AI Skipped 2,2026-10-06T13:11:46Z,,<2074409355.4891.1788300571108@mail.mcnichols.com>,AAMkAGQyODM5ZWI1LTQ0NDAtNDZiOS1hYTIzLTdjOGM3NDRlNjQ4MgBGAAAAAAAggjN_BHG4TI2Iz-JKRqfaBwDXcyWbp23lSoY0i7GBv6N_AACDH-y1AADYQg2wXX_9SqOyqyAymhzKAAKTTHXZAAA=,
N023,Not restored,2026-09-01 18:23,2026-09-01T23:23:21Z,Willbanks Metals,,213082,9 - FORT WORTH ARCHIVE,Inbox/9 - FORT WORTH ARCHIVE,9 - FORT WORTH ARCHIVE,no,CATEGORY_ONLY,time+invoice-in-subject,1,Invoice-213082,estevan.uribe@willbanksmetals.com,Inbox/9 - FORT WORTH ARCHIVE,Entered in AI,Entered in AI,2026-10-06T13:10:08Z,,<010001a05f48bb5e-8a438e76-9ab1-40fa-8255-db94a9a48a77-000000@email.amazonses.com>,AAMkAGQyODM5ZWI1LTQ0NDAtNDZiOS1hYTIzLTdjOGM3NDRlNjQ4MgBGAAAAAAAggjN_BHG4TI2Iz-JKRqfaBwDXcyWbp23lSoY0i7GBv6N_AACDH-y1AADYQg2wXX_9SqOyqyAymhzKAAKTTHXcAAA=,
N024,Not restored,2026-09-01 21:26,2026-09-02T02:26:40Z,Fastenal Company,,TXFT4100300,9 - FORT WORTH ARCHIVE,Inbox/9 - FORT WORTH ARCHIVE,9 - FORT WORTH ARCHIVE,no,CATEGORY_ONLY,time+sender+sender-in-subject,1,Fastenal Invoice Notice,invoices@fastenal-invoices.com,Inbox/9 - FORT WORTH ARCHIVE,Entered in AI,Entered in AI,2026-10-06T13:10:08Z,,<5b8284beeffc7dbf13cd26441846d2de@fastenal-invoices.com>,AAMkAGQyODM5ZWI1LTQ0NDAtNDZiOS1hYTIzLTdjOGM3NDRlNjQ4MgBGAAAAAAAggjN_BHG4TI2Iz-JKRqfaBwDXcyWbp23lSoY0i7GBv6N_AACDH-y1AADYQg2wXX_9SqOyqyAymhzKAAKTTHXdAAA=,
N025,Not restored,2026-09-01 22:15,2026-09-02T03:15:01Z,Earle M. Jorgensen Co,,T607311432,9 - FORT WORTH ARCHIVE,Inbox/9 - FORT WORTH ARCHIVE,9 - FORT WORTH ARCHIVE,no,CATEGORY_ONLY,time+sender-in-subject,1,EARLE M. JORGENSEN COMPANY - Invoices for 09/01/26,EMJCreditSouth@emjmetals.com,Inbox/9 - FORT WORTH ARCHIVE,Entered in AI,Entered in AI,2026-10-06T13:10:08Z,,<-1027549238.127110.1788318897038.JavaMail.wasadmin@smtprelay>,AAMkAGQyODM5ZWI1LTQ0NDAtNDZiOS1hYTIzLTdjOGM3NDRlNjQ4MgBGAAAAAAAggjN_BHG4TI2Iz-JKRqfaBwDXcyWbp23lSoY0i7GBv6N_AACDH-y1AADYQg2wXX_9SqOyqyAymhzKAAKTTHXeAAA=,
N026,Not restored,2026-09-02 07:11,2026-09-02T12:11:45Z,KIMCO Accounting,Past Due Invoice - Please provide payment status as soon as possible.,,9 - FORT WORTH ARCHIVE,Inbox/9 - FORT WORTH ARCHIVE,9 - FORT WORTH ARCHIVE,no,CATEGORY_ONLY,time+subject+sender,1,Past Due Invoice - Please provide payment status as soon as possible.,accounting@kimcoerp.com,Inbox/9 - FORT WORTH ARCHIVE,AI Skipped 2,AI Skipped 2,2026-10-06T13:11:47Z,,<8BLDWKEH7UU4.9TSHRRDI5D7G3@wp0sdwk00023p>,AAMkAGQyODM5ZWI1LTQ0NDAtNDZiOS1hYTIzLTdjOGM3NDRlNjQ4MgBGAAAAAAAggjN_BHG4TI2Iz-JKRqfaBwDXcyWbp23lSoY0i7GBv6N_AACDH-y1AADYQg2wXX_9SqOyqyAymhzKAAKTTHXfAAA=,
N027,Not restored,2026-09-02 07:26,2026-09-02T12:26:31Z,Gexpro Services,,,9 - FORT WORTH ARCHIVE,Inbox/9 - FORT WORTH ARCHIVE,9 - FORT WORTH ARCHIVE,no,CATEGORY_ONLY,time+sender+sender-in-subject,1,Acct No. QG4000101371: Your Statement from Gexpro Services is Attached - DO NOT REPLY TO MESSAGE,Billtrust@gexproservices.com,Inbox/9 - FORT WORTH ARCHIVE,AI Skipped 2,AI Skipped 2,2026-10-06T13:10:09Z,,<P6PQcr7WSuSpz-TPlroOCA@geopod-ismtpd-14>,AAMkAGQyODM5ZWI1LTQ0NDAtNDZiOS1hYTIzLTdjOGM3NDRlNjQ4MgBGAAAAAAAggjN_BHG4TI2Iz-JKRqfaBwDXcyWbp23lSoY0i7GBv6N_AACDH-y1AADYQg2wXX_9SqOyqyAymhzKAAKTTHXgAAA=,
N028,Not restored,2026-09-02 08:12,2026-09-02T13:12:26Z,Erica Barrett,Statement,,9 - FORT WORTH ARCHIVE,Inbox/9 - FORT WORTH ARCHIVE,9 - FORT WORTH ARCHIVE,no,CATEGORY_ONLY,time+subject+sender,1,Statement,Erica.Barrett@novaalloys.com,Inbox/9 - FORT WORTH ARCHIVE,AI Skipped 2,AI Skipped 2,2026-10-06T13:11:48Z,,<PH8PR01MB99452024A20DA4A96614A30BCE93B72@PH8PR01MB994520.prod.exchangelabs.com>,AAMkAGQyODM5ZWI1LTQ0NDAtNDZiOS1hYTIzLTdjOGM3NDRlNjQ4MgBGAAAAAAAggjN_BHG4TI2Iz-JKRqfaBwDXcyWbp23lSoY0i7GBv6N_AACDH-y1AADYQg2wXX_9SqOyqyAymhzKAAKTTHXhAAA=,
N029,Not restored,2026-09-02 08:33,2026-09-02T13:33:31Z,Crosslink Powder Coating,,27633,9 - FORT WORTH ARCHIVE,Inbox/9 - FORT WORTH ARCHIVE,9 - FORT WORTH ARCHIVE,no,CATEGORY_ONLY,time+sender+invoice-in-subject,1,Invoice SH:27633 Re:,quickbooks@notification.intuit.com,Inbox/9 - FORT WORTH ARCHIVE,Entered in AI,Entered in AI,2026-10-06T13:10:09Z,,<Zh7k1553Q9SVO0o415A16g@geopod-ismtpd-7>,AAMkAGQyODM5ZWI1LTQ0NDAtNDZiOS1hYTIzLTdjOGM3NDRlNjQ4MgBGAAAAAAAggjN_BHG4TI2Iz-JKRqfaBwDXcyWbp23lSoY0i7GBv6N_AACDH-y1AADYQg2wXX_9SqOyqyAymhzKAAKTTHXiAAA=,
N030,Not restored,2026-09-02 08:33,2026-09-02T13:33:52Z,Crosslink Powder Coating,,27642,9 - FORT WORTH ARCHIVE,Inbox/9 - FORT WORTH ARCHIVE,9 - FORT WORTH ARCHIVE,no,CATEGORY_ONLY,time+sender+invoice-in-subject,1,Invoice SH:27642 Re:,quickbooks@notification.intuit.com,Inbox/9 - FORT WORTH ARCHIVE,Entered in AI,Entered in AI,2026-10-06T13:10:09Z,,<9h0PJqNpQFSaJLqEjWl-GQ@geopod-ismtpd-45>,AAMkAGQyODM5ZWI1LTQ0NDAtNDZiOS1hYTIzLTdjOGM3NDRlNjQ4MgBGAAAAAAAggjN_BHG4TI2Iz-JKRqfaBwDXcyWbp23lSoY0i7GBv6N_AACDH-y1AADYQg2wXX_9SqOyqyAymhzKAAKTTHXjAAA=,
N031,Not restored,2026-09-02 08:34,2026-09-02T13:34:35Z,Crosslink Powder Coating,,27634,9 - FORT WORTH ARCHIVE,Inbox/9 - FORT WORTH ARCHIVE,9 - FORT WORTH ARCHIVE,no,CATEGORY_ONLY,time+sender+invoice-in-subject,1,Invoice SH:27634 Re:,quickbooks@notification.intuit.com,Inbox/9 - FORT WORTH ARCHIVE,Entered in AI,Entered in AI,2026-10-06T13:10:10Z,,<IrF0PpUxSyWl2VH0J95cCg@geopod-ismtpd-20>,AAMkAGQyODM5ZWI1LTQ0NDAtNDZiOS1hYTIzLTdjOGM3NDRlNjQ4MgBGAAAAAAAggjN_BHG4TI2Iz-JKRqfaBwDXcyWbp23lSoY0i7GBv6N_AACDH-y1AADYQg2wXX_9SqOyqyAymhzKAAKTTHXkAAA=,
N032,Not restored,2026-09-02 08:39,2026-09-02T13:39:58Z,Crosslink Powder Coating of Texas,"Friendly payment reminder, as your account with us now appears as past due",,9 - FORT WORTH ARCHIVE,Inbox/9 - FORT WORTH ARCHIVE,9 - FORT WORTH ARCHIVE,no,CATEGORY_ONLY,time+subject+sender,1,"Friendly payment reminder, as your account with us now appears as past due",support@ebizcharge.com,Inbox/9 - FORT WORTH ARCHIVE,AI Skipped 2,AI Skipped 2,2026-10-06T13:11:48Z,,<AI0NQ3eWSualF0aPwOrIog@geopod-ismtpd-21>,AAMkAGQyODM5ZWI1LTQ0NDAtNDZiOS1hYTIzLTdjOGM3NDRlNjQ4MgBGAAAAAAAggjN_BHG4TI2Iz-JKRqfaBwDXcyWbp23lSoY0i7GBv6N_AACDH-y1AADYQg2wXX_9SqOyqyAymhzKAAKTTHXlAAA=,
N033,Not restored,2026-09-02 10:49,2026-09-02T15:49:37Z,GRM Information Management Services,,00013035,9 - FORT WORTH ARCHIVE,Inbox/9 - FORT WORTH ARCHIVE,9 - FORT WORTH ARCHIVE,no,CATEGORY_ONLY,time+sender-in-subject+invoice-in-subject,1,Your GRM invoice 00013035 is now available. Period 08-01-2026 - 08-31-2026,billingdal@grmdocument.com,Inbox/9 - FORT WORTH ARCHIVE,Entered in AI,Entered in AI,2026-10-06T13:10:11Z,,<442253640.2875.1788364171538@aws-rssql-web-2.grmims.com>,AAMkAGQyODM5ZWI1LTQ0NDAtNDZiOS1hYTIzLTdjOGM3NDRlNjQ4MgBGAAAAAAAggjN_BHG4TI2Iz-JKRqfaBwDXcyWbp23lSoY0i7GBv6N_AACDH-y1AADYQg2wXX_9SqOyqyAymhzKAAKTTHXqAAA=,
N034,Not restored,2026-09-02 10:55,2026-09-02T15:55:13Z,Techni-Tool,,S1387370.001,9 - FORT WORTH ARCHIVE,Inbox/9 - FORT WORTH ARCHIVE,9 - FORT WORTH ARCHIVE,no,CATEGORY_ONLY,time+sender-in-subject,1,"TECHNI-TOOL, INC. DALLAS Statement for account 251",ar@technitoolinc.com,Inbox/9 - FORT WORTH ARCHIVE,AI Skipped 2,AI Skipped 2,2026-10-06T13:10:12Z,,<DM6PR17MB39779A32821D2C9BBED88C03D1B72@DM6PR17MB3977.namprd17.prod.outlook.com>,AAMkAGQyODM5ZWI1LTQ0NDAtNDZiOS1hYTIzLTdjOGM3NDRlNjQ4MgBGAAAAAAAggjN_BHG4TI2Iz-JKRqfaBwDXcyWbp23lSoY0i7GBv6N_AACDH-y1AADYQg2wXX_9SqOyqyAymhzKAAKTTHXtAAA=,
N035,Not restored,2026-09-02 10:55,2026-09-02T15:55:22Z,Techni-Tool,"TECHNI-TOOL, INC. DALLAS Statement for account 251",S1387370.001,9 - FORT WORTH ARCHIVE,Inbox/9 - FORT WORTH ARCHIVE,9 - FORT WORTH ARCHIVE,no,CATEGORY_ONLY,time+subject+sender-in-subject,1,"TECHNI-TOOL, INC. DALLAS Statement for account 251",ar@technitoolinc.com,Inbox/9 - FORT WORTH ARCHIVE,Entered in AI,Entered in AI,2026-10-06T13:10:12Z,,<DM6PR17MB3977532E925862DA34C46422D1B72@DM6PR17MB3977.namprd17.prod.outlook.com>,AAMkAGQyODM5ZWI1LTQ0NDAtNDZiOS1hYTIzLTdjOGM3NDRlNjQ4MgBGAAAAAAAggjN_BHG4TI2Iz-JKRqfaBwDXcyWbp23lSoY0i7GBv6N_AACDH-y1AADYQg2wXX_9SqOyqyAymhzKAAKTTHXuAAA=,
N036,Not restored,2026-09-02 11:34,2026-09-02T16:34:15Z,Green Valley Compressor LLC,,2158,9 - FORT WORTH ARCHIVE,Inbox/9 - FORT WORTH ARCHIVE,9 - FORT WORTH ARCHIVE,no,CATEGORY_ONLY,time+sender+sender-in-subject+invoice-in-subject,1,New payment request from Green Valley Compressor LLC - invoice 2158,quickbooks@notification.intuit.com,Inbox/9 - FORT WORTH ARCHIVE,Entered in AI,Entered in AI,2026-10-06T13:10:12Z,,<M3awi9SYT1yZs-CtlR6Fxw@geopod-ismtpd-12>,AAMkAGQyODM5ZWI1LTQ0NDAtNDZiOS1hYTIzLTdjOGM3NDRlNjQ4MgBGAAAAAAAggjN_BHG4TI2Iz-JKRqfaBwDXcyWbp23lSoY0i7GBv6N_AACDH-y1AADYQg2wXX_9SqOyqyAymhzKAAKTTHXvAAA=,
N037,Not restored,2026-09-02 11:40,2026-09-02T16:40:00Z,Earle M. Jorgensen Co,,S810458432,9 - FORT WORTH ARCHIVE,Inbox/9 - FORT WORTH ARCHIVE,9 - FORT WORTH ARCHIVE,no,CONFLICT,time,1,Kannon Mfg/EMJ skipped invoice,MHENRY@EMJMETALS.COM,Inbox/9 - FORT WORTH ARCHIVE,Entered in AI,Entered in AI,2026-10-06T13:10:13Z,,<SN7PR19MB680346187C6E5A67D89D792AD0B72@SN7PR19MB6803.namprd19.prod.outlook.com>,AAMkAGQyODM5ZWI1LTQ0NDAtNDZiOS1hYTIzLTdjOGM3NDRlNjQ4MgBGAAAAAAAggjN_BHG4TI2Iz-JKRqfaBwDXcyWbp23lSoY0i7GBv6N_AACDH-y1AADYQg2wXX_9SqOyqyAymhzKAAKTTHXwAAA=,unique timestamp match but sender/subject/invoice not corroborated
N038,Not restored,2026-09-02 11:49,2026-09-02T16:49:57Z,ken@a1image.com,Your Work Order with A-1 IMAGE INC. is completed,,9 - FORT WORTH ARCHIVE,Inbox/9 - FORT WORTH ARCHIVE,9 - FORT WORTH ARCHIVE,no,CATEGORY_ONLY,time+subject+sender,1,Your Work Order with A-1 IMAGE INC. is completed,notifications@corrigo.com,Inbox/9 - FORT WORTH ARCHIVE,AI Skipped 2,AI Skipped 2,2026-10-06T13:11:49Z,,<USAZPCRGIFSMWB2ca0Z00015763@USAZPCRGIFSMWB2.corrigo.net>,AAMkAGQyODM5ZWI1LTQ0NDAtNDZiOS1hYTIzLTdjOGM3NDRlNjQ4MgBGAAAAAAAggjN_BHG4TI2Iz-JKRqfaBwDXcyWbp23lSoY0i7GBv6N_AACDH-y1AADYQg2wXX_9SqOyqyAymhzKAAKTTHXxAAA=,
N039,Not restored,2026-09-02 12:35,2026-09-02T17:35:23Z,Julie Hencke,Past Due Invoices,,9 - FORT WORTH ARCHIVE,Inbox/9 - FORT WORTH ARCHIVE,9 - FORT WORTH ARCHIVE,no,CATEGORY_ONLY,time+subject+sender,1,Past Due Invoices,jhencke@rmpis.com,Inbox/9 - FORT WORTH ARCHIVE,AI Skipped 2,AI Skipped 2,2026-10-06T13:11:49Z,,<-N1HRB4kQVuK-BITeljMVA@geopod-ismtpd-4>,AAMkAGQyODM5ZWI1LTQ0NDAtNDZiOS1hYTIzLTdjOGM3NDRlNjQ4MgBGAAAAAAAggjN_BHG4TI2Iz-JKRqfaBwDXcyWbp23lSoY0i7GBv6N_AACDH-y1AADYQg2wXX_9SqOyqyAymhzKAAKTTHXyAAA=,
N040,Not restored,2026-09-02 12:54,2026-09-02T17:54:22Z,Crosslink Powder Coating,"Reminder: Invoice SH:27642 from Crosslink Powder Coating of TX, LLC",27642,9 - FORT WORTH ARCHIVE,Inbox/9 - FORT WORTH ARCHIVE,9 - FORT WORTH ARCHIVE,no,CATEGORY_ONLY,time+subject+sender+sender-in-subject+invoice-in-subject,1,"Reminder: Invoice SH:27642 from Crosslink Powder Coating of TX, LLC",quickbooks@notification.intuit.com,Inbox/9 - FORT WORTH ARCHIVE,Entered in AI,Entered in AI,2026-10-06T13:10:13Z,,<_tWOM9YKRk-_4WS1UWGz3w@geopod-ismtpd-21>,AAMkAGQyODM5ZWI1LTQ0NDAtNDZiOS1hYTIzLTdjOGM3NDRlNjQ4MgBGAAAAAAAggjN_BHG4TI2Iz-JKRqfaBwDXcyWbp23lSoY0i7GBv6N_AACDH-y1AADYQg2wXX_9SqOyqyAymhzKAAKTTHX0AAA=,
N041,Not restored,2026-09-02 13:53,2026-09-02T18:53:07Z,"Invoice Tricor Industrial, Inc",,000444279/1/202659035,UNNAMED (FID 0x376dc5ed3),Inbox/3 - RECEIPT INVOICE ISSUES,UNNAMED (FID 0x376dc5ed3),yes,OK_TO_MOVE,time+sender-in-subject,1,Invoice 00044427,kstarkey@tricormetals.com,Inbox/9 - FORT WORTH ARCHIVE,Entered with issues,Entered with issues,2026-10-06T13:10:32Z,,<b7a8e488-142d-4e93-9dae-d9bfa088c1a9@TRICOR-EXCH.tricor.local>,AAMkAGQyODM5ZWI1LTQ0NDAtNDZiOS1hYTIzLTdjOGM3NDRlNjQ4MgBGAAAAAAAggjN_BHG4TI2Iz-JKRqfaBwDXcyWbp23lSoY0i7GBv6N_AACDH-y1AADXcyWbp23lSoY0i7GBv6N_AAOoEFOJAAA=,
N042,Not restored,2026-09-02 14:32,2026-09-02T19:32:58Z,Terry Regan,PAST DUE INVOICES,,9 - FORT WORTH ARCHIVE,Inbox/9 - FORT WORTH ARCHIVE,9 - FORT WORTH ARCHIVE,no,CATEGORY_ONLY,time+subject+sender,1,PAST DUE INVOICES,terry.regan@jpsteel.us,Inbox/9 - FORT WORTH ARCHIVE,AI Skipped 2,AI Skipped 2,2026-10-06T13:11:50Z,,<DSVPR01MB994525B45A6E164925AB71B8059AB72@DSVPR01MB994525.prod.exchangelabs.com>,AAMkAGQyODM5ZWI1LTQ0NDAtNDZiOS1hYTIzLTdjOGM3NDRlNjQ4MgBGAAAAAAAggjN_BHG4TI2Iz-JKRqfaBwDXcyWbp23lSoY0i7GBv6N_AACDH-y1AADYQg2wXX_9SqOyqyAymhzKAAKTTHX7AAA=,
N043,Not restored,2026-09-02 14:57,2026-09-02T19:57:58Z,Derek Spomer,TUBE SUPPLY Statement () Transmission for KANNON MANUFACTURING INC,,9 - FORT WORTH ARCHIVE,Inbox/9 - FORT WORTH ARCHIVE,9 - FORT WORTH ARCHIVE,no,CATEGORY_ONLY,time+subject+sender,1,TUBE SUPPLY Statement () Transmission for KANNON MANUFACTURING INC,dereks@SSS-STEEL.com,Inbox/9 - FORT WORTH ARCHIVE,AI Skipped 2,AI Skipped 2,2026-10-06T13:11:50Z,,<DS7PR20MB62367AE322F5D9CF043D9D93E5B72@DS7PR20MB6236.namprd20.prod.outlook.com>,AAMkAGQyODM5ZWI1LTQ0NDAtNDZiOS1hYTIzLTdjOGM3NDRlNjQ4MgBGAAAAAAAggjN_BHG4TI2Iz-JKRqfaBwDXcyWbp23lSoY0i7GBv6N_AACDH-y1AADYQg2wXX_9SqOyqyAymhzKAAKTTHX9AAA=,
N044,Not restored,2026-09-02 16:11,2026-09-02T21:11:36Z,Christina Gersten,RE: 019586   KANNON MANUFACTURING INC,,9 - FORT WORTH ARCHIVE,Inbox/9 - FORT WORTH ARCHIVE,9 - FORT WORTH ARCHIVE,no,CATEGORY_ONLY,time+subject+sender,1,RE: 019586   KANNON MANUFACTURING INC,cgersten@easternmetal.com,Inbox/9 - FORT WORTH ARCHIVE,AI Skipped 2,AI Skipped 2,2026-10-06T13:11:51Z,,<SJ1PR11MB62284848BE4D6FC36ECD0662A1B72@SJ1PR11MB6228.namprd11.prod.outlook.com>,AAMkAGQyODM5ZWI1LTQ0NDAtNDZiOS1hYTIzLTdjOGM3NDRlNjQ4MgBGAAAAAAAggjN_BHG4TI2Iz-JKRqfaBwDXcyWbp23lSoY0i7GBv6N_AACDH-y1AADYQg2wXX_9SqOyqyAymhzKAAKTTHYAAAA=,
N045,Not restored,2026-09-02 20:10,2026-09-03T01:10:15Z,Purvis Industries,,32646177,9 - FORT WORTH ARCHIVE,Inbox/9 - FORT WORTH ARCHIVE,9 - FORT WORTH ARCHIVE,no,CATEGORY_ONLY,time+sender+sender-in-subject+invoice-in-subject,1,Purvis Industries - Invoice# 32646177 Purvis Industries Invoice,ar@purvisindustries.com,Inbox/9 - FORT WORTH ARCHIVE,Entered in AI,Entered in AI,2026-10-06T13:10:18Z,,<23F1EEF5F1D24A08A8D55B0846B231A4@purvisbearing.com>,AAMkAGQyODM5ZWI1LTQ0NDAtNDZiOS1hYTIzLTdjOGM3NDRlNjQ4MgBGAAAAAAAggjN_BHG4TI2Iz-JKRqfaBwDXcyWbp23lSoY0i7GBv6N_AACDH-y1AADYQg2wXX_9SqOyqyAymhzKAAKTTHYCAAA=,
N046,Not restored,2026-09-02 21:25,2026-09-03T02:25:01Z,Do Not Reply,NOTICE OF PAYMENT DUE for KANNON MANUFACTURING INC - TXH-F22041 - HIGGINBOTHAM - FORT WORTH - 9/2/2026 - Imperial PFS® Forms/Letters.,,Inbox,Inbox,Inbox,yes,OK_TO_MOVE,time+subject+sender,1,NOTICE OF PAYMENT DUE for KANNON MANUFACTURING INC - TXH-F22041 - HIGGINBOTHAM - FORT WORTH - 9/2/2026 - Imperial PFS® Forms/Letters.,DoNotReply@ipfs.com,Inbox/9 - FORT WORTH ARCHIVE,Problems/Issues;Investigating;AI Skipped 2,AI Skipped 2,2026-10-06T13:12:08Z,,<0CL3is5bQ4eGtR03GSSqrg@geopod-ismtpd-9>,AAMkAGQyODM5ZWI1LTQ0NDAtNDZiOS1hYTIzLTdjOGM3NDRlNjQ4MgBGAAAAAAAggjN_BHG4TI2Iz-JKRqfaBwDXcyWbp23lSoY0i7GBv6N_AACDH-y1AADXcyWbp23lSoY0i7GBv6N_AAOoEFQ4AAA=,keeps non-process categories: Investigating;Problems/Issues
N047,Not restored,2026-09-02 23:07,2026-09-03T04:07:30Z,Kloeckner Metals Corporation,,15206781,9 - FORT WORTH ARCHIVE,Inbox/9 - FORT WORTH ARCHIVE,9 - FORT WORTH ARCHIVE,no,CATEGORY_ONLY,time+sender-in-subject+invoice-in-subject,1,Invoice 15206781 from KLOECKNER METALS (Beth Watkins) for customer 1004928,autotask@kloecknermetals.com,Inbox/9 - FORT WORTH ARCHIVE,Entered in AI,Entered in AI,2026-10-06T13:10:18Z,,<836350.554690824-sendEmail@s2ts-12c-03>,AAMkAGQyODM5ZWI1LTQ0NDAtNDZiOS1hYTIzLTdjOGM3NDRlNjQ4MgBGAAAAAAAggjN_BHG4TI2Iz-JKRqfaBwDXcyWbp23lSoY0i7GBv6N_AACDH-y1AADYQg2wXX_9SqOyqyAymhzKAAKTTHYDAAA=,
N048,Not restored,2026-09-03 05:11,2026-09-03T10:11:52Z,OLP5190@WASTECONNECTIONS.COM,WC Lone Star - Haltom City - Approved Automatic Payment,,9 - FORT WORTH ARCHIVE,Inbox/9 - FORT WORTH ARCHIVE,9 - FORT WORTH ARCHIVE,no,CATEGORY_ONLY,time+subject+sender,1,WC Lone Star - Haltom City - Approved Automatic Payment,OLP5190@WASTECONNECTIONS.COM,Inbox/9 - FORT WORTH ARCHIVE,AI Skipped 2,AI Skipped 2,2026-10-06T13:11:52Z,,<351-265922239@KUBRA.COM>,AAMkAGQyODM5ZWI1LTQ0NDAtNDZiOS1hYTIzLTdjOGM3NDRlNjQ4MgBGAAAAAAAggjN_BHG4TI2Iz-JKRqfaBwDXcyWbp23lSoY0i7GBv6N_AACDH-y1AADYQg2wXX_9SqOyqyAymhzKAAKTTHYEAAA=,
N049,Not restored,2026-09-03 09:34,2026-09-03T14:34:13Z,"Net Due Upon Receipt Of Invoice Arrow Personnel, Llc",,183233,9 - FORT WORTH ARCHIVE,Inbox/9 - FORT WORTH ARCHIVE,9 - FORT WORTH ARCHIVE,no,CATEGORY_ONLY,time+sender-in-subject+invoice-in-subject,1,"Arrow Personnel Invoice No. 183233 for the week ending Sunday, August 30, 2026.",payrollclerk@arrowpersonnel.com,Inbox/9 - FORT WORTH ARCHIVE,Entered in AI,Entered in AI,2026-10-06T13:10:19Z,,<C9XDOL7R7UU4.AQSVSN5FQ5SF@CHApps2SH049>,AAMkAGQyODM5ZWI1LTQ0NDAtNDZiOS1hYTIzLTdjOGM3NDRlNjQ4MgBGAAAAAAAggjN_BHG4TI2Iz-JKRqfaBwDXcyWbp23lSoY0i7GBv6N_AACDH-y1AADYQg2wXX_9SqOyqyAymhzKAAKTTHYGAAA=,
N050,Not restored,2026-09-03 09:56,2026-09-03T14:56:26Z,Yolanda Taylor,RE: 019586   KANNON MANUFACTURING INC,,9 - FORT WORTH ARCHIVE,Inbox/9 - FORT WORTH ARCHIVE,9 - FORT WORTH ARCHIVE,no,CATEGORY_ONLY,time+subject+sender,1,RE: 019586   KANNON MANUFACTURING INC,ytaylor@easternmetal.com,Inbox/9 - FORT WORTH ARCHIVE,AI Skipped 2,AI Skipped 2,2026-10-06T13:11:52Z,,<DM4PR11MB61425500E406A68D8A0A7715DAB62@DM4PR11MB6142.namprd11.prod.outlook.com>,AAMkAGQyODM5ZWI1LTQ0NDAtNDZiOS1hYTIzLTdjOGM3NDRlNjQ4MgBGAAAAAAAggjN_BHG4TI2Iz-JKRqfaBwDXcyWbp23lSoY0i7GBv6N_AACDH-y1AADYQg2wXX_9SqOyqyAymhzKAAKTTHYHAAA=,
N051,Not restored,2026-09-03 11:51,2026-09-03T16:51:08Z,Treyce Wegmann,RE: Auto-Email of A/R Statement,,9 - FORT WORTH ARCHIVE,Inbox/9 - FORT WORTH ARCHIVE,9 - FORT WORTH ARCHIVE,no,CATEGORY_ONLY,time+subject+sender,1,RE: Auto-Email of A/R Statement,[redacted],Inbox/9 - FORT WORTH ARCHIVE,AI Skipped 2,AI Skipped 2,2026-10-06T13:11:53Z,,<CO1PR15MB4955BECC3CA335D3F8F00E02CEB62@CO1PR15MB4955.namprd15.prod.outlook.com>,AAMkAGQyODM5ZWI1LTQ0NDAtNDZiOS1hYTIzLTdjOGM3NDRlNjQ4MgBGAAAAAAAggjN_BHG4TI2Iz-JKRqfaBwDXcyWbp23lSoY0i7GBv6N_AACDH-y1AADYQg2wXX_9SqOyqyAymhzKAAKTTHYKAAA=,
N052,Not restored,2026-09-03 12:17,2026-09-03T17:17:49Z,Michelle Dalton,"K-T Galvanizing Venus, Tx Price Adjustment Effective 9 15 2026  $0.04 per pound",,9 - FORT WORTH ARCHIVE,Inbox/9 - FORT WORTH ARCHIVE,9 - FORT WORTH ARCHIVE,no,CATEGORY_ONLY,time+subject+sender,1,"K-T Galvanizing Venus, Tx Price Adjustment Effective 9 15 2026  $0.04 per pound",michelle@ktgalvanizing.com,Inbox/9 - FORT WORTH ARCHIVE,AI Skipped 2,AI Skipped 2,2026-10-06T13:11:53Z,,<SN7PR18MB4029BA49823B0697562E40FFC5B62@SN7PR18MB4029.namprd18.prod.outlook.com>,AAMkAGQyODM5ZWI1LTQ0NDAtNDZiOS1hYTIzLTdjOGM3NDRlNjQ4MgBGAAAAAAAggjN_BHG4TI2Iz-JKRqfaBwDXcyWbp23lSoY0i7GBv6N_AACDH-y1AADYQg2wXX_9SqOyqyAymhzKAAKTTHYLAAA=,
N053,Not restored,2026-09-03 13:27,2026-09-03T18:27:33Z,Treyce Wegmann,RE: Account Statement,,9 - FORT WORTH ARCHIVE,Inbox/9 - FORT WORTH ARCHIVE,9 - FORT WORTH ARCHIVE,no,CATEGORY_ONLY,time+subject+sender,1,RE: Account Statement,[redacted],Inbox/9 - FORT WORTH ARCHIVE,AI Skipped 2,AI Skipped 2,2026-10-06T13:11:53Z,,<CO1PR15MB49557614F68087F766CD3B03CEB62@CO1PR15MB4955.namprd15.prod.outlook.com>,AAMkAGQyODM5ZWI1LTQ0NDAtNDZiOS1hYTIzLTdjOGM3NDRlNjQ4MgBGAAAAAAAggjN_BHG4TI2Iz-JKRqfaBwDXcyWbp23lSoY0i7GBv6N_AACDH-y1AADYQg2wXX_9SqOyqyAymhzKAAKTTHYMAAA=,
N054,Not restored,2026-09-03 14:12,2026-09-03T19:12:53Z,Phoenixmetals,,9110627,9 - FORT WORTH ARCHIVE,Inbox/9 - FORT WORTH ARCHIVE,9 - FORT WORTH ARCHIVE,no,CATEGORY_ONLY,time+sender+invoice-in-subject,1,Invoice #9110627,noreply@phoenixmetals.com,Inbox/9 - FORT WORTH ARCHIVE,Entered in AI,Entered in AI,2026-10-06T13:10:20Z,,<-1193121814.7815.1788462863719@S101B59D.PHOENIXMETALS.NET>,AAMkAGQyODM5ZWI1LTQ0NDAtNDZiOS1hYTIzLTdjOGM3NDRlNjQ4MgBGAAAAAAAggjN_BHG4TI2Iz-JKRqfaBwDXcyWbp23lSoY0i7GBv6N_AACDH-y1AADYQg2wXX_9SqOyqyAymhzKAAKTTHYOAAA=,
N055,Not restored,2026-09-03 15:41,2026-09-03T20:41:31Z,gigi.pineda@gasandsupply.com,,,9 - FORT WORTH ARCHIVE,Inbox/9 - FORT WORTH ARCHIVE,9 - FORT WORTH ARCHIVE,no,CATEGORY_ONLY,time+sender,1,Gas and Supply past due invoices A3050,gigi.pineda@gasandsupply.com,Inbox/9 - FORT WORTH ARCHIVE,AI Skipped 2,AI Skipped 2,2026-10-06T13:10:23Z,,<RMC-LA-BTR-TIM80sca000107f4@gasandsupply.com>,AAMkAGQyODM5ZWI1LTQ0NDAtNDZiOS1hYTIzLTdjOGM3NDRlNjQ4MgBGAAAAAAAggjN_BHG4TI2Iz-JKRqfaBwDXcyWbp23lSoY0i7GBv6N_AACDH-y1AADYQg2wXX_9SqOyqyAymhzKAAKTTHYPAAA=,
N056,Not restored,2026-09-03 16:06,2026-09-03T21:06:38Z,AR TEAM,Sept Statement,,9 - FORT WORTH ARCHIVE,Inbox/9 - FORT WORTH ARCHIVE,9 - FORT WORTH ARCHIVE,no,CATEGORY_ONLY,time+subject+sender,1,Sept Statement,AR@purvisindustries.com,Inbox/9 - FORT WORTH ARCHIVE,AI Skipped 2,AI Skipped 2,2026-10-06T13:11:54Z,,<719E542F21C14F8D8A50D0CCE2A3366C@purvisbearing.com>,AAMkAGQyODM5ZWI1LTQ0NDAtNDZiOS1hYTIzLTdjOGM3NDRlNjQ4MgBGAAAAAAAggjN_BHG4TI2Iz-JKRqfaBwDXcyWbp23lSoY0i7GBv6N_AACDH-y1AADYQg2wXX_9SqOyqyAymhzKAAKTTHYQAAA=,
N057,Not restored,2026-09-03 16:11,2026-09-03T21:11:15Z,Globe Life,Payment Submitted,,9 - FORT WORTH ARCHIVE,Inbox/9 - FORT WORTH ARCHIVE,9 - FORT WORTH ARCHIVE,no,CATEGORY_ONLY,time+subject+sender,1,Payment Submitted,noreply@customer.globe.life,Inbox/9 - FORT WORTH ARCHIVE,AI Skipped 2,AI Skipped 2,2026-10-06T13:11:54Z,,<0D.BD.27703.A52E99A6@i-042eab2cf53f3ecf0.mta2vrest.sd.prd.sparkpost>,AAMkAGQyODM5ZWI1LTQ0NDAtNDZiOS1hYTIzLTdjOGM3NDRlNjQ4MgBGAAAAAAAggjN_BHG4TI2Iz-JKRqfaBwDXcyWbp23lSoY0i7GBv6N_AACDH-y1AADYQg2wXX_9SqOyqyAymhzKAAKTTHYRAAA=,
N058,Not restored,2026-09-03 16:22,2026-09-03T21:22:13Z,FastenalReporting@fastenal.com,A Fastenal statement has been generated for you.,,9 - FORT WORTH ARCHIVE,Inbox/9 - FORT WORTH ARCHIVE,9 - FORT WORTH ARCHIVE,no,CATEGORY_ONLY,time+subject+sender+sender-in-subject,1,A Fastenal statement has been generated for you.,FastenalReporting@fastenal.com,Inbox/9 - FORT WORTH ARCHIVE,AI Skipped 2,AI Skipped 2,2026-10-06T13:11:55Z,,<20260903212207.D5E0B64005@bache.fastenal.com>,AAMkAGQyODM5ZWI1LTQ0NDAtNDZiOS1hYTIzLTdjOGM3NDRlNjQ4MgBGAAAAAAAggjN_BHG4TI2Iz-JKRqfaBwDXcyWbp23lSoY0i7GBv6N_AACDH-y1AADYQg2wXX_9SqOyqyAymhzKAAKTTHYSAAA=,
N059,Not restored,2026-09-03 16:23,2026-09-03T21:23:36Z,Antoinette Sanchez,Fastenal Past due,,9 - FORT WORTH ARCHIVE,Inbox/9 - FORT WORTH ARCHIVE,9 - FORT WORTH ARCHIVE,no,CATEGORY_ONLY,time+subject+sender,1,Fastenal Past due,antsanch@fastenal.com,Inbox/9 - FORT WORTH ARCHIVE,AI Skipped 2,AI Skipped 2,2026-10-06T13:11:55Z,,<BL0PR06MB478604DB11E2B25D395CF8FCBFB62@BL0PR06MB4786.namprd06.prod.outlook.com>,AAMkAGQyODM5ZWI1LTQ0NDAtNDZiOS1hYTIzLTdjOGM3NDRlNjQ4MgBGAAAAAAAggjN_BHG4TI2Iz-JKRqfaBwDXcyWbp23lSoY0i7GBv6N_AACDH-y1AADYQg2wXX_9SqOyqyAymhzKAAKTTHYTAAA=,
N060,Not restored,2026-09-03 16:50,2026-09-03T21:50:21Z,Globe Life,Payment Submitted,,9 - FORT WORTH ARCHIVE,Inbox/9 - FORT WORTH ARCHIVE,9 - FORT WORTH ARCHIVE,no,CATEGORY_ONLY,time+subject+sender,1,Payment Submitted,noreply@customer.globe.life,Inbox/9 - FORT WORTH ARCHIVE,AI Skipped 2,AI Skipped 2,2026-10-06T13:11:55Z,,<54.7A.34919.58BE99A6@i-07b9bd708504c6607.mta2vrest.sd.prd.sparkpost>,AAMkAGQyODM5ZWI1LTQ0NDAtNDZiOS1hYTIzLTdjOGM3NDRlNjQ4MgBGAAAAAAAggjN_BHG4TI2Iz-JKRqfaBwDXcyWbp23lSoY0i7GBv6N_AACDH-y1AADYQg2wXX_9SqOyqyAymhzKAAKTTHYUAAA=,
N061,Not restored,2026-09-03 17:04,2026-09-03T22:04:48Z,autoinvoices@austinhardware.com,17566 - Kannon Manufacturing Inc Statement,,9 - FORT WORTH ARCHIVE,Inbox/9 - FORT WORTH ARCHIVE,9 - FORT WORTH ARCHIVE,no,CATEGORY_ONLY,time+subject+sender,1,17566 - Kannon Manufacturing Inc Statement,autoinvoices@austinhardware.com,Inbox/9 - FORT WORTH ARCHIVE,AI Skipped 2,AI Skipped 2,2026-10-06T13:11:56Z,,<894DIYYW7UU4.421TPC3G0YO52@kinetic-app>,AAMkAGQyODM5ZWI1LTQ0NDAtNDZiOS1hYTIzLTdjOGM3NDRlNjQ4MgBGAAAAAAAggjN_BHG4TI2Iz-JKRqfaBwDXcyWbp23lSoY0i7GBv6N_AACDH-y1AADYQg2wXX_9SqOyqyAymhzKAAKTTHYVAAA=,
N062,Not restored,2026-09-04 09:42,2026-09-04T14:42:15Z,Tejas Transportation,,523858,9 - FORT WORTH ARCHIVE,Inbox/9 - FORT WORTH ARCHIVE,9 - FORT WORTH ARCHIVE,no,CATEGORY_ONLY,time+sender+sender-in-subject+invoice-in-subject,1,New payment request from Tejas Transportation - invoice 523858,quickbooks@notification.intuit.com,Inbox/9 - FORT WORTH ARCHIVE,Entered in AI,Entered in AI,2026-10-06T13:10:22Z,,<JGU05ep4Qri-SL1iiF2oDw@geopod-ismtpd-8>,AAMkAGQyODM5ZWI1LTQ0NDAtNDZiOS1hYTIzLTdjOGM3NDRlNjQ4MgBGAAAAAAAggjN_BHG4TI2Iz-JKRqfaBwDXcyWbp23lSoY0i7GBv6N_AACDH-y1AADYQg2wXX_9SqOyqyAymhzKAAKTTHYYAAA=,
N063,Not restored,2026-09-04 10:03,2026-09-04T15:03:16Z,Mike Drake,"ID 2434, past due invoices",,9 - FORT WORTH ARCHIVE,Inbox/9 - FORT WORTH ARCHIVE,9 - FORT WORTH ARCHIVE,no,CATEGORY_ONLY,time+subject+sender,1,"ID 2434, past due invoices",miked@altparts.com,Inbox/9 - FORT WORTH ARCHIVE,AI Skipped 2,AI Skipped 2,2026-10-06T13:11:57Z,,<BLAPR13MB4641295898156FBB3A8450FCC6B52@BLAPR13MB4641.namprd13.prod.outlook.com>,AAMkAGQyODM5ZWI1LTQ0NDAtNDZiOS1hYTIzLTdjOGM3NDRlNjQ4MgBGAAAAAAAggjN_BHG4TI2Iz-JKRqfaBwDXcyWbp23lSoY0i7GBv6N_AACDH-y1AADYQg2wXX_9SqOyqyAymhzKAAKTTHYZAAA=,
N064,Not restored,2026-09-04 12:11,2026-09-04T17:11:56Z,Shawn McKibben,Check# 18553,,9 - FORT WORTH ARCHIVE,Inbox/9 - FORT WORTH ARCHIVE,9 - FORT WORTH ARCHIVE,no,CATEGORY_ONLY,time+subject+sender,1,Check# 18553,Shawn.McKibben@kannonmfg.com,Inbox/9 - FORT WORTH ARCHIVE,AI Skipped 2,AI Skipped 2,2026-10-06T13:11:57Z,,<PH0PR15MB7073B3571960958BCCDA4C2D98B52@PH0PR15MB7073.namprd15.prod.outlook.com>,AAMkAGQyODM5ZWI1LTQ0NDAtNDZiOS1hYTIzLTdjOGM3NDRlNjQ4MgBGAAAAAAAggjN_BHG4TI2Iz-JKRqfaBwDXcyWbp23lSoY0i7GBv6N_AACDH-y1AADYQg2wXX_9SqOyqyAymhzKAAKTTHYaAAA=,
N065,Not restored,2026-09-04 12:19,2026-09-04T17:19:40Z,ar@onealsteel.com,Payment Confirmation,,9 - FORT WORTH ARCHIVE,Inbox/9 - FORT WORTH ARCHIVE,9 - FORT WORTH ARCHIVE,no,CATEGORY_ONLY,time+subject+sender,1,Payment Confirmation,ar@onealsteel.com,Inbox/9 - FORT WORTH ARCHIVE,AI Skipped 2,AI Skipped 2,2026-10-06T13:11:58Z,,<010101a06d6ed2b5-da28682c-e78b-4e46-9e98-af3315bc8aab-000000@us-west-2.amazonses.com>,AAMkAGQyODM5ZWI1LTQ0NDAtNDZiOS1hYTIzLTdjOGM3NDRlNjQ4MgBGAAAAAAAggjN_BHG4TI2Iz-JKRqfaBwDXcyWbp23lSoY0i7GBv6N_AACDH-y1AADYQg2wXX_9SqOyqyAymhzKAAKTTHYbAAA=,
N066,Not restored,2026-09-04 14:13,2026-09-04T19:13:41Z,Morgan Steel,,129320,9 - FORT WORTH ARCHIVE,Inbox/9 - FORT WORTH ARCHIVE,9 - FORT WORTH ARCHIVE,no,CATEGORY_ONLY,time+invoice-in-subject,1,Invoice 129320,Emily.Keith@morgansteel.net,Inbox/9 - FORT WORTH ARCHIVE,Entered in AI,Entered in AI,2026-10-06T13:10:23Z,,<EA2PR16MB62809E09AAEAFE2ABF3DD510F9B52@EA2PR16MB6280.namprd16.prod.outlook.com>,AAMkAGQyODM5ZWI1LTQ0NDAtNDZiOS1hYTIzLTdjOGM3NDRlNjQ4MgBGAAAAAAAggjN_BHG4TI2Iz-JKRqfaBwDXcyWbp23lSoY0i7GBv6N_AACDH-y1AADYQg2wXX_9SqOyqyAymhzKAAKTTHYeAAA=,
N067,Not restored,2026-09-04 14:58,2026-09-04T19:58:13Z,3P,,142216,9 - FORT WORTH ARCHIVE,Inbox/9 - FORT WORTH ARCHIVE,9 - FORT WORTH ARCHIVE,no,CATEGORY_ONLY,time+invoice-in-subject,1,"INV # 142216 / CPL # 76981, 76980, PO # 58925, 58952, 58972, 59002, 59031",Rachel@3pindustries.com,Inbox/9 - FORT WORTH ARCHIVE,Entered in AI,Entered in AI,2026-10-06T13:10:24Z,,<SA0PR19MB4253891B3A4710E7E9C560F9FBB52@SA0PR19MB4253.namprd19.prod.outlook.com>,AAMkAGQyODM5ZWI1LTQ0NDAtNDZiOS1hYTIzLTdjOGM3NDRlNjQ4MgBGAAAAAAAggjN_BHG4TI2Iz-JKRqfaBwDXcyWbp23lSoY0i7GBv6N_AACDH-y1AADXcyWbp23lSoY0i7GBv6N_AAOfybznAAA=,
N068,Not restored,2026-09-04 16:06,2026-09-04T21:06:20Z,Accounting,Past Due Statement Reminder - KANNON - 08/31/2026,,9 - FORT WORTH ARCHIVE,Inbox/9 - FORT WORTH ARCHIVE,9 - FORT WORTH ARCHIVE,no,CATEGORY_ONLY,time+subject+sender,1,Past Due Statement Reminder - KANNON - 08/31/2026,Accounting@TPITexas.com,Inbox/9 - FORT WORTH ARCHIVE,AI Skipped 2,AI Skipped 2,2026-10-06T13:11:58Z,,<MW4PR17MB455397DA16BF7574B79387F8A2B52@MW4PR17MB4553.namprd17.prod.outlook.com>,AAMkAGQyODM5ZWI1LTQ0NDAtNDZiOS1hYTIzLTdjOGM3NDRlNjQ4MgBGAAAAAAAggjN_BHG4TI2Iz-JKRqfaBwDXcyWbp23lSoY0i7GBv6N_AACDH-y1AADYQg2wXX_9SqOyqyAymhzKAAKTTHYhAAA=,
N069,Not restored,2026-09-04 16:26,2026-09-04T21:26:07Z,DoNotReply@invoices.mscdirect.com,MSC Past Due Notification     (DXED#202624717232246358DC),,Inbox,Inbox,Inbox,yes,OK_TO_MOVE,time+subject+sender,1,MSC Past Due Notification     (DXED#202624717232246358DC),donotreply@invoices.mscdirect.com,Inbox/9 - FORT WORTH ARCHIVE,AI Skipped 2,AI Skipped 2,2026-10-06T13:12:15Z,,<42A687A5302841806E0258D6916380CCBDABC626@dxprod07_1.datamatx.local>,AAMkAGQyODM5ZWI1LTQ0NDAtNDZiOS1hYTIzLTdjOGM3NDRlNjQ4MgBGAAAAAAAggjN_BHG4TI2Iz-JKRqfaBwDXcyWbp23lSoY0i7GBv6N_AACDH-y1AADXcyWbp23lSoY0i7GBv6N_AAOoEFQ7AAA=,
N070,Not restored,2026-09-05 01:21,2026-09-05T06:21:34Z,McMaster-Carr,Credit from Your Order 58889,,Inbox,Inbox,Inbox,yes,AMBIGUOUS,,2,,,,,,,,,,candidates: Inbox/9 - FORT WORTH ARCHIVE / Credit from Your Order 58889 / AI Skipped 2 || Inbox/9 - FORT WORTH ARCHIVE / Invoice for Your Order 59125 / Entered in AI
N071,Not restored,2026-09-05 01:29,2026-09-05T06:29:32Z,"Joseph T. Ryerson & Son, Inc",,9307057099,Inbox,Inbox,Inbox,yes,OK_TO_MOVE,time+sender+invoice-in-subject,1,PO 59064 Inv# 9307057099,donotreplyinvoice@ryerson.com,Inbox/9 - FORT WORTH ARCHIVE,Entered in AI,Entered in AI,2026-10-06T13:10:41Z,,<ADR5100000231273530000505687F7B61FD1AA9E6375DFEE8D09@RYERSON.COM>,AAMkAGQyODM5ZWI1LTQ0NDAtNDZiOS1hYTIzLTdjOGM3NDRlNjQ4MgBGAAAAAAAggjN_BHG4TI2Iz-JKRqfaBwDXcyWbp23lSoY0i7GBv6N_AACDH-y1AADXcyWbp23lSoY0i7GBv6N_AAOoEFOLAAA=,
N072,Not restored,2026-09-05 06:14,2026-09-05T11:14:06Z,Green Valley Compressor LLC,Finish your payment to Green Valley Compressor LLC,2158,Inbox,Inbox,Inbox,yes,OK_TO_MOVE,time+subject+sender+sender-in-subject,1,Finish your payment to Green Valley Compressor LLC,quickbooks@notification.intuit.com,Inbox/9 - FORT WORTH ARCHIVE,Entered in AI,Entered in AI,2026-10-06T13:10:44Z,,<_VZpPtSGTJO1XoOMTN_vvw@geopod-ismtpd-canary-0>,AAMkAGQyODM5ZWI1LTQ0NDAtNDZiOS1hYTIzLTdjOGM3NDRlNjQ4MgBGAAAAAAAggjN_BHG4TI2Iz-JKRqfaBwDXcyWbp23lSoY0i7GBv6N_AACDH-y1AADXcyWbp23lSoY0i7GBv6N_AAOoEFOPAAA=,2 plan rows share received time 2026-09-05T11:14:06Z | interchangeable pair assigned as a set (same destination and action)
N073,Not restored,2026-09-05 06:14,2026-09-05T11:14:06Z,Green Valley Compressor LLC,Finish your payment to Green Valley Compressor LLC,2158,Inbox,Inbox,Inbox,yes,OK_TO_MOVE,time+subject+sender+sender-in-subject,1,Finish your payment to Green Valley Compressor LLC,quickbooks@notification.intuit.com,Inbox/9 - FORT WORTH ARCHIVE,Entered in AI,Entered in AI,2026-10-06T13:10:45Z,,<p93HdYOCS8mmPuz8NsmYmg@geopod-ismtpd-11>,AAMkAGQyODM5ZWI1LTQ0NDAtNDZiOS1hYTIzLTdjOGM3NDRlNjQ4MgBGAAAAAAAggjN_BHG4TI2Iz-JKRqfaBwDXcyWbp23lSoY0i7GBv6N_AACDH-y1AADXcyWbp23lSoY0i7GBv6N_AAOoEFOQAAA=,2 plan rows share received time 2026-09-05T11:14:06Z | interchangeable pair assigned as a set (same destination and action)
N074,Not restored,2026-09-05 07:03,2026-09-05T12:03:55Z,mansfieldtx@alarm-billing.com,Mansfield False Alarm Reduction Program,,Inbox,Inbox,Inbox,yes,OK_TO_MOVE,time+subject+sender+sender-in-subject,1,Mansfield False Alarm Reduction Program,mansfieldtx@alarm-billing.com,Inbox/9 - FORT WORTH ARCHIVE,AI Skipped 2,AI Skipped 2,2026-10-06T13:12:16Z,,<9JR146FE8UU4.VFG8UWBUVWF3@psc-crwjb001>,AAMkAGQyODM5ZWI1LTQ0NDAtNDZiOS1hYTIzLTdjOGM3NDRlNjQ4MgBGAAAAAAAggjN_BHG4TI2Iz-JKRqfaBwDXcyWbp23lSoY0i7GBv6N_AACDH-y1AADXcyWbp23lSoY0i7GBv6N_AAOoEFQ9AAA=,
N075,Not restored,2026-09-05 07:08,2026-09-05T12:08:31Z,ARNotifications@versalift.com,"C06512 KANNON MANUFACTURING INC: Second Reminder - $8,029.22 due          Ref:0003082671",,Inbox,Inbox,Inbox,yes,OK_TO_MOVE,time+subject+sender,1,"C06512 KANNON MANUFACTURING INC: Second Reminder - $8,029.22 due          Ref:0003082671",ARNotifications@versalift.com,Inbox/9 - FORT WORTH ARCHIVE,AI Skipped 2,AI Skipped 2,2026-10-06T13:12:18Z,,<E354CEB8A6D883165E7B3BCCBFC5FB7D34379BED@RD74D8096E7988>,AAMkAGQyODM5ZWI1LTQ0NDAtNDZiOS1hYTIzLTdjOGM3NDRlNjQ4MgBGAAAAAAAggjN_BHG4TI2Iz-JKRqfaBwDXcyWbp23lSoY0i7GBv6N_AACDH-y1AADXcyWbp23lSoY0i7GBv6N_AAOoEFQ_AAA=,
N076,Not restored,2026-09-05 07:14,2026-09-05T12:14:25Z,ARNotifications@versalift.com,C06512 KANNON MANUFACTURING INC: Statement          Ref:0003082102,,Inbox,Inbox,Inbox,yes,OK_TO_MOVE,time+subject+sender,1,C06512 KANNON MANUFACTURING INC: Statement          Ref:0003082102,ARNotifications@versalift.com,Inbox/9 - FORT WORTH ARCHIVE,AI Skipped 2,AI Skipped 2,2026-10-06T13:12:19Z,,<29381148CF826AED9DC001A7BB4E7520277E5DEE@RD74D8096E7988>,AAMkAGQyODM5ZWI1LTQ0NDAtNDZiOS1hYTIzLTdjOGM3NDRlNjQ4MgBGAAAAAAAggjN_BHG4TI2Iz-JKRqfaBwDXcyWbp23lSoY0i7GBv6N_AACDH-y1AADXcyWbp23lSoY0i7GBv6N_AAOoEFQ-AAA=,
N077,Not restored,2026-09-05 09:40,2026-09-05T14:40:39Z,autoline printer BACKGROUND,Mitsubishi Electric Account Statement,,Inbox,Inbox,Inbox,yes,OK_TO_MOVE,time+subject+sender,1,Mitsubishi Electric Account Statement,BACKGROUND@MEAU.COM,Inbox/9 - FORT WORTH ARCHIVE,AI Skipped 2,AI Skipped 2,2026-10-06T13:12:19Z,,<ADR5100000021762710002E4F21411F61FE1AAA6F7982267C66F@MEAU.COM>,AAMkAGQyODM5ZWI1LTQ0NDAtNDZiOS1hYTIzLTdjOGM3NDRlNjQ4MgBGAAAAAAAggjN_BHG4TI2Iz-JKRqfaBwDXcyWbp23lSoY0i7GBv6N_AACDH-y1AADXcyWbp23lSoY0i7GBv6N_AAOoEFRAAAA=,
N078,Not restored,2026-09-06 08:39,2026-09-06T13:39:10Z,Crosslink Powder Coating of Texas,"Friendly payment reminder, as your account with us now appears as past due",,Inbox,Inbox,Inbox,yes,OK_TO_MOVE,time+subject+sender,1,"Friendly payment reminder, as your account with us now appears as past due",support@ebizcharge.com,Inbox/9 - FORT WORTH ARCHIVE,AI Skipped 2,AI Skipped 2,2026-10-06T13:12:19Z,,<IfBkEGTcReyzAm3jO391IQ@geopod-ismtpd-8>,AAMkAGQyODM5ZWI1LTQ0NDAtNDZiOS1hYTIzLTdjOGM3NDRlNjQ4MgBGAAAAAAAggjN_BHG4TI2Iz-JKRqfaBwDXcyWbp23lSoY0i7GBv6N_AACDH-y1AADXcyWbp23lSoY0i7GBv6N_AAOoEFRBAAA=,
N079,Not restored,2026-09-06 08:39,2026-09-06T13:39:11Z,Crosslink Powder Coating of Texas,"Friendly payment reminder, as your account with us now appears as past due",,Inbox,Inbox,Inbox,yes,OK_TO_MOVE,time+subject+sender,1,"Friendly payment reminder, as your account with us now appears as past due",support@ebizcharge.com,Inbox/9 - FORT WORTH ARCHIVE,AI Skipped 2,AI Skipped 2,2026-10-06T13:12:20Z,,<XTm6WZEDRfevIpmb9taX9w@geopod-ismtpd-12>,AAMkAGQyODM5ZWI1LTQ0NDAtNDZiOS1hYTIzLTdjOGM3NDRlNjQ4MgBGAAAAAAAggjN_BHG4TI2Iz-JKRqfaBwDXcyWbp23lSoY0i7GBv6N_AACDH-y1AADXcyWbp23lSoY0i7GBv6N_AAOoEFRCAAA=,
N080,Not restored,2026-09-06 12:28,2026-09-06T17:28:21Z,Ally Auto,Reminder: 9/8/2026 is your scheduled payment date,,Inbox,Inbox,Inbox,yes,OK_TO_MOVE,time+subject+sender,1,Reminder: 9/8/2026 is your scheduled payment date,email@alert.ally.com,Inbox/9 - FORT WORTH ARCHIVE,AI Skipped 2,AI Skipped 2,2026-10-06T13:12:20Z,,<010001a077c36765-f7011cc5-2841-488c-a956-7857cf0dacac-000000@email.amazonses.com>,AAMkAGQyODM5ZWI1LTQ0NDAtNDZiOS1hYTIzLTdjOGM3NDRlNjQ4MgBGAAAAAAAggjN_BHG4TI2Iz-JKRqfaBwDXcyWbp23lSoY0i7GBv6N_AACDH-y1AADXcyWbp23lSoY0i7GBv6N_AAOoEFRDAAA=,
N081,Not restored,2026-09-06 18:04,2026-09-06T23:04:25Z,Insight Controller Services,,1814,Inbox,Inbox,Inbox,yes,OK_TO_MOVE,time+sender+sender-in-subject+invoice-in-subject,1,Invoice 1814 from Insight Controller Services,quickbooks@notification.intuit.com,Inbox/9 - FORT WORTH ARCHIVE,Entered in AI,Entered in AI,2026-10-06T13:10:46Z,,<-1SNJ380QQuUVz940t-BiA@geopod-ismtpd-canary-0>,AAMkAGQyODM5ZWI1LTQ0NDAtNDZiOS1hYTIzLTdjOGM3NDRlNjQ4MgBGAAAAAAAggjN_BHG4TI2Iz-JKRqfaBwDXcyWbp23lSoY0i7GBv6N_AACDH-y1AADXcyWbp23lSoY0i7GBv6N_AAOoEFORAAA=,
N082,Not restored,2026-09-08 07:02,2026-09-08T12:02:16Z,Andrea Sylvester,271319-Curbell Plastics Notice of Past Due Balance,,Inbox,Inbox,Inbox,yes,OK_TO_MOVE,time+subject+sender,1,271319-Curbell Plastics Notice of Past Due Balance,asylvester@curbell.com,Inbox/9 - FORT WORTH ARCHIVE,AI Skipped 2,AI Skipped 2,2026-10-06T13:12:22Z,,<ADR51000000193106400005056A95ABD1FD1AAEFA103007BE0F0@CURBELL.COM>,AAMkAGQyODM5ZWI1LTQ0NDAtNDZiOS1hYTIzLTdjOGM3NDRlNjQ4MgBGAAAAAAAggjN_BHG4TI2Iz-JKRqfaBwDXcyWbp23lSoY0i7GBv6N_AACDH-y1AADXcyWbp23lSoY0i7GBv6N_AAOoEFRIAAA=,
N083,Not restored,2026-09-08 09:04,2026-09-08T14:04:00Z,Colonial Life,Simplify your payments,,Inbox,Inbox,Inbox,yes,OK_TO_MOVE,time+subject+sender,1,Simplify your payments,connect@info.coloniallife.com,Inbox/AutoPay Archive,AI Skipped,AI Skipped,2026-10-06T13:10:47Z,,<1788876081375.2377a496-47cf-4f5f-b127-9901c2a4d0e8@21775334m.info.unum.com>,AAMkAGQyODM5ZWI1LTQ0NDAtNDZiOS1hYTIzLTdjOGM3NDRlNjQ4MgBGAAAAAAAggjN_BHG4TI2Iz-JKRqfaBwDXcyWbp23lSoY0i7GBv6N_AAOkEEAHAADXcyWbp23lSoY0i7GBv6N_AAOoEFdxAAA=,
N084,Not restored,2026-09-08 10:10,2026-09-08T15:10:49Z,Fw: Energy Invoice,,0204730,Inbox,Inbox,Inbox,yes,OK_TO_MOVE,time+sender-in-subject+invoice-in-subject,1,Fw: Energy Invoice - KANNON MANUFACTURING LLC (Invoice #: 0204730),[redacted],Inbox/9 - FORT WORTH ARCHIVE,Entered in AI,Entered in AI,2026-10-06T13:10:49Z,,<DSWPR15MB7088B953503939CC6E6D24488DB12@DSWPR15MB7088.namprd15.prod.outlook.com>,AAMkAGQyODM5ZWI1LTQ0NDAtNDZiOS1hYTIzLTdjOGM3NDRlNjQ4MgBGAAAAAAAggjN_BHG4TI2Iz-JKRqfaBwDXcyWbp23lSoY0i7GBv6N_AACDH-y1AADXcyWbp23lSoY0i7GBv6N_AAOoEFOTAAA=,
N085,Not restored,2026-09-08 10:24,2026-09-08T15:24:38Z,Crosslink Powder Coating,,27756,Inbox,Inbox,Inbox,yes,OK_TO_MOVE,time+sender+invoice-in-subject,1,Invoice SH:27756 Re:,quickbooks@notification.intuit.com,Inbox/9 - FORT WORTH ARCHIVE,Entered in AI,Entered in AI,2026-10-06T13:10:49Z,,<8XWrMcK2QCWyA8dIvXEwVQ@geopod-ismtpd-1>,AAMkAGQyODM5ZWI1LTQ0NDAtNDZiOS1hYTIzLTdjOGM3NDRlNjQ4MgBGAAAAAAAggjN_BHG4TI2Iz-JKRqfaBwDXcyWbp23lSoY0i7GBv6N_AACDH-y1AADXcyWbp23lSoY0i7GBv6N_AAOoEFOVAAA=,
N086,Not restored,2026-09-08 10:25,2026-09-08T15:25:13Z,Crosslink Powder Coating,,27755,Inbox,Inbox,Inbox,yes,OK_TO_MOVE,time+sender+invoice-in-subject,1,Invoice SH:27755 Re:,quickbooks@notification.intuit.com,Inbox/9 - FORT WORTH ARCHIVE,Entered in AI,Entered in AI,2026-10-06T13:10:50Z,,<y2eWC2kHRcuZbQZZR3tk0Q@geopod-ismtpd-1>,AAMkAGQyODM5ZWI1LTQ0NDAtNDZiOS1hYTIzLTdjOGM3NDRlNjQ4MgBGAAAAAAAggjN_BHG4TI2Iz-JKRqfaBwDXcyWbp23lSoY0i7GBv6N_AACDH-y1AADXcyWbp23lSoY0i7GBv6N_AAOoEFOWAAA=,
N087,Not restored,2026-09-08 10:30,2026-09-08T15:30:08Z,"Crosslink Powder Coating of TX, LLC","Statement from Crosslink Powder Coating of TX, LLC",,Inbox,Inbox,Inbox,yes,OK_TO_MOVE,time+subject+sender+sender-in-subject,1,"Statement from Crosslink Powder Coating of TX, LLC",quickbooks@notification.intuit.com,Inbox/9 - FORT WORTH ARCHIVE,AI Skipped 2,AI Skipped 2,2026-10-06T13:12:22Z,,<4nk_gTYEQ5yAfVhEe8aXaw@geopod-ismtpd-111>,AAMkAGQyODM5ZWI1LTQ0NDAtNDZiOS1hYTIzLTdjOGM3NDRlNjQ4MgBGAAAAAAAggjN_BHG4TI2Iz-JKRqfaBwDXcyWbp23lSoY0i7GBv6N_AACDH-y1AADXcyWbp23lSoY0i7GBv6N_AAOoEFRJAAA=,
N088,Not restored,2026-09-08 11:03,2026-09-08T16:03:43Z,Freepoint Solution Customer Relations,,0204730,Inbox,Inbox,Inbox,yes,OK_TO_MOVE,time+sender+invoice-in-subject,1,RE: Energy Invoice - KANNON MANUFACTURING LLC (Invoice #: 0204730),CustomerRelations@freepointsolutions.com,Inbox/9 - FORT WORTH ARCHIVE,Entered in AI,Entered in AI,2026-10-06T13:10:30Z,,<1e317b95a2654ae39068b7d037e3670a@freepointsolutions.com>,AAMkAGQyODM5ZWI1LTQ0NDAtNDZiOS1hYTIzLTdjOGM3NDRlNjQ4MgBGAAAAAAAggjN_BHG4TI2Iz-JKRqfaBwDXcyWbp23lSoY0i7GBv6N_AACDH-y1AADXcyWbp23lSoY0i7GBv6N_AAOoEFOXAAA=,
N089,Not restored,2026-09-08 12:00,2026-09-08T17:00:26Z,Christina Gersten,RE: 019586   KANNON MANUFACTURING INC,,Inbox,Inbox,Inbox,yes,OK_TO_MOVE,time+subject+sender,1,RE: 019586   KANNON MANUFACTURING INC,cgersten@easternmetal.com,Inbox/9 - FORT WORTH ARCHIVE,AI Skipped 2,AI Skipped 2,2026-10-06T13:12:22Z,,<PH7PR11MB85505B36BA12BF7BD5D8BC35A1B12@PH7PR11MB8550.namprd11.prod.outlook.com>,AAMkAGQyODM5ZWI1LTQ0NDAtNDZiOS1hYTIzLTdjOGM3NDRlNjQ4MgBGAAAAAAAggjN_BHG4TI2Iz-JKRqfaBwDXcyWbp23lSoY0i7GBv6N_AACDH-y1AADXcyWbp23lSoY0i7GBv6N_AAOoEFRKAAA=,
N090,Not restored,2026-09-08 13:05,2026-09-08T18:05:38Z,Gigi Pineda,,,Inbox,Inbox,Inbox,yes,OK_TO_MOVE,time+sender,1,Past Due Notice for Account A3050,gigi.pineda@gasandsupply.com,Inbox/9 - FORT WORTH ARCHIVE,AI Skipped 2,AI Skipped 2,2026-10-06T13:10:52Z,,<429140788.89.1788890722675@smtp.sendgrid.net>,AAMkAGQyODM5ZWI1LTQ0NDAtNDZiOS1hYTIzLTdjOGM3NDRlNjQ4MgBGAAAAAAAggjN_BHG4TI2Iz-JKRqfaBwDXcyWbp23lSoY0i7GBv6N_AACDH-y1AADXcyWbp23lSoY0i7GBv6N_AAOoEFOcAAA=,
N091,Not restored,2026-09-08 13:06,2026-09-08T18:06:09Z,Gigi Pineda,,,Inbox,Inbox,Inbox,yes,OK_TO_MOVE,time+sender,1,Past Due Notice for Account G1378,gigi.pineda@gasandsupply.com,Inbox/9 - FORT WORTH ARCHIVE,AI Skipped 2,AI Skipped 2,2026-10-06T13:10:53Z,,<1528162736.303.1788890758052@smtp.sendgrid.net>,AAMkAGQyODM5ZWI1LTQ0NDAtNDZiOS1hYTIzLTdjOGM3NDRlNjQ4MgBGAAAAAAAggjN_BHG4TI2Iz-JKRqfaBwDXcyWbp23lSoY0i7GBv6N_AACDH-y1AADXcyWbp23lSoY0i7GBv6N_AAOoEFOdAAA=,
N092,Not restored,2026-09-08 13:06,2026-09-08T18:06:27Z,Gigi Pineda,,,Inbox,Inbox,Inbox,yes,OK_TO_MOVE,time+sender,1,Past Due Notice for Account F5147,gigi.pineda@gasandsupply.com,Inbox/9 - FORT WORTH ARCHIVE,AI Skipped 2,AI Skipped 2,2026-10-06T13:10:54Z,,<1321573964.383.1788890775245@smtp.sendgrid.net>,AAMkAGQyODM5ZWI1LTQ0NDAtNDZiOS1hYTIzLTdjOGM3NDRlNjQ4MgBGAAAAAAAggjN_BHG4TI2Iz-JKRqfaBwDXcyWbp23lSoY0i7GBv6N_AACDH-y1AADXcyWbp23lSoY0i7GBv6N_AAOoEFOeAAA=,
N093,Not restored,2026-09-08 14:36,2026-09-08T19:36:38Z,Misty McCoy,FW: Ryerson | Payment Due,,Inbox,Inbox,Inbox,yes,OK_TO_MOVE,time+subject+sender,1,FW: Ryerson | Payment Due,misty.mccoy@kannonmfg.com,Inbox/9 - FORT WORTH ARCHIVE,AI Skipped 2,AI Skipped 2,2026-10-06T13:12:23Z,,<PH3PPFC9225BE9614904BC12CE84BAE0D4FFDB12@PH3PPFC9225BE96.namprd15.prod.outlook.com>,AAMkAGQyODM5ZWI1LTQ0NDAtNDZiOS1hYTIzLTdjOGM3NDRlNjQ4MgBGAAAAAAAggjN_BHG4TI2Iz-JKRqfaBwDXcyWbp23lSoY0i7GBv6N_AACDH-y1AADXcyWbp23lSoY0i7GBv6N_AAOoEFRMAAA=,
N094,Not restored,2026-09-08 17:18,2026-09-08T22:18:11Z,Insight Controller Services,Reminder: Invoice 1814 from Insight Controller Services,1814,Inbox,Inbox,Inbox,yes,OK_TO_MOVE,time+subject+sender+sender-in-subject+invoice-in-subject,1,Reminder: Invoice 1814 from Insight Controller Services,quickbooks@notification.intuit.com,Inbox/9 - FORT WORTH ARCHIVE,Entered in AI,Entered in AI,2026-10-06T13:10:54Z,,<z3MgXWlqRUyqT8XUk0icnA@geopod-ismtpd-75>,AAMkAGQyODM5ZWI1LTQ0NDAtNDZiOS1hYTIzLTdjOGM3NDRlNjQ4MgBGAAAAAAAggjN_BHG4TI2Iz-JKRqfaBwDXcyWbp23lSoY0i7GBv6N_AACDH-y1AADXcyWbp23lSoY0i7GBv6N_AAOoEFOfAAA=,
N095,Not restored,2026-09-08 17:18,2026-09-08T22:18:13Z,Insight Controller Services,Finish your payment to Insight Controller Services,1814,Inbox,Inbox,Inbox,yes,OK_TO_MOVE,time+subject+sender+sender-in-subject,1,Finish your payment to Insight Controller Services,quickbooks@notification.intuit.com,Inbox/9 - FORT WORTH ARCHIVE,Entered in AI,Entered in AI,2026-10-06T13:10:54Z,,<A2oMRMC1RXilQMKN4o9yug@geopod-ismtpd-18>,AAMkAGQyODM5ZWI1LTQ0NDAtNDZiOS1hYTIzLTdjOGM3NDRlNjQ4MgBGAAAAAAAggjN_BHG4TI2Iz-JKRqfaBwDXcyWbp23lSoY0i7GBv6N_AACDH-y1AADXcyWbp23lSoY0i7GBv6N_AAOoEFOgAAA=,
N096,Not restored,2026-09-08 19:46,2026-09-09T00:46:39Z,Martha Beecher,Auto-Email of A/R Statement,,Inbox,Inbox,Inbox,yes,OK_TO_MOVE,time+subject+sender,1,Auto-Email of A/R Statement,marthab@sss-steel.com,Inbox/9 - FORT WORTH ARCHIVE,AI Skipped 2,AI Skipped 2,2026-10-06T13:12:23Z,,<202609090045.6890jxLL43646998@replicationc1.sss-steel.com>,AAMkAGQyODM5ZWI1LTQ0NDAtNDZiOS1hYTIzLTdjOGM3NDRlNjQ4MgBGAAAAAAAggjN_BHG4TI2Iz-JKRqfaBwDXcyWbp23lSoY0i7GBv6N_AACDH-y1AADXcyWbp23lSoY0i7GBv6N_AAOoEFRNAAA=,
N097,Not restored,2026-09-09 08:37,2026-09-09T13:37:08Z,Crosslink Powder Coating of Texas,"Friendly payment reminder, as your account with us now appears as past due",,Inbox,Inbox,Inbox,yes,OK_TO_MOVE,time+subject+sender,1,"Friendly payment reminder, as your account with us now appears as past due",support@ebizcharge.com,Inbox/9 - FORT WORTH ARCHIVE,AI Skipped 2,AI Skipped 2,2026-10-06T13:12:24Z,,<l4ew3N5nQn-oXZaKZ4TuGg@geopod-ismtpd-18>,AAMkAGQyODM5ZWI1LTQ0NDAtNDZiOS1hYTIzLTdjOGM3NDRlNjQ4MgBGAAAAAAAggjN_BHG4TI2Iz-JKRqfaBwDXcyWbp23lSoY0i7GBv6N_AACDH-y1AADXcyWbp23lSoY0i7GBv6N_AAOoEFRPAAA=,2 plan rows share received time 2026-09-09T13:37:08Z | interchangeable pair assigned as a set (same destination and action)
N098,Not restored,2026-09-09 08:37,2026-09-09T13:37:08Z,Crosslink Powder Coating of Texas,"Friendly payment reminder, as your account with us now appears as past due",,Inbox,Inbox,Inbox,yes,OK_TO_MOVE,time+subject+sender,1,"Friendly payment reminder, as your account with us now appears as past due",support@ebizcharge.com,Inbox/9 - FORT WORTH ARCHIVE,AI Skipped 2,AI Skipped 2,2026-10-06T13:12:24Z,,<v7GaKV2WQOCGILClkdezyw@geopod-ismtpd-19>,AAMkAGQyODM5ZWI1LTQ0NDAtNDZiOS1hYTIzLTdjOGM3NDRlNjQ4MgBGAAAAAAAggjN_BHG4TI2Iz-JKRqfaBwDXcyWbp23lSoY0i7GBv6N_AACDH-y1AADXcyWbp23lSoY0i7GBv6N_AAOoEFRQAAA=,2 plan rows share received time 2026-09-09T13:37:08Z | interchangeable pair assigned as a set (same destination and action)
N099,Not restored,2026-09-09 08:37,2026-09-09T13:37:09Z,Crosslink Powder Coating of Texas,"Friendly payment reminder, as your account with us now appears as past due",,Inbox,Inbox,Inbox,yes,OK_TO_MOVE,time+subject+sender,1,"Friendly payment reminder, as your account with us now appears as past due",support@ebizcharge.com,Inbox/9 - FORT WORTH ARCHIVE,AI Skipped 2,AI Skipped 2,2026-10-06T13:12:24Z,,<fVmiz23kQmiYElfSh21QxA@geopod-ismtpd-17>,AAMkAGQyODM5ZWI1LTQ0NDAtNDZiOS1hYTIzLTdjOGM3NDRlNjQ4MgBGAAAAAAAggjN_BHG4TI2Iz-JKRqfaBwDXcyWbp23lSoY0i7GBv6N_AACDH-y1AADXcyWbp23lSoY0i7GBv6N_AAOoEFRRAAA=,
N100,Not restored,2026-09-09 10:17,2026-09-09T15:17:11Z,accounting@tracemetalindustries.com,"Statement from TRACE METAL INDUSTRIES, INC..",,Inbox,Inbox,Inbox,yes,OK_TO_MOVE,time+subject+sender,1,"Statement from TRACE METAL INDUSTRIES, INC..",accounting@tracemetalindustries.com,Inbox/9 - FORT WORTH ARCHIVE,AI Skipped 2,AI Skipped 2,2026-10-06T13:12:25Z,,<CAHoHV0BC54PpLi21bUxgqHEjyZHK3r8a+bOuKNhSTf6hL9eSYA@mail.gmail.com>,AAMkAGQyODM5ZWI1LTQ0NDAtNDZiOS1hYTIzLTdjOGM3NDRlNjQ4MgBGAAAAAAAggjN_BHG4TI2Iz-JKRqfaBwDXcyWbp23lSoY0i7GBv6N_AACDH-y1AADXcyWbp23lSoY0i7GBv6N_AAOoEFRSAAA=,
N101,Not restored,2026-09-09 10:27,2026-09-09T15:27:06Z,"Franklin, Frank J.",RE: Ryerson | Payment Due,,Inbox,Inbox,Inbox,yes,OK_TO_MOVE,time+subject+sender,1,RE: Ryerson | Payment Due,Frank.Franklin@ryerson.com,Inbox/9 - FORT WORTH ARCHIVE,AI Skipped 2,AI Skipped 2,2026-10-06T13:12:08Z,,<PH0PR06MB7351757D149BF9E20521BBCB9EB02@PH0PR06MB7351.namprd06.prod.outlook.com>,AAMkAGQyODM5ZWI1LTQ0NDAtNDZiOS1hYTIzLTdjOGM3NDRlNjQ4MgBGAAAAAAAggjN_BHG4TI2Iz-JKRqfaBwDXcyWbp23lSoY0i7GBv6N_AACDH-y1AADXcyWbp23lSoY0i7GBv6N_AAOoEFRTAAA=,
N102,Not restored,2026-09-09 11:26,2026-09-09T16:26:46Z,Accounts Payable,RE: Kannon Manufacturing - Past Due Invoices,,Inbox,Inbox,Inbox,yes,OK_TO_MOVE,time+subject+sender,1,RE: Kannon Manufacturing - Past Due Invoices,accountspayable@kannonmfg.com,Inbox/9 - FORT WORTH ARCHIVE,AI Skipped 2,AI Skipped 2,2026-10-06T13:12:09Z,,<SA1PR15MB495208F6D532FD9B2769532ECEB02@SA1PR15MB4952.namprd15.prod.outlook.com>,AAMkAGQyODM5ZWI1LTQ0NDAtNDZiOS1hYTIzLTdjOGM3NDRlNjQ4MgBGAAAAAAAggjN_BHG4TI2Iz-JKRqfaBwDXcyWbp23lSoY0i7GBv6N_AACDH-y1AADXcyWbp23lSoY0i7GBv6N_AAOoEFRUAAA=,
N103,Not restored,2026-09-09 11:46,2026-09-09T16:46:35Z,Metro Sprocket,Re: Statement from METRO SPROCKET AND GEAR INC,,Inbox,Inbox,Inbox,yes,OK_TO_MOVE,time+subject+sender+sender-in-subject,1,Re: Statement from METRO SPROCKET AND GEAR INC,metrosprocket@yahoo.com,Inbox/9 - FORT WORTH ARCHIVE,AI Skipped 2,AI Skipped 2,2026-10-06T13:12:09Z,,<1550649997.1379744.1788972380165@mail.yahoo.com>,AAMkAGQyODM5ZWI1LTQ0NDAtNDZiOS1hYTIzLTdjOGM3NDRlNjQ4MgBGAAAAAAAggjN_BHG4TI2Iz-JKRqfaBwDXcyWbp23lSoY0i7GBv6N_AACDH-y1AADXcyWbp23lSoY0i7GBv6N_AAOoEFRVAAA=,
N104,Not restored,2026-09-09 12:15,2026-09-09T17:15:03Z,Julie Hencke,Past Due Invoices,,Inbox,Inbox,Inbox,yes,OK_TO_MOVE,time+subject+sender,1,Past Due Invoices,jhencke@rmpis.com,Inbox/9 - FORT WORTH ARCHIVE,AI Skipped 2,AI Skipped 2,2026-10-06T13:12:26Z,,<PBShxku6Q3yQ0xOhjeASrA@geopod-ismtpd-8>,AAMkAGQyODM5ZWI1LTQ0NDAtNDZiOS1hYTIzLTdjOGM3NDRlNjQ4MgBGAAAAAAAggjN_BHG4TI2Iz-JKRqfaBwDXcyWbp23lSoY0i7GBv6N_AACDH-y1AADXcyWbp23lSoY0i7GBv6N_AAOoEFRWAAA=,
N105,Not restored,2026-09-09 13:50,2026-09-09T18:50:31Z,Ben L. Jones,RE: Kannon Manufacturing - Past Due Invoices,,Inbox,Inbox,Inbox,yes,OK_TO_MOVE,time+subject+sender,1,RE: Kannon Manufacturing - Past Due Invoices,benjamin.jones@stellasource.com,Inbox/9 - FORT WORTH ARCHIVE,AI Skipped 2,AI Skipped 2,2026-10-06T13:12:27Z,,<PH0PR19MB5196A0F4C950057D884E6325F0B02@PH0PR19MB5196.namprd19.prod.outlook.com>,AAMkAGQyODM5ZWI1LTQ0NDAtNDZiOS1hYTIzLTdjOGM3NDRlNjQ4MgBGAAAAAAAggjN_BHG4TI2Iz-JKRqfaBwDXcyWbp23lSoY0i7GBv6N_AACDH-y1AADXcyWbp23lSoY0i7GBv6N_AAOoEFRZAAA=,
N106,Not restored,2026-09-09 14:37,2026-09-09T19:37:32Z,ken@a1image.com,Your Work Order with A-1 IMAGE INC. is completed,,Inbox,Inbox,Inbox,yes,OK_TO_MOVE,time+subject+sender,1,Your Work Order with A-1 IMAGE INC. is completed,notifications@corrigo.com,Inbox/9 - FORT WORTH ARCHIVE,AI Skipped 2,AI Skipped 2,2026-10-06T13:12:27Z,,<USAZPCRGIFSMWB2PYzD00011dd7@USAZPCRGIFSMWB2.corrigo.net>,AAMkAGQyODM5ZWI1LTQ0NDAtNDZiOS1hYTIzLTdjOGM3NDRlNjQ4MgBGAAAAAAAggjN_BHG4TI2Iz-JKRqfaBwDXcyWbp23lSoY0i7GBv6N_AACDH-y1AADXcyWbp23lSoY0i7GBv6N_AAOoEFRaAAA=,
N107,Not restored,2026-09-09 14:56,2026-09-09T19:56:50Z,Shawn McKibben,Fw: PAST DUE INVOICES,,Inbox,Inbox,Inbox,yes,OK_TO_MOVE,time+subject+sender,1,Fw: PAST DUE INVOICES,Shawn.McKibben@kannonmfg.com,Inbox/9 - FORT WORTH ARCHIVE,AI Skipped 2,AI Skipped 2,2026-10-06T13:12:12Z,,<PH0PR15MB70739D34279507C5A476DD7C98B02@PH0PR15MB7073.namprd15.prod.outlook.com>,AAMkAGQyODM5ZWI1LTQ0NDAtNDZiOS1hYTIzLTdjOGM3NDRlNjQ4MgBGAAAAAAAggjN_BHG4TI2Iz-JKRqfaBwDXcyWbp23lSoY0i7GBv6N_AACDH-y1AADXcyWbp23lSoY0i7GBv6N_AAOoEFRbAAA=,
N108,Not restored,2026-09-09 16:04,2026-09-09T21:04:14Z,O'Neal Steel - Dallas (GP),,15390604 | 15395841 | 15396202 | 15398467 | 15398891 | 15399796 | 15400210 | 15401860 | 15402415 | 15402927 | 15403449 | 15439109 | 15447737 | 15455556 | 15464367,Inbox,Inbox,Inbox,yes,CONFLICT,time,1,ORDER PENDING PAYMENT STATUS - PLEASE ADVISE BUYER - 14748440,mwatkins@onealsteel.com,Inbox/9 - FORT WORTH ARCHIVE,Entered in AI,Entered in AI,2026-10-06T13:10:58Z,,<293580-22026939214729@onealsteel.com>,AAMkAGQyODM5ZWI1LTQ0NDAtNDZiOS1hYTIzLTdjOGM3NDRlNjQ4MgBGAAAAAAAggjN_BHG4TI2Iz-JKRqfaBwDXcyWbp23lSoY0i7GBv6N_AACDH-y1AADXcyWbp23lSoY0i7GBv6N_AAOoEFOuAAA=,unique timestamp match but sender/subject/invoice not corroborated
N109,Not restored,2026-09-09 16:26,2026-09-09T21:26:44Z,O'Neal Steel - Dallas (GP),Fw: ORDER PENDING PAYMENT STATUS - PLEASE ADVISE BUYER - 14748440,15390604 | 15395841 | 15396202 | 15398467 | 15398891 | 15399796 | 15400210 | 15401860 | 15402415 | 15402927 | 15403449 | 15439109 | 15447737 | 15455556 | 15464367,Inbox,Inbox,Inbox,yes,OK_TO_MOVE,time+subject,1,Fw: ORDER PENDING PAYMENT STATUS - PLEASE ADVISE BUYER - 14748440,Shawn.McKibben@kannonmfg.com,Inbox/9 - FORT WORTH ARCHIVE,Entered in AI,Entered in AI,2026-10-06T13:10:58Z,,<PH0PR15MB7073A1E0C26464A07FB2BA9D98B02@PH0PR15MB7073.namprd15.prod.outlook.com>,AAMkAGQyODM5ZWI1LTQ0NDAtNDZiOS1hYTIzLTdjOGM3NDRlNjQ4MgBGAAAAAAAggjN_BHG4TI2Iz-JKRqfaBwDXcyWbp23lSoY0i7GBv6N_AACDH-y1AADXcyWbp23lSoY0i7GBv6N_AAOoEFOvAAA=,
N110,Not restored,2026-09-09 19:01,2026-09-10T00:01:17Z,Eastern Metal Supply of Texas,,819009,Inbox,Inbox,Inbox,yes,OK_TO_MOVE,time+sender+sender-in-subject,1,"Invoice : 821391 from EASTERN METAL SUPPLY of TEXAS, INC.",NOREPLY@EASTERNMETAL.COM,Inbox/9 - FORT WORTH ARCHIVE,Entered in AI,Entered in AI,2026-10-06T13:10:59Z,,<20260909.190052.0186-E7AOFP3T6E2@TXFAX.EMS.Inc>,AAMkAGQyODM5ZWI1LTQ0NDAtNDZiOS1hYTIzLTdjOGM3NDRlNjQ4MgBGAAAAAAAggjN_BHG4TI2Iz-JKRqfaBwDXcyWbp23lSoY0i7GBv6N_AACDH-y1AADXcyWbp23lSoY0i7GBv6N_AAOoEFOwAAA=,
N111,Not restored,2026-09-09 20:58,2026-09-10T01:58:47Z,Crosslink Powder Coating,"Reminder: Invoice SH:27755 from Crosslink Powder Coating of TX, LLC",27755,Inbox,Inbox,Inbox,yes,OK_TO_MOVE,time+subject+sender+sender-in-subject+invoice-in-subject,1,"Reminder: Invoice SH:27755 from Crosslink Powder Coating of TX, LLC",quickbooks@notification.intuit.com,Inbox/9 - FORT WORTH ARCHIVE,Entered in AI,Entered in AI,2026-10-06T13:10:59Z,,<8vVix_SQS9W1_arv2vKsVQ@geopod-ismtpd-canary-0>,AAMkAGQyODM5ZWI1LTQ0NDAtNDZiOS1hYTIzLTdjOGM3NDRlNjQ4MgBGAAAAAAAggjN_BHG4TI2Iz-JKRqfaBwDXcyWbp23lSoY0i7GBv6N_AACDH-y1AADXcyWbp23lSoY0i7GBv6N_AAOoEFOxAAA=,
N112,Not restored,2026-09-09 20:58,2026-09-10T01:58:55Z,Crosslink Powder Coating,"Reminder: Invoice SH:27756 from Crosslink Powder Coating of TX, LLC",27756,Inbox,Inbox,Inbox,yes,OK_TO_MOVE,time+subject+sender+sender-in-subject+invoice-in-subject,1,"Reminder: Invoice SH:27756 from Crosslink Powder Coating of TX, LLC",quickbooks@notification.intuit.com,Inbox/9 - FORT WORTH ARCHIVE,Entered in AI,Entered in AI,2026-10-06T13:10:59Z,,<jeeumO0ARQuSD0JlBQwgMw@geopod-ismtpd-75>,AAMkAGQyODM5ZWI1LTQ0NDAtNDZiOS1hYTIzLTdjOGM3NDRlNjQ4MgBGAAAAAAAggjN_BHG4TI2Iz-JKRqfaBwDXcyWbp23lSoY0i7GBv6N_AACDH-y1AADXcyWbp23lSoY0i7GBv6N_AAOoEFOyAAA=,
N113,Not restored,2026-09-10 04:12,2026-09-10T09:12:03Z,Service Experts,,,Inbox,Inbox,Inbox,yes,OK_TO_MOVE,time+sender+sender-in-subject,1,Your Statement from Service Experts Dallas,246@serviceexperts.com,Inbox/9 - FORT WORTH ARCHIVE,AI Skipped 2,AI Skipped 2,2026-10-06T13:11:00Z,,<ytZii_IlRNi17JHEqEyjyw@geopod-ismtpd-17>,AAMkAGQyODM5ZWI1LTQ0NDAtNDZiOS1hYTIzLTdjOGM3NDRlNjQ4MgBGAAAAAAAggjN_BHG4TI2Iz-JKRqfaBwDXcyWbp23lSoY0i7GBv6N_AACDH-y1AADXcyWbp23lSoY0i7GBv6N_AAOoEFOzAAA=,
N114,Not restored,2026-09-10 12:32,2026-09-10T17:32:54Z,Accounts Payable,RE: Auto-Email of A/R Statement,,Inbox,Inbox,Inbox,yes,OK_TO_MOVE,time+subject+sender,1,RE: Auto-Email of A/R Statement,accountspayable@kannonmfg.com,Inbox/9 - FORT WORTH ARCHIVE,AI Skipped 2,AI Skipped 2,2026-10-06T13:12:14Z,,<CO1PR15MB495578BF703A0B4AC0EE755ACEBF2@CO1PR15MB4955.namprd15.prod.outlook.com>,AAMkAGQyODM5ZWI1LTQ0NDAtNDZiOS1hYTIzLTdjOGM3NDRlNjQ4MgBGAAAAAAAggjN_BHG4TI2Iz-JKRqfaBwDXcyWbp23lSoY0i7GBv6N_AACDH-y1AADXcyWbp23lSoY0i7GBv6N_AAOoEFRhAAA=,
N115,Not restored,2026-09-10 13:08,2026-09-10T18:08:14Z,Jim Saxon,RE: Check 184833,,Inbox,Inbox,Inbox,yes,OK_TO_MOVE,time+subject+sender,1,RE: Check 184833,jim.saxon@morgansteel.net,Inbox/9 - FORT WORTH ARCHIVE,AI Skipped 2,AI Skipped 2,2026-10-06T13:12:15Z,,<MN0PR16MB6461859F67D2D4E696B5BF6CF3BF2@MN0PR16MB6461.namprd16.prod.outlook.com>,AAMkAGQyODM5ZWI1LTQ0NDAtNDZiOS1hYTIzLTdjOGM3NDRlNjQ4MgBGAAAAAAAggjN_BHG4TI2Iz-JKRqfaBwDXcyWbp23lSoY0i7GBv6N_AACDH-y1AADXcyWbp23lSoY0i7GBv6N_AAOoEFRjAAA=,
N116,Not restored,2026-09-10 13:27,2026-09-10T18:27:01Z,3P,,142281,9 - FORT WORTH ARCHIVE,Inbox/9 - FORT WORTH ARCHIVE,9 - FORT WORTH ARCHIVE,no,CATEGORY_ONLY,time+invoice-in-subject,1,INV # 142281 ,Rachel@3pindustries.com,Inbox/9 - FORT WORTH ARCHIVE,Entered in AI,Entered in AI,2026-10-06T13:10:44Z,,<SA0PR19MB4253EC56153AA044C9139D87FBBF2@SA0PR19MB4253.namprd19.prod.outlook.com>,AAMkAGQyODM5ZWI1LTQ0NDAtNDZiOS1hYTIzLTdjOGM3NDRlNjQ4MgBGAAAAAAAggjN_BHG4TI2Iz-JKRqfaBwDXcyWbp23lSoY0i7GBv6N_AACDH-y1AADXcyWbp23lSoY0i7GBv6N_AAOfybzmAAA=,
N117,Not restored,2026-09-10 13:58,2026-09-10T18:58:55Z,O'Neal Steel - Dallas (GP),ORDER PENDING PAYMENT STATUS - PLEASE ADVISE BUYER - 14748440,15390604 | 15395841 | 15396202 | 15398467 | 15398891 | 15399796 | 15400210 | 15401860 | 15402415 | 15402927 | 15403449 | 15439109 | 15447737 | 15455556 | 15464367,Inbox,Inbox,Inbox,yes,OK_TO_MOVE,time+subject,1,ORDER PENDING PAYMENT STATUS - PLEASE ADVISE BUYER - 14748440,mwatkins@onealsteel.com,Inbox/9 - FORT WORTH ARCHIVE,Entered in AI,Entered in AI,2026-10-06T13:11:02Z,,<57050-22026941018584479@onealsteel.com>,AAMkAGQyODM5ZWI1LTQ0NDAtNDZiOS1hYTIzLTdjOGM3NDRlNjQ4MgBGAAAAAAAggjN_BHG4TI2Iz-JKRqfaBwDXcyWbp23lSoY0i7GBv6N_AACDH-y1AADXcyWbp23lSoY0i7GBv6N_AAOoEFO5AAA=,
N118,Not restored,2026-09-10 15:53,2026-09-10T20:53:18Z,Antoinette Sanchez,Fastenal Past due,,Inbox,Inbox,Inbox,yes,OK_TO_MOVE,time+subject+sender,1,Fastenal Past due,antsanch@fastenal.com,Inbox/9 - FORT WORTH ARCHIVE,AI Skipped 2,AI Skipped 2,2026-10-06T13:12:16Z,,<BL0PR06MB4786C0CD266883A7D7244F59BFBF2@BL0PR06MB4786.namprd06.prod.outlook.com>,AAMkAGQyODM5ZWI1LTQ0NDAtNDZiOS1hYTIzLTdjOGM3NDRlNjQ4MgBGAAAAAAAggjN_BHG4TI2Iz-JKRqfaBwDXcyWbp23lSoY0i7GBv6N_AACDH-y1AADXcyWbp23lSoY0i7GBv6N_AAOoEFRlAAA=,
N119,Not restored,2026-09-10 21:35,2026-09-11T02:35:01Z,noreply@amada.com,Amada America Inc - Customer Statement,,Inbox,Inbox,Inbox,yes,OK_TO_MOVE,time+subject+sender+sender-in-subject,1,Amada America Inc - Customer Statement,noreply@amada.com,Inbox/9 - FORT WORTH ARCHIVE,AI Skipped 2,AI Skipped 2,2026-10-06T13:12:35Z,,<iAIqkCzERBmZtDCCozJ04g@geopod-ismtpd-55>,AAMkAGQyODM5ZWI1LTQ0NDAtNDZiOS1hYTIzLTdjOGM3NDRlNjQ4MgBGAAAAAAAggjN_BHG4TI2Iz-JKRqfaBwDXcyWbp23lSoY0i7GBv6N_AACDH-y1AADXcyWbp23lSoY0i7GBv6N_AAOoEFRmAAA=,
N120,Not restored,2026-09-11 08:59,2026-09-11T13:59:01Z,ar@onealsteel.com,Payment Confirmation,,Inbox,Inbox,Inbox,yes,OK_TO_MOVE,time+subject+sender,1,Payment Confirmation,ar@onealsteel.com,Inbox/9 - FORT WORTH ARCHIVE,AI Skipped 2,AI Skipped 2,2026-10-06T13:12:35Z,,<010101a090c39bd3-d3220298-dd4f-4dbc-a3e7-cb830ad75596-000000@us-west-2.amazonses.com>,AAMkAGQyODM5ZWI1LTQ0NDAtNDZiOS1hYTIzLTdjOGM3NDRlNjQ4MgBGAAAAAAAggjN_BHG4TI2Iz-JKRqfaBwDXcyWbp23lSoY0i7GBv6N_AACDH-y1AADXcyWbp23lSoY0i7GBv6N_AAOoEFRoAAA=,
N121,Not restored,2026-09-11 09:19,2026-09-11T14:19:36Z,Accounts Payable,RE: Kannon Manufacturing - Past Due Invoices,,Inbox,Inbox,Inbox,yes,OK_TO_MOVE,time+subject+sender,1,RE: Kannon Manufacturing - Past Due Invoices,accountspayable@kannonmfg.com,Inbox/9 - FORT WORTH ARCHIVE,AI Skipped 2,AI Skipped 2,2026-10-06T13:12:20Z,,<CO1PR15MB49552784276655BAD5F43D1FCEBE2@CO1PR15MB4955.namprd15.prod.outlook.com>,AAMkAGQyODM5ZWI1LTQ0NDAtNDZiOS1hYTIzLTdjOGM3NDRlNjQ4MgBGAAAAAAAggjN_BHG4TI2Iz-JKRqfaBwDXcyWbp23lSoY0i7GBv6N_AACDH-y1AADXcyWbp23lSoY0i7GBv6N_AAOoEFRpAAA=,
N122,Not restored,2026-09-11 09:27,2026-09-11T14:27:53Z,Ben L. Jones,RE: Kannon Manufacturing - Past Due Invoices,,Inbox,Inbox,Inbox,yes,OK_TO_MOVE,time+subject+sender,1,RE: Kannon Manufacturing - Past Due Invoices,benjamin.jones@stellasource.com,Inbox/9 - FORT WORTH ARCHIVE,AI Skipped 2,AI Skipped 2,2026-10-06T13:12:36Z,,<PH0PR19MB5196E48DD6D646EE2960BC39F0BE2@PH0PR19MB5196.namprd19.prod.outlook.com>,AAMkAGQyODM5ZWI1LTQ0NDAtNDZiOS1hYTIzLTdjOGM3NDRlNjQ4MgBGAAAAAAAggjN_BHG4TI2Iz-JKRqfaBwDXcyWbp23lSoY0i7GBv6N_AACDH-y1AADXcyWbp23lSoY0i7GBv6N_AAOoEFRqAAA=,
N123,Not restored,2026-09-11 10:54,2026-09-11T15:54:50Z,Billing,RE: Kannon Manufacturing - Past Due Invoices,,Inbox,Inbox,Inbox,yes,OK_TO_MOVE,time+subject+sender,1,RE: Kannon Manufacturing - Past Due Invoices,billing@stellasource.com,Inbox/9 - FORT WORTH ARCHIVE,AI Skipped 2,AI Skipped 2,2026-10-06T13:12:37Z,,<PH0PR19MB5196A2D867E1ACA891F8C7AEF0BE2@PH0PR19MB5196.namprd19.prod.outlook.com>,AAMkAGQyODM5ZWI1LTQ0NDAtNDZiOS1hYTIzLTdjOGM3NDRlNjQ4MgBGAAAAAAAggjN_BHG4TI2Iz-JKRqfaBwDXcyWbp23lSoY0i7GBv6N_AACDH-y1AADXcyWbp23lSoY0i7GBv6N_AAOoEFRrAAA=,
N124,Not restored,2026-09-11 13:37,2026-09-11T18:37:18Z,Ally Auto,Your Ally billing statement is available,,Inbox,Inbox,Inbox,yes,OK_TO_MOVE,time+subject+sender+sender-in-subject,1,Your Ally billing statement is available,email@alert.ally.com,Inbox/9 - FORT WORTH ARCHIVE,AI Skipped 2,AI Skipped 2,2026-10-06T13:12:37Z,,<010001a091c26f5d-de57053c-f38e-47f9-bd73-251614111914-000000@email.amazonses.com>,AAMkAGQyODM5ZWI1LTQ0NDAtNDZiOS1hYTIzLTdjOGM3NDRlNjQ4MgBGAAAAAAAggjN_BHG4TI2Iz-JKRqfaBwDXcyWbp23lSoY0i7GBv6N_AACDH-y1AADXcyWbp23lSoY0i7GBv6N_AAOoEFRsAAA=,
N125,Not restored,2026-09-11 14:08,2026-09-11T19:08:36Z,Mark Henry,Statement of Account,,Inbox,Inbox,Inbox,yes,OK_TO_MOVE,time+subject+sender,1,Statement of Account,mhenry@emjmetals.com,Inbox/9 - FORT WORTH ARCHIVE,AI Skipped 2,AI Skipped 2,2026-10-06T13:12:37Z,,<301787AA08864211991B90D6E56A51AB@RSACFamily.com>,AAMkAGQyODM5ZWI1LTQ0NDAtNDZiOS1hYTIzLTdjOGM3NDRlNjQ4MgBGAAAAAAAggjN_BHG4TI2Iz-JKRqfaBwDXcyWbp23lSoY0i7GBv6N_AACDH-y1AADXcyWbp23lSoY0i7GBv6N_AAOoEFRtAAA=,
N126,Not restored,2026-09-11 14:11,2026-09-11T19:11:40Z,"Capital Machine Technologies, Inc",,PS-INV103317,Inbox,Inbox,Inbox,yes,OK_TO_MOVE,time+sender-in-subject+invoice-in-subject,1,Capital Machine - Sales Invoice PS-INV103317 - KANNON MANUFACTURING - AMTECH,ar@capitalmachine.com,Inbox/9 - FORT WORTH ARCHIVE,Entered with issues,Entered with issues,2026-10-06T13:11:05Z,,<SA2PR08MB6828EA7D5813C391D7ED7647CEBE2@SA2PR08MB6828.namprd08.prod.outlook.com>,AAMkAGQyODM5ZWI1LTQ0NDAtNDZiOS1hYTIzLTdjOGM3NDRlNjQ4MgBGAAAAAAAggjN_BHG4TI2Iz-JKRqfaBwDXcyWbp23lSoY0i7GBv6N_AACDH-y1AADXcyWbp23lSoY0i7GBv6N_AAOoEFPAAAA=,
N127,Not restored,2026-09-11 14:27,2026-09-11T19:27:52Z,Xcaliber Industrial LLC,Statement from Xcaliber Industrial LLC,,Inbox,Inbox,Inbox,yes,OK_TO_MOVE,time+subject+sender+sender-in-subject,1,Statement from Xcaliber Industrial LLC,quickbooks@notification.intuit.com,Inbox/9 - FORT WORTH ARCHIVE,AI Skipped 2,AI Skipped 2,2026-10-06T13:12:38Z,,<RijKEXYmRHmen7bmJBZOYw@geopod-ismtpd-68>,AAMkAGQyODM5ZWI1LTQ0NDAtNDZiOS1hYTIzLTdjOGM3NDRlNjQ4MgBGAAAAAAAggjN_BHG4TI2Iz-JKRqfaBwDXcyWbp23lSoY0i7GBv6N_AACDH-y1AADXcyWbp23lSoY0i7GBv6N_AAOoEFRuAAA=,
N128,Not restored,2026-09-11 14:36,2026-09-11T19:36:12Z,Green Valley Compressor LLC,,2216,Inbox,Inbox,Inbox,yes,OK_TO_MOVE,time+sender+sender-in-subject+invoice-in-subject,1,New payment request from Green Valley Compressor LLC - invoice 2216,quickbooks@notification.intuit.com,Inbox/9 - FORT WORTH ARCHIVE,Entered in AI,Entered in AI,2026-10-06T13:11:05Z,,<0qs9uiPSR4WOKfEu_0ZWTw@geopod-ismtpd-23>,AAMkAGQyODM5ZWI1LTQ0NDAtNDZiOS1hYTIzLTdjOGM3NDRlNjQ4MgBGAAAAAAAggjN_BHG4TI2Iz-JKRqfaBwDXcyWbp23lSoY0i7GBv6N_AACDH-y1AADXcyWbp23lSoY0i7GBv6N_AAOoEFPCAAA=,
N129,Not restored,2026-09-11 16:06,2026-09-11T21:06:02Z,Accounting,Past Due Statement Reminder - KANNON - 08/31/2026,,Inbox,Inbox,Inbox,yes,OK_TO_MOVE,time+subject+sender,1,Past Due Statement Reminder - KANNON - 08/31/2026,Accounting@TPITexas.com,Inbox/9 - FORT WORTH ARCHIVE,AI Skipped 2,AI Skipped 2,2026-10-06T13:12:22Z,,<MW4PR17MB455395B489A6933AE6CEBA89A2BE2@MW4PR17MB4553.namprd17.prod.outlook.com>,AAMkAGQyODM5ZWI1LTQ0NDAtNDZiOS1hYTIzLTdjOGM3NDRlNjQ4MgBGAAAAAAAggjN_BHG4TI2Iz-JKRqfaBwDXcyWbp23lSoY0i7GBv6N_AACDH-y1AADXcyWbp23lSoY0i7GBv6N_AAOoEFRvAAA=,
N130,Not restored,2026-09-11 19:20,2026-09-12T00:20:00Z,ACS Chicago,Certificate(s) of Insurance from Aon,,Inbox,Inbox,Inbox,yes,OK_TO_MOVE,time+subject+sender,1,Certificate(s) of Insurance from Aon,acs.chicago@aon.com,Inbox/9 - FORT WORTH ARCHIVE,AI Skipped 2,AI Skipped 2,2026-10-06T13:12:39Z,,<fc8a2292-9eb3-4609-bfdc-1e3ae75aa8af@NCLMWNPAPP10147.aonnet.aon.net>,AAMkAGQyODM5ZWI1LTQ0NDAtNDZiOS1hYTIzLTdjOGM3NDRlNjQ4MgBGAAAAAAAggjN_BHG4TI2Iz-JKRqfaBwDXcyWbp23lSoY0i7GBv6N_AACDH-y1AADXcyWbp23lSoY0i7GBv6N_AAOoEFRwAAA=,
N131,Not restored,2026-09-12 01:23,2026-09-12T06:23:28Z,Marmon/Keystone,,,Inbox,Inbox,Inbox,yes,OK_TO_MOVE,time+sender-in-subject,1,Statement from Marmon/Keystone,mkinv37@marmonkeystone.com,Inbox/9 - FORT WORTH ARCHIVE,AI Skipped 2,AI Skipped 2,2026-10-06T13:11:06Z,,<411036534.1789194195344.JavaMail.opprod@mkprod.MKUSA.LOCAL>,AAMkAGQyODM5ZWI1LTQ0NDAtNDZiOS1hYTIzLTdjOGM3NDRlNjQ4MgBGAAAAAAAggjN_BHG4TI2Iz-JKRqfaBwDXcyWbp23lSoY0i7GBv6N_AACDH-y1AADXcyWbp23lSoY0i7GBv6N_AAOoEFPEAAA=,
N132,Not restored,2026-09-12 01:31,2026-09-12T06:31:34Z,McMaster-Carr,Credit from Your Order 59159,,Inbox,Inbox,Inbox,yes,OK_TO_MOVE,time+subject+sender,1,Credit from Your Order 59159,invoice.reply@mcmaster.com,Inbox/9 - FORT WORTH ARCHIVE,AI Skipped 2,AI Skipped 2,2026-10-06T13:12:40Z,,<413434447971@mcmaster.com>,AAMkAGQyODM5ZWI1LTQ0NDAtNDZiOS1hYTIzLTdjOGM3NDRlNjQ4MgBGAAAAAAAggjN_BHG4TI2Iz-JKRqfaBwDXcyWbp23lSoY0i7GBv6N_AACDH-y1AADXcyWbp23lSoY0i7GBv6N_AAOoEFRxAAA=,
N133,Not restored,2026-09-14 08:59,2026-09-14T13:59:23Z,Jim Saxon,RE: Check 184833,,Inbox,Inbox,Inbox,yes,OK_TO_MOVE,time+subject+sender,1,RE: Check 184833,jim.saxon@morgansteel.net,Inbox/9 - FORT WORTH ARCHIVE,AI Skipped 2,AI Skipped 2,2026-10-06T13:12:24Z,,<MN0PR16MB6461DF181D6291070F1B3763F3BB2@MN0PR16MB6461.namprd16.prod.outlook.com>,AAMkAGQyODM5ZWI1LTQ0NDAtNDZiOS1hYTIzLTdjOGM3NDRlNjQ4MgBGAAAAAAAggjN_BHG4TI2Iz-JKRqfaBwDXcyWbp23lSoY0i7GBv6N_AACDH-y1AADXcyWbp23lSoY0i7GBv6N_AAOoEFRzAAA=,
N134,Not restored,2026-09-14 08:59,2026-09-14T13:59:25Z,Ben L. Jones,RE: Kannon Manufacturing - Past Due Invoices,,Inbox,Inbox,Inbox,yes,OK_TO_MOVE,time+subject+sender,1,RE: Kannon Manufacturing - Past Due Invoices,benjamin.jones@stellasource.com,Inbox/9 - FORT WORTH ARCHIVE,AI Skipped 2,AI Skipped 2,2026-10-06T13:12:40Z,,<PH0PR19MB5196B9439941ECC51B04D7B1F0BB2@PH0PR19MB5196.namprd19.prod.outlook.com>,AAMkAGQyODM5ZWI1LTQ0NDAtNDZiOS1hYTIzLTdjOGM3NDRlNjQ4MgBGAAAAAAAggjN_BHG4TI2Iz-JKRqfaBwDXcyWbp23lSoY0i7GBv6N_AACDH-y1AADXcyWbp23lSoY0i7GBv6N_AAOoEFR0AAA=,
N135,Not restored,2026-09-14 09:38,2026-09-14T14:38:10Z,Treyce Wegmann,RE: Kannon Manufacturing - Past Due Invoices,,Inbox,Inbox,Inbox,yes,OK_TO_MOVE,time+subject+sender,1,RE: Kannon Manufacturing - Past Due Invoices,[redacted],Inbox/9 - FORT WORTH ARCHIVE,AI Skipped 2,AI Skipped 2,2026-10-06T13:12:25Z,,<CO1PR15MB4955F9A6AAF92CCF377FFACECEBB2@CO1PR15MB4955.namprd15.prod.outlook.com>,AAMkAGQyODM5ZWI1LTQ0NDAtNDZiOS1hYTIzLTdjOGM3NDRlNjQ4MgBGAAAAAAAggjN_BHG4TI2Iz-JKRqfaBwDXcyWbp23lSoY0i7GBv6N_AACDH-y1AADXcyWbp23lSoY0i7GBv6N_AAOoEFR1AAA=,
N136,Not restored,2026-09-14 09:49,2026-09-14T14:49:34Z,Ben L. Jones,RE: [EXTERNAL]RE: Kannon Manufacturing - Past Due Invoices,,Inbox,Inbox,Inbox,yes,OK_TO_MOVE,time+subject+sender,1,RE: [EXTERNAL]RE: Kannon Manufacturing - Past Due Invoices,benjamin.jones@stellasource.com,Inbox/9 - FORT WORTH ARCHIVE,AI Skipped 2,AI Skipped 2,2026-10-06T13:12:41Z,,<PH0PR19MB5196842DFF2CCF3F819F7617F0BB2@PH0PR19MB5196.namprd19.prod.outlook.com>,AAMkAGQyODM5ZWI1LTQ0NDAtNDZiOS1hYTIzLTdjOGM3NDRlNjQ4MgBGAAAAAAAggjN_BHG4TI2Iz-JKRqfaBwDXcyWbp23lSoY0i7GBv6N_AACDH-y1AADXcyWbp23lSoY0i7GBv6N_AAOoEFR2AAA=,
N137,Not restored,2026-09-14 13:00,2026-09-14T18:00:36Z,Engie Resources Billing,Notice - Engie Payment was successfully charged,,Inbox,Inbox,Inbox,yes,OK_TO_MOVE,time+subject+sender+sender-in-subject,1,Notice - Engie Payment was successfully charged,noreply@engieresources.com,Inbox/9 - FORT WORTH ARCHIVE,AI Skipped 2,AI Skipped 2,2026-10-06T13:12:27Z,,<cq-AU-anSoSI8KkZkK2l1Q@geopod-ismtpd-canary-0>,AAMkAGQyODM5ZWI1LTQ0NDAtNDZiOS1hYTIzLTdjOGM3NDRlNjQ4MgBGAAAAAAAggjN_BHG4TI2Iz-JKRqfaBwDXcyWbp23lSoY0i7GBv6N_AACDH-y1AADXcyWbp23lSoY0i7GBv6N_AAOoEFR5AAA=,
N138,Not restored,2026-09-14 15:10,2026-09-14T20:10:30Z,Leigh Mull,past due - account on hold - KANMAN,,Inbox,Inbox,Inbox,yes,OK_TO_MOVE,time+subject+sender,1,past due - account on hold - KANMAN,Leigh.Mull@phoenixmetals.com,Inbox/9 - FORT WORTH ARCHIVE,AI Skipped 2,AI Skipped 2,2026-10-06T13:12:43Z,,<DS4PR19MB896947042712AA0B2EA091A76283BB2@DS4PR19MB896947.namprd19.prod.outlook.com>,AAMkAGQyODM5ZWI1LTQ0NDAtNDZiOS1hYTIzLTdjOGM3NDRlNjQ4MgBGAAAAAAAggjN_BHG4TI2Iz-JKRqfaBwDXcyWbp23lSoY0i7GBv6N_AACDH-y1AADXcyWbp23lSoY0i7GBv6N_AAOoEFR6AAA=,
N139,Not restored,2026-09-15 02:13,2026-09-15T07:13:31Z,NoreplyMV,Leeco Steel MTR 623592,,Inbox,Inbox,Inbox,yes,OK_TO_MOVE,time+subject+sender,1,Leeco Steel MTR 623592,Noreplymv@leecosteel.com,Inbox/9 - FORT WORTH ARCHIVE,AI Skipped 2,AI Skipped 2,2026-10-06T13:12:44Z,,<b0add78e-0a78-4d7e-aeac-529e361b5008@BL02EPF00029929.namprd02.prod.outlook.com>,AAMkAGQyODM5ZWI1LTQ0NDAtNDZiOS1hYTIzLTdjOGM3NDRlNjQ4MgBGAAAAAAAggjN_BHG4TI2Iz-JKRqfaBwDXcyWbp23lSoY0i7GBv6N_AACDH-y1AADXcyWbp23lSoY0i7GBv6N_AAOoEFR8AAA=,
N140,Not restored,2026-09-15 07:01,2026-09-15T12:01:50Z,Andrea Sylvester,271319-Curbell Plastics Notice of Past Due Balance,,Inbox,Inbox,Inbox,yes,OK_TO_MOVE,time+subject+sender,1,271319-Curbell Plastics Notice of Past Due Balance,asylvester@curbell.com,Inbox/9 - FORT WORTH ARCHIVE,AI Skipped 2,AI Skipped 2,2026-10-06T13:12:45Z,,<ADR51000000199052400005056A95ABD1FD1AC9FA5BB247EA0F2@CURBELL.COM>,AAMkAGQyODM5ZWI1LTQ0NDAtNDZiOS1hYTIzLTdjOGM3NDRlNjQ4MgBGAAAAAAAggjN_BHG4TI2Iz-JKRqfaBwDXcyWbp23lSoY0i7GBv6N_AACDH-y1AADXcyWbp23lSoY0i7GBv6N_AAOoEFR9AAA=,
N141,Not restored,2026-09-15 19:00,2026-09-16T00:00:50Z,credit@leecosteel.com,Leeco Account Statement,,Inbox,Inbox,Inbox,yes,OK_TO_MOVE,time+subject+sender,1,Leeco Account Statement,credit@leecosteel.com,Inbox/9 - FORT WORTH ARCHIVE,AI Skipped 2,AI Skipped 2,2026-10-06T13:12:47Z,,<6868dcee-ccac-485c-8c59-e9b391366a66@BN2PEPF00004FC0.namprd04.prod.outlook.com>,AAMkAGQyODM5ZWI1LTQ0NDAtNDZiOS1hYTIzLTdjOGM3NDRlNjQ4MgBGAAAAAAAggjN_BHG4TI2Iz-JKRqfaBwDXcyWbp23lSoY0i7GBv6N_AACDH-y1AADXcyWbp23lSoY0i7GBv6N_AAOoEFSCAAA=,
N142,Not restored,2026-09-16 10:35,2026-09-16T15:35:45Z,Kara Lanford,Request for Payment Status 9.16.2026 Kannon Manufacturing,,Inbox,Inbox,Inbox,yes,OK_TO_MOVE,time+subject+sender,1,Request for Payment Status 9.16.2026 Kannon Manufacturing,Kara.Lanford@tubesupply.com,Inbox/9 - FORT WORTH ARCHIVE,AI Skipped 2,AI Skipped 2,2026-10-06T13:12:48Z,,<SJ0PR20MB4381F0B17455152682E7A266EBB92@SJ0PR20MB4381.namprd20.prod.outlook.com>,AAMkAGQyODM5ZWI1LTQ0NDAtNDZiOS1hYTIzLTdjOGM3NDRlNjQ4MgBGAAAAAAAggjN_BHG4TI2Iz-JKRqfaBwDXcyWbp23lSoY0i7GBv6N_AACDH-y1AADXcyWbp23lSoY0i7GBv6N_AAOoEFSEAAA=,
N143,Not restored,2026-09-16 16:08,2026-09-16T21:08:23Z,GRM BIlling - Dallas,An update from GRM Information Management - 13010065,,Inbox,Inbox,Inbox,yes,OK_TO_MOVE,time+subject+sender+sender-in-subject,1,An update from GRM Information Management - 13010065,billingdal@grmdocument.com,Inbox/9 - FORT WORTH ARCHIVE,AI Skipped 2,AI Skipped 2,2026-10-06T13:12:52Z,,<CANDn+5JcvXS_e3=6o7pdU3Mw=7DZYjS-S+6w4gBkb7dr_h195Q@mail.gmail.com>,AAMkAGQyODM5ZWI1LTQ0NDAtNDZiOS1hYTIzLTdjOGM3NDRlNjQ4MgBGAAAAAAAggjN_BHG4TI2Iz-JKRqfaBwDXcyWbp23lSoY0i7GBv6N_AACDH-y1AADXcyWbp23lSoY0i7GBv6N_AAOoEFSMAAA=,
N144,Not restored,2026-09-17 08:34,2026-09-17T13:34:22Z,Julie Bettcher,Curbell Account #  271319	Kannon Manufacturing Inc            - Account Status,,Inbox,Inbox,Inbox,yes,OK_TO_MOVE,time+subject+sender,1,Curbell Account #  271319	Kannon Manufacturing Inc            - Account Status,jbettcher@Curbell.com,Inbox/9 - FORT WORTH ARCHIVE,AI Skipped 2,AI Skipped 2,2026-10-06T13:12:53Z,,<fa19fc43b5a7436daf1f67597e0198ee@Curbell.com>,AAMkAGQyODM5ZWI1LTQ0NDAtNDZiOS1hYTIzLTdjOGM3NDRlNjQ4MgBGAAAAAAAggjN_BHG4TI2Iz-JKRqfaBwDXcyWbp23lSoY0i7GBv6N_AACDH-y1AADXcyWbp23lSoY0i7GBv6N_AAOoEFSOAAA=,
N145,Not restored,2026-09-17 12:50,2026-09-17T17:50:25Z,ken@a1image.com,Your Work Order with A-1 IMAGE INC. is en route,,Inbox,Inbox,Inbox,yes,OK_TO_MOVE,time+subject+sender,1,Your Work Order with A-1 IMAGE INC. is en route,notifications@corrigo.com,Inbox/9 - FORT WORTH ARCHIVE,AI Skipped 2,AI Skipped 2,2026-10-06T13:12:54Z,,<USAZPCRGIFSMWB26beU0004223a@USAZPCRGIFSMWB2.corrigo.net>,AAMkAGQyODM5ZWI1LTQ0NDAtNDZiOS1hYTIzLTdjOGM3NDRlNjQ4MgBGAAAAAAAggjN_BHG4TI2Iz-JKRqfaBwDXcyWbp23lSoY0i7GBv6N_AACDH-y1AADXcyWbp23lSoY0i7GBv6N_AAOoEFSQAAA=,
N146,Not restored,2026-09-17 13:48,2026-09-17T18:48:21Z,ken@a1image.com,Your Work Order with A-1 IMAGE INC. is completed,,Inbox,Inbox,Inbox,yes,OK_TO_MOVE,time+subject+sender,1,Your Work Order with A-1 IMAGE INC. is completed,notifications@corrigo.com,Inbox/9 - FORT WORTH ARCHIVE,AI Skipped 2,AI Skipped 2,2026-10-06T13:12:54Z,,<USAZPCRGIFSMWB2pGtS00042a9e@USAZPCRGIFSMWB2.corrigo.net>,AAMkAGQyODM5ZWI1LTQ0NDAtNDZiOS1hYTIzLTdjOGM3NDRlNjQ4MgBGAAAAAAAggjN_BHG4TI2Iz-JKRqfaBwDXcyWbp23lSoY0i7GBv6N_AACDH-y1AADXcyWbp23lSoY0i7GBv6N_AAOoEFSRAAA=,
N147,Not restored,2026-09-17 13:50,2026-09-17T18:50:10Z,Freepoint Solution Customer Relations,Freepoint Solutions - Kannon Manufacturing LLC - Portal Login,,Inbox,Inbox,Inbox,yes,OK_TO_MOVE,time+subject+sender+sender-in-subject,1,Freepoint Solutions - Kannon Manufacturing LLC - Portal Login,CustomerRelations@freepointsolutions.com,Inbox/9 - FORT WORTH ARCHIVE,AI Skipped 2,AI Skipped 2,2026-10-06T13:12:55Z,,<BL3PR11MB6457AE7EACB67BEB4486EC39D0B82@BL3PR11MB6457.namprd11.prod.outlook.com>,AAMkAGQyODM5ZWI1LTQ0NDAtNDZiOS1hYTIzLTdjOGM3NDRlNjQ4MgBGAAAAAAAggjN_BHG4TI2Iz-JKRqfaBwDXcyWbp23lSoY0i7GBv6N_AACDH-y1AADXcyWbp23lSoY0i7GBv6N_AAOoEFSSAAA=,
N148,Not restored,2026-09-17 14:50,2026-09-17T19:50:56Z,ken@a1image.com,Your Work Order with A-1 IMAGE INC. is completed,,Inbox,Inbox,Inbox,yes,OK_TO_MOVE,time+subject+sender,1,Your Work Order with A-1 IMAGE INC. is completed,notifications@corrigo.com,Inbox/9 - FORT WORTH ARCHIVE,AI Skipped 2,AI Skipped 2,2026-10-06T13:12:56Z,,<USAZPCRGIFSMWB2pxlO000433c3@USAZPCRGIFSMWB2.corrigo.net>,AAMkAGQyODM5ZWI1LTQ0NDAtNDZiOS1hYTIzLTdjOGM3NDRlNjQ4MgBGAAAAAAAggjN_BHG4TI2Iz-JKRqfaBwDXcyWbp23lSoY0i7GBv6N_AACDH-y1AADXcyWbp23lSoY0i7GBv6N_AAOoEFSUAAA=,
N149,Not restored,2026-09-17 15:32,2026-09-17T20:32:41Z,O'Neal Steel - Dallas (GP),Payment status requested - 14748440,15398467 | 15398891 | 15399796 | 15400210 | 15401860 | 15402415 | 15402927 | 15403449 | 15406239 | 15407157 | 15408130 | 15409280 | 15409416 | 15439109 | 15447737 | 15455556 | 15464367,Inbox,Inbox,Inbox,yes,OK_TO_MOVE,time+subject,1,Payment status requested - 14748440,mwatkins@onealsteel.com,Inbox/9 - FORT WORTH ARCHIVE,Entered with issues,Entered with issues,2026-10-06T13:11:15Z,,<157240-22026941720323484@onealsteel.com>,AAMkAGQyODM5ZWI1LTQ0NDAtNDZiOS1hYTIzLTdjOGM3NDRlNjQ4MgBGAAAAAAAggjN_BHG4TI2Iz-JKRqfaBwDXcyWbp23lSoY0i7GBv6N_AACDH-y1AADXcyWbp23lSoY0i7GBv6N_AAOoEFPZAAA=,
N150,Not restored,2026-09-17 16:45,2026-09-17T21:45:14Z,Antoinette Sanchez,Fw: Fastenal Past due,,Inbox,Inbox,Inbox,yes,OK_TO_MOVE,time+subject+sender,1,Fw: Fastenal Past due,antsanch@fastenal.com,Inbox/9 - FORT WORTH ARCHIVE,AI Skipped 2,AI Skipped 2,2026-10-06T13:12:40Z,,<BL0PR06MB478605BCCB97183DFD9FCC48BFB82@BL0PR06MB4786.namprd06.prod.outlook.com>,AAMkAGQyODM5ZWI1LTQ0NDAtNDZiOS1hYTIzLTdjOGM3NDRlNjQ4MgBGAAAAAAAggjN_BHG4TI2Iz-JKRqfaBwDXcyWbp23lSoY0i7GBv6N_AACDH-y1AADXcyWbp23lSoY0i7GBv6N_AAOoEFSVAAA=,
N151,Not restored,2026-09-18 01:43,2026-09-18T06:43:43Z,McMaster-Carr,Credit from Your Order 58221,,Inbox,Inbox,Inbox,yes,OK_TO_MOVE,time+subject+sender,1,Credit from Your Order 58221,invoice.reply@mcmaster.com,Inbox/9 - FORT WORTH ARCHIVE,AI Skipped 2,AI Skipped 2,2026-10-06T13:12:58Z,,<413436869892@mcmaster.com>,AAMkAGQyODM5ZWI1LTQ0NDAtNDZiOS1hYTIzLTdjOGM3NDRlNjQ4MgBGAAAAAAAggjN_BHG4TI2Iz-JKRqfaBwDXcyWbp23lSoY0i7GBv6N_AACDH-y1AADXcyWbp23lSoY0i7GBv6N_AAOoEFSXAAA=,
N152,Not restored,2026-09-18 07:21,2026-09-18T12:21:47Z,AR Dept,Past Due Invoice(s) - 17566 - Kannon Manufacturing Inc,,Inbox,Inbox,Inbox,yes,OK_TO_MOVE,time+subject+sender,1,Past Due Invoice(s) - 17566 - Kannon Manufacturing Inc,ardept@Austinhardware.com,Inbox/9 - FORT WORTH ARCHIVE,AI Skipped 2,AI Skipped 2,2026-10-06T13:12:41Z,,<DM6PR18MB2730B02AF383A1F6EEAADF22A5872@DM6PR18MB2730.namprd18.prod.outlook.com>,AAMkAGQyODM5ZWI1LTQ0NDAtNDZiOS1hYTIzLTdjOGM3NDRlNjQ4MgBGAAAAAAAggjN_BHG4TI2Iz-JKRqfaBwDXcyWbp23lSoY0i7GBv6N_AACDH-y1AADXcyWbp23lSoY0i7GBv6N_AAOoEFSYAAA=,
N153,Not restored,2026-09-18 09:19,2026-09-18T14:19:01Z,Deb Rheinheimer,SV1426672 - Past Due Invoice,,Inbox,Inbox,Inbox,yes,OK_TO_MOVE,time+subject+sender,1,SV1426672 - Past Due Invoice,DRheinheimer@lavanture.com,Inbox/9 - FORT WORTH ARCHIVE,AI Skipped 2,AI Skipped 2,2026-10-06T13:12:42Z,,<BN8PR15MB3137FDBFA014829CA9D9A14DD5872@BN8PR15MB3137.namprd15.prod.outlook.com>,AAMkAGQyODM5ZWI1LTQ0NDAtNDZiOS1hYTIzLTdjOGM3NDRlNjQ4MgBGAAAAAAAggjN_BHG4TI2Iz-JKRqfaBwDXcyWbp23lSoY0i7GBv6N_AACDH-y1AADXcyWbp23lSoY0i7GBv6N_AAOoEFSbAAA=,
N154,Not restored,2026-09-18 09:52,2026-09-18T14:52:57Z,Shawn McKibben,CK# 18642,,Inbox,Inbox,Inbox,yes,OK_TO_MOVE,time+subject+sender,1,CK# 18642,Shawn.McKibben@kannonmfg.com,Inbox/9 - FORT WORTH ARCHIVE,AI Skipped 2,AI Skipped 2,2026-10-06T13:12:59Z,,<PH0PR15MB70734FEFD73AC8C685F58CF398872@PH0PR15MB7073.namprd15.prod.outlook.com>,AAMkAGQyODM5ZWI1LTQ0NDAtNDZiOS1hYTIzLTdjOGM3NDRlNjQ4MgBGAAAAAAAggjN_BHG4TI2Iz-JKRqfaBwDXcyWbp23lSoY0i7GBv6N_AACDH-y1AADXcyWbp23lSoY0i7GBv6N_AAOoEFScAAA=,
N155,Not restored,2026-09-18 11:20,2026-09-18T16:20:08Z,Crosslink Powder Coating,,27319,Inbox,Inbox,Inbox,yes,OK_TO_MOVE,time+sender+invoice-in-subject,1,Invoice SH:27319 Re:,quickbooks@notification.intuit.com,Inbox/9 - FORT WORTH ARCHIVE,Entered in AI,Entered in AI,2026-10-06T13:11:18Z,,<33o-Sz_UScKSRI0TsutRxg@geopod-ismtpd-60>,AAMkAGQyODM5ZWI1LTQ0NDAtNDZiOS1hYTIzLTdjOGM3NDRlNjQ4MgBGAAAAAAAggjN_BHG4TI2Iz-JKRqfaBwDXcyWbp23lSoY0i7GBv6N_AACDH-y1AADXcyWbp23lSoY0i7GBv6N_AAOoEFPdAAA=,
N156,Not restored,2026-09-18 11:56,2026-09-18T16:56:40Z,Insight Controller Services,,1820,Inbox,Inbox,Inbox,yes,OK_TO_MOVE,time+sender+sender-in-subject+invoice-in-subject,1,Invoice 1820 from Insight Controller Services,quickbooks@notification.intuit.com,Inbox/9 - FORT WORTH ARCHIVE,Entered in AI,Entered in AI,2026-10-06T13:11:19Z,,<I7G72-TUSyScqjVPlJJDtA@geopod-ismtpd-113>,AAMkAGQyODM5ZWI1LTQ0NDAtNDZiOS1hYTIzLTdjOGM3NDRlNjQ4MgBGAAAAAAAggjN_BHG4TI2Iz-JKRqfaBwDXcyWbp23lSoY0i7GBv6N_AACDH-y1AADXcyWbp23lSoY0i7GBv6N_AAOoEFPeAAA=,
N157,Not restored,2026-09-18 12:06,2026-09-18T17:06:52Z,Michelle Dalton,Kannon Lost Check Issue,,Inbox,Inbox,Inbox,yes,OK_TO_MOVE,time+subject+sender,1,Kannon Lost Check Issue,michelle@ktgalvanizing.com,Inbox/9 - FORT WORTH ARCHIVE,AI Skipped 2,AI Skipped 2,2026-10-06T13:12:59Z,,<SN7PR18MB402927995984BC08511EB721C5872@SN7PR18MB4029.namprd18.prod.outlook.com>,AAMkAGQyODM5ZWI1LTQ0NDAtNDZiOS1hYTIzLTdjOGM3NDRlNjQ4MgBGAAAAAAAggjN_BHG4TI2Iz-JKRqfaBwDXcyWbp23lSoY0i7GBv6N_AACDH-y1AADXcyWbp23lSoY0i7GBv6N_AAOoEFSdAAA=,
N158,Not restored,2026-09-18 12:49,2026-09-18T17:49:26Z,Dusty Delany ,Rent Statement,,Inbox,Inbox,Inbox,yes,OK_TO_MOVE,time+subject+sender,1,Rent Statement,dusty@empireholdingstx.com,Inbox/9 - FORT WORTH ARCHIVE,AI Skipped 2,AI Skipped 2,2026-10-06T13:13:01Z,,<20260918174910.B6C742048145@rcpoacwwweb033.realpage.com>,AAMkAGQyODM5ZWI1LTQ0NDAtNDZiOS1hYTIzLTdjOGM3NDRlNjQ4MgBGAAAAAAAggjN_BHG4TI2Iz-JKRqfaBwDXcyWbp23lSoY0i7GBv6N_AACDH-y1AADXcyWbp23lSoY0i7GBv6N_AAOoEFSfAAA=,
N159,Not restored,2026-09-18 13:30,2026-09-18T18:30:36Z,Rhonda Reeves,Fw: Overdue Balance Notice_1001050098,,Inbox,Inbox,Inbox,yes,OK_TO_MOVE,time+subject+sender,1,Fw: Overdue Balance Notice_1001050098,rhonda@kannonmfg.com,Inbox/9 - FORT WORTH ARCHIVE,AI Skipped 2,AI Skipped 2,2026-10-06T13:13:01Z,,<DSWPR15MB70886E7E1F31A4BDABAD51C48D872@DSWPR15MB7088.namprd15.prod.outlook.com>,AAMkAGQyODM5ZWI1LTQ0NDAtNDZiOS1hYTIzLTdjOGM3NDRlNjQ4MgBGAAAAAAAggjN_BHG4TI2Iz-JKRqfaBwDXcyWbp23lSoY0i7GBv6N_AACDH-y1AADXcyWbp23lSoY0i7GBv6N_AAOoEFSgAAA=,
N160,Not restored,2026-09-18 16:03,2026-09-18T21:03:30Z,Accounting,Past Due Statement Reminder - KANNON - 8/31/2026 12:00:00 AM,,Inbox,Inbox,Inbox,yes,OK_TO_MOVE,time+subject+sender,1,Past Due Statement Reminder - KANNON - 8/31/2026 12:00:00 AM,Accounting@TPITexas.com,Inbox/9 - FORT WORTH ARCHIVE,AI Skipped 2,AI Skipped 2,2026-10-06T13:12:45Z,,<MW4PR17MB45534C7A3FD3C1E70647F4BFA2872@MW4PR17MB4553.namprd17.prod.outlook.com>,AAMkAGQyODM5ZWI1LTQ0NDAtNDZiOS1hYTIzLTdjOGM3NDRlNjQ4MgBGAAAAAAAggjN_BHG4TI2Iz-JKRqfaBwDXcyWbp23lSoY0i7GBv6N_AACDH-y1AADXcyWbp23lSoY0i7GBv6N_AAOoEFShAAA=,
N161,Not restored,2026-09-20 13:58,2026-09-20T18:58:29Z,Insight Controller Services,Finish your payment to Insight Controller Services,1820,Inbox,Inbox,Inbox,yes,OK_TO_MOVE,time+subject+sender+sender-in-subject,1,Finish your payment to Insight Controller Services,quickbooks@notification.intuit.com,Inbox/9 - FORT WORTH ARCHIVE,Entered in AI,Entered in AI,2026-10-06T13:11:20Z,,<jl8NKJQPQ4avFWSz206mqg@geopod-ismtpd-83>,AAMkAGQyODM5ZWI1LTQ0NDAtNDZiOS1hYTIzLTdjOGM3NDRlNjQ4MgBGAAAAAAAggjN_BHG4TI2Iz-JKRqfaBwDXcyWbp23lSoY0i7GBv6N_AACDH-y1AADXcyWbp23lSoY0i7GBv6N_AAOoEFPhAAA=,
N162,Not restored,2026-09-21 08:57,2026-09-21T13:57:36Z,Syspro,"Last chance: the future of AP for Syspro with Traild, 22 September 📅",,Inbox,Inbox,Inbox,yes,OK_TO_MOVE,time+subject+sender+sender-in-subject,1,"Last chance: the future of AP for Syspro with Traild, 22 September 📅",info@syspro.com,Inbox/9 - FORT WORTH ARCHIVE,AI Skipped 2,AI Skipped 2,2026-10-06T13:13:03Z,,<1789999029831.b4d41312-2db9-45b8-b079-ecbb85f5991a@bf07x.hubspotemail.net>,AAMkAGQyODM5ZWI1LTQ0NDAtNDZiOS1hYTIzLTdjOGM3NDRlNjQ4MgBGAAAAAAAggjN_BHG4TI2Iz-JKRqfaBwDXcyWbp23lSoY0i7GBv6N_AACDH-y1AADXcyWbp23lSoY0i7GBv6N_AAOoEFSjAAA=,
N163,Not restored,2026-09-21 10:12,2026-09-21T15:12:59Z,O'Neal Steel - Dallas (GP),ORDER PENDING PAYMENT STATUS - PLEASE ADVISE BUYER - 14748440,15398467 | 15398891 | 15399796 | 15400210 | 15401860 | 15402415 | 15402927 | 15403449 | 15406239 | 15407157 | 15408130 | 15409280 | 15409416 | 15411914 | 15412969 | 15415288 | 15439109 | 15447737 | 15455556 | 15464367,Inbox,Inbox,Inbox,yes,OK_TO_MOVE,time+subject,1,ORDER PENDING PAYMENT STATUS - PLEASE ADVISE BUYER - 14748440,mwatkins@onealsteel.com,Inbox/9 - FORT WORTH ARCHIVE,Entered in AI,Entered in AI,2026-10-06T13:11:20Z,,<191690-2202691211512435@onealsteel.com>,AAMkAGQyODM5ZWI1LTQ0NDAtNDZiOS1hYTIzLTdjOGM3NDRlNjQ4MgBGAAAAAAAggjN_BHG4TI2Iz-JKRqfaBwDXcyWbp23lSoY0i7GBv6N_AACDH-y1AADXcyWbp23lSoY0i7GBv6N_AAOoEFPjAAA=,
N164,Not restored,2026-09-21 10:29,2026-09-21T15:29:45Z,Lorena De La Torre,Updating the shipment for kannon,,Inbox,Inbox,Inbox,yes,OK_TO_MOVE,time+subject+sender,1,Updating the shipment for kannon,lorena@legacywireproducts.com,Inbox/9 - FORT WORTH ARCHIVE,AI Skipped 2,AI Skipped 2,2026-10-06T13:13:04Z,,<PH0PR18MB4720AB13ED585F16F94663A7AA842@PH0PR18MB4720.namprd18.prod.outlook.com>,AAMkAGQyODM5ZWI1LTQ0NDAtNDZiOS1hYTIzLTdjOGM3NDRlNjQ4MgBGAAAAAAAggjN_BHG4TI2Iz-JKRqfaBwDXcyWbp23lSoY0i7GBv6N_AACDH-y1AADXcyWbp23lSoY0i7GBv6N_AAOoEFSlAAA=,
N165,Not restored,2026-09-21 12:46,2026-09-21T17:46:16Z,Engie Resources Billing,Notice - Engie Payment was successfully charged,,Inbox,Inbox,Inbox,yes,OK_TO_MOVE,time+subject+sender+sender-in-subject,1,Notice - Engie Payment was successfully charged,noreply@engieresources.com,Inbox/9 - FORT WORTH ARCHIVE,AI Skipped 2,AI Skipped 2,2026-10-06T13:12:49Z,,<pwZY712ZQ_-FFpSyKC3ayA@geopod-ismtpd-20>,AAMkAGQyODM5ZWI1LTQ0NDAtNDZiOS1hYTIzLTdjOGM3NDRlNjQ4MgBGAAAAAAAggjN_BHG4TI2Iz-JKRqfaBwDXcyWbp23lSoY0i7GBv6N_AACDH-y1AADXcyWbp23lSoY0i7GBv6N_AAOoEFSnAAA=,
N166,Not restored,2026-09-21 13:32,2026-09-21T18:32:11Z,Ally Auto,Your Ally billing statement is available,,Inbox,Inbox,Inbox,yes,OK_TO_MOVE,time+subject+sender+sender-in-subject,1,Your Ally billing statement is available,email@alert.ally.com,Inbox/9 - FORT WORTH ARCHIVE,AI Skipped 2,AI Skipped 2,2026-10-06T13:13:06Z,,<010001a0c53d580c-659fa93a-ada8-48cb-b393-8f43386f537b-000000@email.amazonses.com>,AAMkAGQyODM5ZWI1LTQ0NDAtNDZiOS1hYTIzLTdjOGM3NDRlNjQ4MgBGAAAAAAAggjN_BHG4TI2Iz-JKRqfaBwDXcyWbp23lSoY0i7GBv6N_AACDH-y1AADXcyWbp23lSoY0i7GBv6N_AAOoEFSoAAA=,
N167,Not restored,2026-09-21 13:49,2026-09-21T18:49:37Z,"Please Pay Upon Receipt Kannon Manufacturing, Inc",,,Inbox,Inbox,Inbox,yes,CONFLICT,time,1,MSC Past Due Notification     (DXED#20262641447213976405),donotreply@invoices.mscdirect.com,Inbox/9 - FORT WORTH ARCHIVE,AI Skipped 2,AI Skipped 2,2026-10-06T13:11:21Z,,<C8DCBEAD21749B2EA636306E282159EA6EFDE016@dxprod07_1.datamatx.local>,AAMkAGQyODM5ZWI1LTQ0NDAtNDZiOS1hYTIzLTdjOGM3NDRlNjQ4MgBGAAAAAAAggjN_BHG4TI2Iz-JKRqfaBwDXcyWbp23lSoY0i7GBv6N_AACDH-y1AADXcyWbp23lSoY0i7GBv6N_AAOoEFPlAAA=,unique timestamp match but sender/subject/invoice not corroborated
N168,Not restored,2026-09-21 13:59,2026-09-21T18:59:20Z,Legacy Wire Products,,PS-INV104046,Inbox,Inbox,Inbox,yes,OK_TO_MOVE,time+sender-in-subject+invoice-in-subject,1,Legacy Wire Products - Sales Invoice PS-INV104046,lorena@legacywireproducts.com,Inbox/9 - FORT WORTH ARCHIVE,Entered in AI,Entered in AI,2026-10-06T13:11:22Z,,<PH0PR18MB47208E09149A52AEB922A4CEAA842@PH0PR18MB4720.namprd18.prod.outlook.com>,AAMkAGQyODM5ZWI1LTQ0NDAtNDZiOS1hYTIzLTdjOGM3NDRlNjQ4MgBGAAAAAAAggjN_BHG4TI2Iz-JKRqfaBwDXcyWbp23lSoY0i7GBv6N_AACDH-y1AADXcyWbp23lSoY0i7GBv6N_AAOoEFPmAAA=,
N169,Not restored,2026-09-21 15:57,2026-09-21T20:57:04Z,3P,,142421,9 - FORT WORTH ARCHIVE,Inbox/9 - FORT WORTH ARCHIVE,9 - FORT WORTH ARCHIVE,no,CATEGORY_ONLY,time+invoice-in-subject,1,"INV # 142421 / CPL # 77102, 77101, 77089, 77099, 77098, 77100 / PO # 59124, 59107, 59090, 59031",Rachel@3pindustries.com,Inbox/9 - FORT WORTH ARCHIVE,Entered in AI,Entered in AI,2026-10-06T13:11:05Z,,<SA0PR19MB425319A51DB3498E63DEA318FB842@SA0PR19MB4253.namprd19.prod.outlook.com>,AAMkAGQyODM5ZWI1LTQ0NDAtNDZiOS1hYTIzLTdjOGM3NDRlNjQ4MgBGAAAAAAAggjN_BHG4TI2Iz-JKRqfaBwDXcyWbp23lSoY0i7GBv6N_AACDH-y1AADXcyWbp23lSoY0i7GBv6N_AAOfybzoAAA=,
N170,Not restored,2026-09-22 08:00,2026-09-22T13:00:24Z,COFW,City of Fort Worth -  Payment Received,,Inbox,Inbox,Inbox,yes,OK_TO_MOVE,time+subject+sender,1,City of Fort Worth -  Payment Received,noreply@fortworthtexas.gov,Inbox/9 - FORT WORTH ARCHIVE,AI Skipped 2,AI Skipped 2,2026-10-06T13:13:07Z,,<H_gBT32wQny-YGTCpt9qlA@geopod-ismtpd-8>,AAMkAGQyODM5ZWI1LTQ0NDAtNDZiOS1hYTIzLTdjOGM3NDRlNjQ4MgBGAAAAAAAggjN_BHG4TI2Iz-JKRqfaBwDXcyWbp23lSoY0i7GBv6N_AACDH-y1AADXcyWbp23lSoY0i7GBv6N_AAOoEFSqAAA=,
N171,Not restored,2026-09-22 08:04,2026-09-22T13:04:25Z,Lorena De La Torre,Kannon forgot to send the shipment paper sign,,Inbox,Inbox,Inbox,yes,OK_TO_MOVE,time+subject+sender,1,Kannon forgot to send the shipment paper sign,lorena@legacywireproducts.com,Inbox/9 - FORT WORTH ARCHIVE,AI Skipped 2,AI Skipped 2,2026-10-06T13:13:07Z,,<PH0PR18MB47203CA7EC684B94CA729236AA832@PH0PR18MB4720.namprd18.prod.outlook.com>,AAMkAGQyODM5ZWI1LTQ0NDAtNDZiOS1hYTIzLTdjOGM3NDRlNjQ4MgBGAAAAAAAggjN_BHG4TI2Iz-JKRqfaBwDXcyWbp23lSoY0i7GBv6N_AACDH-y1AADXcyWbp23lSoY0i7GBv6N_AAOoEFSrAAA=,
N172,Not restored,2026-09-22 08:58,2026-09-22T13:58:43Z,Legacy Wire Products,,PS-INV104051,Inbox,Inbox,Inbox,yes,OK_TO_MOVE,time+sender-in-subject+invoice-in-subject,1,Legacy Wire Products - Sales Invoice PS-INV104051,lorena@legacywireproducts.com,Inbox/9 - FORT WORTH ARCHIVE,Entered in AI,Entered in AI,2026-10-06T13:11:22Z,,<PH0PR18MB472025853606CDB91763E94FAA832@PH0PR18MB4720.namprd18.prod.outlook.com>,AAMkAGQyODM5ZWI1LTQ0NDAtNDZiOS1hYTIzLTdjOGM3NDRlNjQ4MgBGAAAAAAAggjN_BHG4TI2Iz-JKRqfaBwDXcyWbp23lSoY0i7GBv6N_AACDH-y1AADXcyWbp23lSoY0i7GBv6N_AAOoEFPnAAA=,
N173,Not restored,2026-09-22 08:59,2026-09-22T13:59:48Z,Colonial Life,Save time with AutoPay ,,Inbox,Inbox,Inbox,yes,OK_TO_MOVE,time+subject+sender,1,Save time with AutoPay ,connect@info.coloniallife.com,Inbox/AutoPay Archive,AI Skipped,AI Skipped,2026-10-06T13:11:23Z,,<1790085543442.c886d99d-b359-4fa3-98ee-bd90a70cc6ec@21775334m.info.unum.com>,AAMkAGQyODM5ZWI1LTQ0NDAtNDZiOS1hYTIzLTdjOGM3NDRlNjQ4MgBGAAAAAAAggjN_BHG4TI2Iz-JKRqfaBwDXcyWbp23lSoY0i7GBv6N_AAOkEEAHAADXcyWbp23lSoY0i7GBv6N_AAOoEFdyAAA=,
N174,Not restored,2026-09-22 12:47,2026-09-22T17:47:33Z,ar@onealsteel.com,Payment Confirmation,,Inbox,Inbox,Inbox,yes,OK_TO_MOVE,time+subject+sender,1,Payment Confirmation,ar@onealsteel.com,Inbox/9 - FORT WORTH ARCHIVE,AI Skipped 2,AI Skipped 2,2026-10-06T13:13:09Z,,<010101a0ca3adbab-65ea853d-17fb-405c-8785-22aedd1ffa92-000000@us-west-2.amazonses.com>,AAMkAGQyODM5ZWI1LTQ0NDAtNDZiOS1hYTIzLTdjOGM3NDRlNjQ4MgBGAAAAAAAggjN_BHG4TI2Iz-JKRqfaBwDXcyWbp23lSoY0i7GBv6N_AACDH-y1AADXcyWbp23lSoY0i7GBv6N_AAOoEFStAAA=,
N175,Not restored,2026-09-22 14:24,2026-09-22T19:24:13Z,O'Neal Steel - Dallas (GP),"Fw: [EXTERNAL]Fw: [EXTERNAL]Re: [EXTERNAL]Fw: 3/8"" 60 x 96 A36  WO 35007.17 ",15398467 | 15398891 | 15399796 | 15400210 | 15401860 | 15402415 | 15402927 | 15403449 | 15406239 | 15407157 | 15408130 | 15409280 | 15409416 | 15411914 | 15412969 | 15415288 | 15415889 | 15416408 | 15439109 | 15447737 | 15455556 | 15464367,Inbox,Inbox,Inbox,yes,OK_TO_MOVE,time+subject,1,"Fw: [EXTERNAL]Fw: [EXTERNAL]Re: [EXTERNAL]Fw: 3/8"" 60 x 96 A36  WO 35007.17 ",Shawn.McKibben@kannonmfg.com,Inbox/9 - FORT WORTH ARCHIVE,Entered in AI,Entered in AI,2026-10-06T13:11:27Z,,<PH0PR15MB7073D4741A9ACF2C52197E6298832@PH0PR15MB7073.namprd15.prod.outlook.com>,AAMkAGQyODM5ZWI1LTQ0NDAtNDZiOS1hYTIzLTdjOGM3NDRlNjQ4MgBGAAAAAAAggjN_BHG4TI2Iz-JKRqfaBwDXcyWbp23lSoY0i7GBv6N_AACDH-y1AADXcyWbp23lSoY0i7GBv6N_AAOoEFPrAAA=,
N176,Not restored,2026-09-22 14:47,2026-09-22T19:47:40Z,Jim Saxon,Past Due,,Inbox,Inbox,Inbox,yes,OK_TO_MOVE,time+subject+sender,1,Past Due,jim.saxon@morgansteel.net,Inbox/9 - FORT WORTH ARCHIVE,AI Skipped 2,AI Skipped 2,2026-10-06T13:13:09Z,,<MN0PR16MB64614A876E3A1D9E729C7079F3832@MN0PR16MB6461.namprd16.prod.outlook.com>,AAMkAGQyODM5ZWI1LTQ0NDAtNDZiOS1hYTIzLTdjOGM3NDRlNjQ4MgBGAAAAAAAggjN_BHG4TI2Iz-JKRqfaBwDXcyWbp23lSoY0i7GBv6N_AACDH-y1AADXcyWbp23lSoY0i7GBv6N_AAOoEFSuAAA=,
N177,Not restored,2026-09-22 15:13,2026-09-22T20:13:05Z,Shawn McKibben,Fw: Past Due,,Inbox,Inbox,Inbox,yes,OK_TO_MOVE,time+subject+sender,1,Fw: Past Due,Shawn.McKibben@kannonmfg.com,Inbox/9 - FORT WORTH ARCHIVE,AI Skipped 2,AI Skipped 2,2026-10-06T13:13:10Z,,<PH0PR15MB707300597E1A5C9E289EDB3D98832@PH0PR15MB7073.namprd15.prod.outlook.com>,AAMkAGQyODM5ZWI1LTQ0NDAtNDZiOS1hYTIzLTdjOGM3NDRlNjQ4MgBGAAAAAAAggjN_BHG4TI2Iz-JKRqfaBwDXcyWbp23lSoY0i7GBv6N_AACDH-y1AADXcyWbp23lSoY0i7GBv6N_AAOoEFSvAAA=,
N178,Not restored,2026-09-22 16:25,2026-09-22T21:25:41Z,Erica Barrett,Past Due Notice - 631,,Inbox,Inbox,Inbox,yes,OK_TO_MOVE,time+subject+sender,1,Past Due Notice - 631,Erica.Barrett@novaalloys.com,Inbox/9 - FORT WORTH ARCHIVE,AI Skipped 2,AI Skipped 2,2026-10-06T13:13:10Z,,<PH8PR01MB99452073D362D7D126BBEEFACB93832@PH8PR01MB994520.prod.exchangelabs.com>,AAMkAGQyODM5ZWI1LTQ0NDAtNDZiOS1hYTIzLTdjOGM3NDRlNjQ4MgBGAAAAAAAggjN_BHG4TI2Iz-JKRqfaBwDXcyWbp23lSoY0i7GBv6N_AACDH-y1AADXcyWbp23lSoY0i7GBv6N_AAOoEFSwAAA=,
N179,Not restored,2026-09-22 20:28,2026-09-23T01:28:47Z,Tejas Transportation,,523861,Inbox,Inbox,Inbox,yes,OK_TO_MOVE,time+sender+sender-in-subject+invoice-in-subject,1,New payment request from Tejas Transportation - invoice 523861,quickbooks@notification.intuit.com,Inbox/9 - FORT WORTH ARCHIVE,Entered in AI,Entered in AI,2026-10-06T13:11:28Z,,<f6njap29T_-HjcPygeii0w@geopod-ismtpd-37>,AAMkAGQyODM5ZWI1LTQ0NDAtNDZiOS1hYTIzLTdjOGM3NDRlNjQ4MgBGAAAAAAAggjN_BHG4TI2Iz-JKRqfaBwDXcyWbp23lSoY0i7GBv6N_AACDH-y1AADXcyWbp23lSoY0i7GBv6N_AAOoEFPsAAA=,
N180,Not restored,2026-09-23 08:22,2026-09-23T13:22:22Z,COFW,City of Fort Worth -  Payment Received,,Inbox,Inbox,Inbox,yes,OK_TO_MOVE,time+subject+sender,1,City of Fort Worth -  Payment Received,noreply@fortworthtexas.gov,Inbox/9 - FORT WORTH ARCHIVE,AI Skipped 2,AI Skipped 2,2026-10-06T13:13:11Z,,<-TJaLumPS6qBGS4tMKtGyw@geopod-ismtpd-21>,AAMkAGQyODM5ZWI1LTQ0NDAtNDZiOS1hYTIzLTdjOGM3NDRlNjQ4MgBGAAAAAAAggjN_BHG4TI2Iz-JKRqfaBwDXcyWbp23lSoY0i7GBv6N_AACDH-y1AADXcyWbp23lSoY0i7GBv6N_AAOoEFSzAAA=,
N181,Not restored,2026-09-23 14:06,2026-09-23T19:06:38Z,Jon Washburn,Re: NOTICE OF PAYMENT DUE for KANNON MANUFACTURING INC - TXH-F22041 - HIGGINBOTHAM - FORT WORTH - 9/2/2026 - Imperial PFS® Forms/Letters.,,Inbox,Inbox,Inbox,yes,OK_TO_MOVE,time+subject+sender,1,Re: NOTICE OF PAYMENT DUE for KANNON MANUFACTURING INC - TXH-F22041 - HIGGINBOTHAM - FORT WORTH - 9/2/2026 - Imperial PFS® Forms/Letters.,jon@insightcontroller.com,Inbox/9 - FORT WORTH ARCHIVE,AI Skipped 2,AI Skipped 2,2026-10-06T13:12:56Z,,<BY5PR12MB493596141A8B4CC550EB4AFEA4822@BY5PR12MB4935.namprd12.prod.outlook.com>,AAMkAGQyODM5ZWI1LTQ0NDAtNDZiOS1hYTIzLTdjOGM3NDRlNjQ4MgBGAAAAAAAggjN_BHG4TI2Iz-JKRqfaBwDXcyWbp23lSoY0i7GBv6N_AACDH-y1AADXcyWbp23lSoY0i7GBv6N_AAOoEFS2AAA=,
N182,Not restored,2026-09-23 14:44,2026-09-23T19:44:09Z,Xcaliber Industrial LLC,Statement from Xcaliber Industrial LLC,,Inbox,Inbox,Inbox,yes,OK_TO_MOVE,time+subject+sender+sender-in-subject,1,Statement from Xcaliber Industrial LLC,quickbooks@notification.intuit.com,Inbox/9 - FORT WORTH ARCHIVE,AI Skipped 2,AI Skipped 2,2026-10-06T13:13:13Z,,<IBr7F1ljQE2h-CIgEyBZPg@geopod-ismtpd-4>,AAMkAGQyODM5ZWI1LTQ0NDAtNDZiOS1hYTIzLTdjOGM3NDRlNjQ4MgBGAAAAAAAggjN_BHG4TI2Iz-JKRqfaBwDXcyWbp23lSoY0i7GBv6N_AACDH-y1AADXcyWbp23lSoY0i7GBv6N_AAOoEFS3AAA=,
N183,Not restored,2026-09-23 15:05,2026-09-23T20:05:46Z,Treyce Wegmann,RE: A. M. Castle & Co. Payment Inquiry: KANNON MFG INC-FT WORTH #32279,,Inbox,Inbox,Inbox,yes,OK_TO_MOVE,time+subject+sender,1,RE: A. M. Castle & Co. Payment Inquiry: KANNON MFG INC-FT WORTH #32279,[redacted],Inbox/9 - FORT WORTH ARCHIVE,AI Skipped 2,AI Skipped 2,2026-10-06T13:13:13Z,,<CO1PR15MB49556769BCACF0F9CBE1EDEACE822@CO1PR15MB4955.namprd15.prod.outlook.com>,AAMkAGQyODM5ZWI1LTQ0NDAtNDZiOS1hYTIzLTdjOGM3NDRlNjQ4MgBGAAAAAAAggjN_BHG4TI2Iz-JKRqfaBwDXcyWbp23lSoY0i7GBv6N_AACDH-y1AADXcyWbp23lSoY0i7GBv6N_AAOoEFS4AAA=,
N184,Not restored,2026-09-23 16:59,2026-09-23T21:59:28Z,O'Neal Steel - Dallas (GP),ORDER PENDING PAYMENT STATUS - PLEASE ADVISE BUYER - 14748440,15406239 | 15407157 | 15408130 | 15409280 | 15409416 | 15411914 | 15412969 | 15415288 | 15415889 | 15416408 | 15439230 | 15478871,Inbox,Inbox,Inbox,yes,OK_TO_MOVE,time+subject,1,ORDER PENDING PAYMENT STATUS - PLEASE ADVISE BUYER - 14748440,msullivan@onealsteel.com,Inbox/9 - FORT WORTH ARCHIVE,Entered with issues,Entered with issues,2026-10-06T13:11:30Z,,<63340-220269323215841927@onealsteel.com>,AAMkAGQyODM5ZWI1LTQ0NDAtNDZiOS1hYTIzLTdjOGM3NDRlNjQ4MgBGAAAAAAAggjN_BHG4TI2Iz-JKRqfaBwDXcyWbp23lSoY0i7GBv6N_AACDH-y1AADXcyWbp23lSoY0i7GBv6N_AAOoEFPyAAA=,
N185,Not restored,2026-09-23 21:48,2026-09-24T02:48:29Z,Kyle Cleaver,Re: NOTICE OF INTENT TO CANCEL for KANNON MANUFACTURING INC - TXH-F22041 - HIGGINBOTHAM - FORT WORTH - 8/27/2026 - Imperial PFS® Forms/Letters.,,Inbox,Inbox,Inbox,yes,OK_TO_MOVE,time+subject+sender,1,Re: NOTICE OF INTENT TO CANCEL for KANNON MANUFACTURING INC - TXH-F22041 - HIGGINBOTHAM - FORT WORTH - 8/27/2026 - Imperial PFS® Forms/Letters.,[redacted],Inbox/9 - FORT WORTH ARCHIVE,AI Skipped 2,AI Skipped 2,2026-10-06T13:12:58Z,,<DSWPR15MB7088E33E424ED73404FBE63E8D812@DSWPR15MB7088.namprd15.prod.outlook.com>,AAMkAGQyODM5ZWI1LTQ0NDAtNDZiOS1hYTIzLTdjOGM3NDRlNjQ4MgBGAAAAAAAggjN_BHG4TI2Iz-JKRqfaBwDXcyWbp23lSoY0i7GBv6N_AACDH-y1AADXcyWbp23lSoY0i7GBv6N_AAOoEFS6AAA=,
N186,Not restored,2026-09-24 08:32,2026-09-24T13:32:42Z,Matt Maurer,Re: NOTICE OF INTENT TO CANCEL for KANNON MANUFACTURING INC - TXH-F22041 - HIGGINBOTHAM - FORT WORTH - 8/27/2026 - Imperial PFS® Forms/Letters.,,Inbox,Inbox,Inbox,yes,OK_TO_MOVE,time+subject+sender,1,Re: NOTICE OF INTENT TO CANCEL for KANNON MANUFACTURING INC - TXH-F22041 - HIGGINBOTHAM - FORT WORTH - 8/27/2026 - Imperial PFS® Forms/Letters.,MMaurer@higginbotham.net,Inbox/9 - FORT WORTH ARCHIVE,AI Skipped 2,AI Skipped 2,2026-10-06T13:12:59Z,,<7A8E291F-3830-4CAF-A0CA-6AB9BE3A2862@higginbotham.net>,AAMkAGQyODM5ZWI1LTQ0NDAtNDZiOS1hYTIzLTdjOGM3NDRlNjQ4MgBGAAAAAAAggjN_BHG4TI2Iz-JKRqfaBwDXcyWbp23lSoY0i7GBv6N_AACDH-y1AADXcyWbp23lSoY0i7GBv6N_AAOoEFS8AAA=,
N187,Not restored,2026-09-24 08:37,2026-09-24T13:37:29Z,Crosslink Powder Coating of Texas,"Friendly payment reminder, as your account with us now appears as past due",,Inbox,Inbox,Inbox,yes,OK_TO_MOVE,time+subject+sender,1,"Friendly payment reminder, as your account with us now appears as past due",support@ebizcharge.com,Inbox/9 - FORT WORTH ARCHIVE,AI Skipped 2,AI Skipped 2,2026-10-06T13:13:16Z,,<GaVJZVdXT-6herKyAg7Fxw@geopod-ismtpd-5>,AAMkAGQyODM5ZWI1LTQ0NDAtNDZiOS1hYTIzLTdjOGM3NDRlNjQ4MgBGAAAAAAAggjN_BHG4TI2Iz-JKRqfaBwDXcyWbp23lSoY0i7GBv6N_AACDH-y1AADXcyWbp23lSoY0i7GBv6N_AAOoEFS9AAA=,
N188,Not restored,2026-09-24 08:37,2026-09-24T13:37:32Z,Crosslink Powder Coating of Texas,"Friendly payment reminder, as your account with us now appears as past due",,Inbox,Inbox,Inbox,yes,OK_TO_MOVE,time+subject+sender,1,"Friendly payment reminder, as your account with us now appears as past due",support@ebizcharge.com,Inbox/9 - FORT WORTH ARCHIVE,AI Skipped 2,AI Skipped 2,2026-10-06T13:13:16Z,,<Lc24OWndSUeqlZVwv08Ckw@geopod-ismtpd-18>,AAMkAGQyODM5ZWI1LTQ0NDAtNDZiOS1hYTIzLTdjOGM3NDRlNjQ4MgBGAAAAAAAggjN_BHG4TI2Iz-JKRqfaBwDXcyWbp23lSoY0i7GBv6N_AACDH-y1AADXcyWbp23lSoY0i7GBv6N_AAOoEFS_AAA=,
N189,Not restored,2026-09-24 08:37,2026-09-24T13:37:37Z,Crosslink Powder Coating of Texas,"Friendly payment reminder, as your account with us now appears as past due",,Inbox,Inbox,Inbox,yes,OK_TO_MOVE,time+subject+sender,1,"Friendly payment reminder, as your account with us now appears as past due",support@ebizcharge.com,Inbox/9 - FORT WORTH ARCHIVE,AI Skipped 2,AI Skipped 2,2026-10-06T13:13:17Z,,<RqbPa_LcRJKT7NSl9XfmNA@geopod-ismtpd-21>,AAMkAGQyODM5ZWI1LTQ0NDAtNDZiOS1hYTIzLTdjOGM3NDRlNjQ4MgBGAAAAAAAggjN_BHG4TI2Iz-JKRqfaBwDXcyWbp23lSoY0i7GBv6N_AACDH-y1AADXcyWbp23lSoY0i7GBv6N_AAOoEFS-AAA=,
N190,Not restored,2026-09-24 11:23,2026-09-24T16:23:53Z,AR Dept,Past Due Invoice(s) - 17566 - Kannon Manufacturing Inc,,Inbox,Inbox,Inbox,yes,OK_TO_MOVE,time+subject+sender,1,Past Due Invoice(s) - 17566 - Kannon Manufacturing Inc,ardept@Austinhardware.com,Inbox/9 - FORT WORTH ARCHIVE,AI Skipped 2,AI Skipped 2,2026-10-06T13:13:02Z,,<DM6PR18MB273090B36CA8C29EA5A82C72A5812@DM6PR18MB2730.namprd18.prod.outlook.com>,AAMkAGQyODM5ZWI1LTQ0NDAtNDZiOS1hYTIzLTdjOGM3NDRlNjQ4MgBGAAAAAAAggjN_BHG4TI2Iz-JKRqfaBwDXcyWbp23lSoY0i7GBv6N_AACDH-y1AADXcyWbp23lSoY0i7GBv6N_AAOoEFTDAAA=,
N191,Not restored,2026-09-24 17:04,2026-09-24T22:04:32Z,Fastenal Company,,TXFT4100045,Inbox,Inbox,Inbox,yes,OK_TO_MOVE,time+sender+sender-in-subject,1,Re: Fastenal Past due,antsanch@fastenal.com,Inbox/9 - FORT WORTH ARCHIVE,AI Skipped 2,AI Skipped 2,2026-10-06T13:11:33Z,,<BL0PR06MB47860EBA8E45F8F6936E4912BF812@BL0PR06MB4786.namprd06.prod.outlook.com>,AAMkAGQyODM5ZWI1LTQ0NDAtNDZiOS1hYTIzLTdjOGM3NDRlNjQ4MgBGAAAAAAAggjN_BHG4TI2Iz-JKRqfaBwDXcyWbp23lSoY0i7GBv6N_AACDH-y1AADXcyWbp23lSoY0i7GBv6N_AAOoEFP3AAA=,
N192,Not restored,2026-09-24 17:08,2026-09-24T22:08:06Z,Shawn McKibben,Re: Fastenal Past due,,Inbox,Inbox,Inbox,yes,OK_TO_MOVE,time+subject+sender,1,Re: Fastenal Past due,Shawn.McKibben@kannonmfg.com,Inbox/9 - FORT WORTH ARCHIVE,AI Skipped 2,AI Skipped 2,2026-10-06T13:13:04Z,,<PH0PR15MB70736E0A43007AE21AAC724498812@PH0PR15MB7073.namprd15.prod.outlook.com>,AAMkAGQyODM5ZWI1LTQ0NDAtNDZiOS1hYTIzLTdjOGM3NDRlNjQ4MgBGAAAAAAAggjN_BHG4TI2Iz-JKRqfaBwDXcyWbp23lSoY0i7GBv6N_AACDH-y1AADXcyWbp23lSoY0i7GBv6N_AAOoEFTHAAA=,
N193,Not restored,2026-09-25 09:14,2026-09-25T14:14:34Z,"Sullivan, Maria",RE: [EXTERNAL]Re: ORDER PENDING   14748440 KANNON MFG,,Inbox,Inbox,Inbox,yes,OK_TO_MOVE,time+subject+sender,1,RE: [EXTERNAL]Re: ORDER PENDING   14748440 KANNON MFG,MSulliv@onealsteel.com,Inbox/9 - FORT WORTH ARCHIVE,AI Skipped 2,AI Skipped 2,2026-10-06T13:13:22Z,,<SJ2PR16MB5916E8945202E6BC8EA851BAC3802@SJ2PR16MB5916.namprd16.prod.outlook.com>,AAMkAGQyODM5ZWI1LTQ0NDAtNDZiOS1hYTIzLTdjOGM3NDRlNjQ4MgBGAAAAAAAggjN_BHG4TI2Iz-JKRqfaBwDXcyWbp23lSoY0i7GBv6N_AACDH-y1AADXcyWbp23lSoY0i7GBv6N_AAOoEFTJAAA=,
N194,Not restored,2026-09-25 11:07,2026-09-25T16:07:58Z,McMaster-Carr,,65594812,Inbox,Inbox,Inbox,yes,OK_TO_MOVE,time+sender+sender-in-subject+invoice-in-subject,1,Phone Call Follow Up: Invoice 65594812 with McMaster-Carr,atl.sales@mcmaster.com,Inbox/9 - FORT WORTH ARCHIVE,Entered in AI,Entered in AI,2026-10-06T13:11:34Z,,<MCDO_6001350054823_MCDO639259492658638611@mcmaster.com>,AAMkAGQyODM5ZWI1LTQ0NDAtNDZiOS1hYTIzLTdjOGM3NDRlNjQ4MgBGAAAAAAAggjN_BHG4TI2Iz-JKRqfaBwDXcyWbp23lSoY0i7GBv6N_AACDH-y1AADXcyWbp23lSoY0i7GBv6N_AAOoEFP5AAA=,
N195,Not restored,2026-09-25 14:35,2026-09-25T19:35:11Z,Terry Regan,PAST DUE INVOICES,,Inbox,Inbox,Inbox,yes,OK_TO_MOVE,time+subject+sender,1,PAST DUE INVOICES,terry.regan@jpsteel.us,Inbox/9 - FORT WORTH ARCHIVE,AI Skipped 2,AI Skipped 2,2026-10-06T13:13:09Z,,<DSVPR01MB994525B24615B6334E1411EB409A802@DSVPR01MB994525.prod.exchangelabs.com>,AAMkAGQyODM5ZWI1LTQ0NDAtNDZiOS1hYTIzLTdjOGM3NDRlNjQ4MgBGAAAAAAAggjN_BHG4TI2Iz-JKRqfaBwDXcyWbp23lSoY0i7GBv6N_AACDH-y1AADXcyWbp23lSoY0i7GBv6N_AAOoEFTRAAA=,
N196,Not restored,2026-09-25 16:03,2026-09-25T21:03:27Z,Accounting,Past Due Statement Reminder - KANNON - 8/31/2026 12:00:00 AM,,Inbox,Inbox,Inbox,yes,OK_TO_MOVE,time+subject+sender,1,Past Due Statement Reminder - KANNON - 8/31/2026 12:00:00 AM,Accounting@TPITexas.com,Inbox/9 - FORT WORTH ARCHIVE,AI Skipped 2,AI Skipped 2,2026-10-06T13:13:10Z,,<MW4PR17MB455337C70873A5E912056C69A2802@MW4PR17MB4553.namprd17.prod.outlook.com>,AAMkAGQyODM5ZWI1LTQ0NDAtNDZiOS1hYTIzLTdjOGM3NDRlNjQ4MgBGAAAAAAAggjN_BHG4TI2Iz-JKRqfaBwDXcyWbp23lSoY0i7GBv6N_AACDH-y1AADXcyWbp23lSoY0i7GBv6N_AAOoEFTSAAA=,
N197,Not restored,2026-09-26 07:06,2026-09-26T12:06:12Z,ARNotifications@versalift.com,C06512 KANNON MANUFACTURING INC: Second Reminder - $187.50 due          Ref:0003112007,,Inbox,Inbox,Inbox,yes,OK_TO_MOVE,time+subject+sender,1,C06512 KANNON MANUFACTURING INC: Second Reminder - $187.50 due          Ref:0003112007,ARNotifications@versalift.com,Inbox/9 - FORT WORTH ARCHIVE,AI Skipped 2,AI Skipped 2,2026-10-06T13:13:27Z,,<322BC480CD0E897575835BB4958F15FF97F93FD4@RD74D8096E7501>,AAMkAGQyODM5ZWI1LTQ0NDAtNDZiOS1hYTIzLTdjOGM3NDRlNjQ4MgBGAAAAAAAggjN_BHG4TI2Iz-JKRqfaBwDXcyWbp23lSoY0i7GBv6N_AACDH-y1AADXcyWbp23lSoY0i7GBv6N_AAOoEFTTAAA=,
N198,Not restored,2026-09-27 12:35,2026-09-27T17:35:30Z,Ally Auto,Reminder: 9/29/2026 is your scheduled payment date,,Inbox,Inbox,Inbox,yes,OK_TO_MOVE,time+subject+sender,1,Reminder: 9/29/2026 is your scheduled payment date,email@alert.ally.com,Inbox/9 - FORT WORTH ARCHIVE,AI Skipped 2,AI Skipped 2,2026-10-06T13:13:12Z,,<010001a0e3ef9c94-f462c4f3-17ff-4c12-b682-3e64863ae3b8-000000@email.amazonses.com>,AAMkAGQyODM5ZWI1LTQ0NDAtNDZiOS1hYTIzLTdjOGM3NDRlNjQ4MgBGAAAAAAAggjN_BHG4TI2Iz-JKRqfaBwDXcyWbp23lSoY0i7GBv6N_AACDH-y1AADXcyWbp23lSoY0i7GBv6N_AAOoEFTVAAA=,
N199,Not restored,2026-09-28 11:31,2026-09-28T16:31:09Z,Michelle Dalton,Checking to see if you cancelled check 18521?,,Inbox,Inbox,Inbox,yes,OK_TO_MOVE,time+subject+sender,1,Checking to see if you cancelled check 18521?,michelle@ktgalvanizing.com,Inbox/9 - FORT WORTH ARCHIVE,AI Skipped 2,AI Skipped 2,2026-10-06T13:13:13Z,,<SN7PR18MB402961D9F8CD09D97AD1FB0DC58D2@SN7PR18MB4029.namprd18.prod.outlook.com>,AAMkAGQyODM5ZWI1LTQ0NDAtNDZiOS1hYTIzLTdjOGM3NDRlNjQ4MgBGAAAAAAAggjN_BHG4TI2Iz-JKRqfaBwDXcyWbp23lSoY0i7GBv6N_AACDH-y1AADXcyWbp23lSoY0i7GBv6N_AAOoEFTYAAA=,
N200,Not restored,2026-09-28 17:38,2026-09-28T22:38:36Z,Insight Controller Services,Reminder: Invoice 1820 from Insight Controller Services,1820,Inbox,Inbox,Inbox,yes,OK_TO_MOVE,time+subject+sender+sender-in-subject+invoice-in-subject,1,Reminder: Invoice 1820 from Insight Controller Services,quickbooks@notification.intuit.com,Inbox/9 - FORT WORTH ARCHIVE,Entered in AI,Entered in AI,2026-10-06T13:11:36Z,,<cJX8ASAoRSy6n7FOhfJVzA@geopod-ismtpd-12>,AAMkAGQyODM5ZWI1LTQ0NDAtNDZiOS1hYTIzLTdjOGM3NDRlNjQ4MgBGAAAAAAAggjN_BHG4TI2Iz-JKRqfaBwDXcyWbp23lSoY0i7GBv6N_AACDH-y1AADXcyWbp23lSoY0i7GBv6N_AAOoEFP_AAA=,
N201,Not restored,2026-09-29 01:40,2026-09-29T06:40:31Z,"Joseph T. Ryerson & Son, Inc",,9307115285,Inbox,Inbox,Inbox,yes,OK_TO_MOVE,time+sender+invoice-in-subject,1,PO 59176 Inv# 9307115285,donotreplyinvoice@ryerson.com,Inbox/9 - FORT WORTH ARCHIVE,Entered with issues,Entered with issues,2026-10-06T13:11:38Z,,<ADR510000025183383000050568708F11FD1AEFA13A70AD44B6D@RYERSON.COM>,AAMkAGQyODM5ZWI1LTQ0NDAtNDZiOS1hYTIzLTdjOGM3NDRlNjQ4MgBGAAAAAAAggjN_BHG4TI2Iz-JKRqfaBwDXcyWbp23lSoY0i7GBv6N_AACDH-y1AADXcyWbp23lSoY0i7GBv6N_AAOoEFQBAAA=,
N202,Not restored,2026-09-29 08:07,2026-09-29T13:07:07Z,ar@technitoolinc.com,Invoice S1395419.002   PO# 59299,,Inbox,Inbox,Inbox,yes,OK_TO_MOVE,time+subject+sender,1,Invoice S1395419.002   PO# 59299,ar@technitoolinc.com,Inbox/9 - FORT WORTH ARCHIVE,AI Skipped 2,AI Skipped 2,2026-10-06T13:13:32Z,,<DM6PR17MB3977D03AD139E96DB60C64A9D18C2@DM6PR17MB3977.namprd17.prod.outlook.com>,AAMkAGQyODM5ZWI1LTQ0NDAtNDZiOS1hYTIzLTdjOGM3NDRlNjQ4MgBGAAAAAAAggjN_BHG4TI2Iz-JKRqfaBwDXcyWbp23lSoY0i7GBv6N_AACDH-y1AADXcyWbp23lSoY0i7GBv6N_AAOoEFTbAAA=,
N203,Not restored,2026-09-29 08:51,2026-09-29T13:51:08Z,Shoppa's Material Handling,,PSI-001239218,Inbox,Inbox,Inbox,yes,OK_TO_MOVE,time+sender+sender-in-subject,1,Acct No. C109050: Your Invoice From Shoppas Material Handling is Attached,shoppas@billtrust.com,Inbox/9 - FORT WORTH ARCHIVE,Entered with issues,Entered with issues,2026-10-06T13:11:39Z,,<a1DwuaOFQCea2ycjQ2fyXg@geopod-ismtpd-22>,AAMkAGQyODM5ZWI1LTQ0NDAtNDZiOS1hYTIzLTdjOGM3NDRlNjQ4MgBGAAAAAAAggjN_BHG4TI2Iz-JKRqfaBwDXcyWbp23lSoY0i7GBv6N_AACDH-y1AADXcyWbp23lSoY0i7GBv6N_AAOoEFQDAAA=,
N204,Not restored,2026-09-29 09:00,2026-09-29T14:00:10Z,Shoppa's Material Handling,,PSI-001240544,Inbox,Inbox,Inbox,yes,OK_TO_MOVE,time+sender+sender-in-subject,1,Acct No. C109050: Your Invoice From Shoppas Material Handling is Attached,shoppas@billtrust.com,Inbox/9 - FORT WORTH ARCHIVE,Entered with issues,Entered with issues,2026-10-06T13:11:39Z,,<yLT6AZGnSg-hO6OK4a5tig@geopod-ismtpd-54>,AAMkAGQyODM5ZWI1LTQ0NDAtNDZiOS1hYTIzLTdjOGM3NDRlNjQ4MgBGAAAAAAAggjN_BHG4TI2Iz-JKRqfaBwDXcyWbp23lSoY0i7GBv6N_AACDH-y1AADXcyWbp23lSoY0i7GBv6N_AAOoEFQEAAA=,
N205,Not restored,2026-09-29 10:31,2026-09-29T15:31:09Z,Service Experts,,,Inbox,Inbox,Inbox,yes,OK_TO_MOVE,time+sender+sender-in-subject,1,Your Statement from Service Experts Dallas,246@serviceexperts.com,Inbox/9 - FORT WORTH ARCHIVE,AI Skipped 2,AI Skipped 2,2026-10-06T13:11:40Z,,<Io8FSIR3RdiEWmzHH0rLWA@geopod-ismtpd-6>,AAMkAGQyODM5ZWI1LTQ0NDAtNDZiOS1hYTIzLTdjOGM3NDRlNjQ4MgBGAAAAAAAggjN_BHG4TI2Iz-JKRqfaBwDXcyWbp23lSoY0i7GBv6N_AACDH-y1AADXcyWbp23lSoY0i7GBv6N_AAOoEFQGAAA=,
N206,Not restored,2026-09-29 10:54,2026-09-29T15:54:27Z,Crosslink Powder Coating,,27943,Inbox,Inbox,Inbox,yes,OK_TO_MOVE,time+sender+invoice-in-subject,1,Invoice SH:27943 Re:,quickbooks@notification.intuit.com,Inbox/9 - FORT WORTH ARCHIVE,Entered in AI,Entered in AI,2026-10-06T13:11:41Z,,<ZwGc70ZuT923pubxlLaP5w@geopod-ismtpd-23>,AAMkAGQyODM5ZWI1LTQ0NDAtNDZiOS1hYTIzLTdjOGM3NDRlNjQ4MgBGAAAAAAAggjN_BHG4TI2Iz-JKRqfaBwDXcyWbp23lSoY0i7GBv6N_AACDH-y1AADXcyWbp23lSoY0i7GBv6N_AAOoEFQHAAA=,
N207,Not restored,2026-09-29 10:54,2026-09-29T15:54:37Z,Crosslink Powder Coating,,27944,Inbox,Inbox,Inbox,yes,OK_TO_MOVE,time+sender+invoice-in-subject,1,Invoice SH:27944 Re:,quickbooks@notification.intuit.com,Inbox/9 - FORT WORTH ARCHIVE,Entered in AI,Entered in AI,2026-10-06T13:11:41Z,,<3ZyAAWq4RyefSI4vMA8HaQ@geopod-ismtpd-123>,AAMkAGQyODM5ZWI1LTQ0NDAtNDZiOS1hYTIzLTdjOGM3NDRlNjQ4MgBGAAAAAAAggjN_BHG4TI2Iz-JKRqfaBwDXcyWbp23lSoY0i7GBv6N_AACDH-y1AADXcyWbp23lSoY0i7GBv6N_AAOoEFQIAAA=,
N208,Not restored,2026-09-29 10:54,2026-09-29T15:54:49Z,Crosslink Powder Coating,,27946,Inbox,Inbox,Inbox,yes,OK_TO_MOVE,time+sender+invoice-in-subject,1,Invoice SH:27946 Re:,quickbooks@notification.intuit.com,Inbox/9 - FORT WORTH ARCHIVE,Entered in AI,Entered in AI,2026-10-06T13:11:42Z,,<PgG2YVRRQPeDjTvyAVEy7Q@geopod-ismtpd-125>,AAMkAGQyODM5ZWI1LTQ0NDAtNDZiOS1hYTIzLTdjOGM3NDRlNjQ4MgBGAAAAAAAggjN_BHG4TI2Iz-JKRqfaBwDXcyWbp23lSoY0i7GBv6N_AACDH-y1AADXcyWbp23lSoY0i7GBv6N_AAOoEFQJAAA=,
N209,Not restored,2026-09-29 10:54,2026-09-29T15:54:59Z,Crosslink Powder Coating,,28008,Inbox,Inbox,Inbox,yes,OK_TO_MOVE,time+sender+invoice-in-subject,1,Invoice SH:28008 Re:,quickbooks@notification.intuit.com,Inbox/9 - FORT WORTH ARCHIVE,Entered in AI,Entered in AI,2026-10-06T13:11:42Z,,<mJeMZZ_pR0SEuv7Tqnx2MA@geopod-ismtpd-6>,AAMkAGQyODM5ZWI1LTQ0NDAtNDZiOS1hYTIzLTdjOGM3NDRlNjQ4MgBGAAAAAAAggjN_BHG4TI2Iz-JKRqfaBwDXcyWbp23lSoY0i7GBv6N_AACDH-y1AADXcyWbp23lSoY0i7GBv6N_AAOoEFQKAAA=,
N210,Not restored,2026-09-29 11:26,2026-09-29T16:26:45Z,Telecom Products Inc.,,18528,Inbox,Inbox,Inbox,yes,OK_TO_MOVE,time+invoice-in-subject,1,Invoice - 18528,Accounting@TPITexas.com,Inbox/9 - FORT WORTH ARCHIVE,Entered with issues,Entered with issues,2026-10-06T13:11:43Z,,<MW4PR17MB455391AB0528DA0A47C61132A28C2@MW4PR17MB4553.namprd17.prod.outlook.com>,AAMkAGQyODM5ZWI1LTQ0NDAtNDZiOS1hYTIzLTdjOGM3NDRlNjQ4MgBGAAAAAAAggjN_BHG4TI2Iz-JKRqfaBwDXcyWbp23lSoY0i7GBv6N_AACDH-y1AADXcyWbp23lSoY0i7GBv6N_AAOoEFQLAAA=,
N211,Not restored,2026-09-29 11:27,2026-09-29T16:27:28Z,Telecom Products Inc.,,18529,Inbox,Inbox,Inbox,yes,OK_TO_MOVE,time+invoice-in-subject,1,Invoice - 18529,Accounting@TPITexas.com,Inbox/9 - FORT WORTH ARCHIVE,Entered in AI,Entered in AI,2026-10-06T13:11:43Z,,<MW4PR17MB45534C01938D09246D4DD9BAA28C2@MW4PR17MB4553.namprd17.prod.outlook.com>,AAMkAGQyODM5ZWI1LTQ0NDAtNDZiOS1hYTIzLTdjOGM3NDRlNjQ4MgBGAAAAAAAggjN_BHG4TI2Iz-JKRqfaBwDXcyWbp23lSoY0i7GBv6N_AACDH-y1AADXcyWbp23lSoY0i7GBv6N_AAOoEFQMAAA=,
N212,Not restored,2026-09-29 11:30,2026-09-29T16:30:00Z,Telecom Products Inc.,,18530,Inbox,Inbox,Inbox,yes,OK_TO_MOVE,time+invoice-in-subject,1,Invoice - 18530,Accounting@TPITexas.com,Inbox/9 - FORT WORTH ARCHIVE,Entered with issues,Entered with issues,2026-10-06T13:11:43Z,,<MW4PR17MB45531FD7DF80240915E7361FA28C2@MW4PR17MB4553.namprd17.prod.outlook.com>,AAMkAGQyODM5ZWI1LTQ0NDAtNDZiOS1hYTIzLTdjOGM3NDRlNjQ4MgBGAAAAAAAggjN_BHG4TI2Iz-JKRqfaBwDXcyWbp23lSoY0i7GBv6N_AACDH-y1AADXcyWbp23lSoY0i7GBv6N_AAOoEFQNAAA=,
N213,Not restored,2026-09-29 13:34,2026-09-29T18:34:26Z,Amazon Business,Payment Declined for 114-3164018-7196228,,Inbox,Inbox,Inbox,yes,OK_TO_MOVE,time+subject+sender,1,Payment Declined for 114-3164018-7196228,no-reply@amazon.com,Inbox/9 - FORT WORTH ARCHIVE,AI Skipped 2,AI Skipped 2,2026-10-06T13:13:20Z,,<010001a0ee724269-d15ab64d-df2e-42b9-9080-8659321f4682-000000@email.amazonses.com>,AAMkAGQyODM5ZWI1LTQ0NDAtNDZiOS1hYTIzLTdjOGM3NDRlNjQ4MgBGAAAAAAAggjN_BHG4TI2Iz-JKRqfaBwDXcyWbp23lSoY0i7GBv6N_AACDH-y1AADXcyWbp23lSoY0i7GBv6N_AAOoEFTkAAA=,
N214,Not restored,2026-09-29 14:12,2026-09-29T19:12:15Z,American Quality Powder Coating,,11044,Inbox,Inbox,Inbox,yes,OK_TO_MOVE,time+sender+sender-in-subject+invoice-in-subject,1,New payment request from AMERICAN QUALITY POWDER COATING - invoice 11044,quickbooks@notification.intuit.com,Inbox/9 - FORT WORTH ARCHIVE,Entered with issues,Entered with issues,2026-10-06T13:11:25Z,,<DW8d2bMeQcKqNhY4E71HFA@geopod-ismtpd-5>,AAMkAGQyODM5ZWI1LTQ0NDAtNDZiOS1hYTIzLTdjOGM3NDRlNjQ4MgBGAAAAAAAggjN_BHG4TI2Iz-JKRqfaBwDXcyWbp23lSoY0i7GBv6N_AACDH-y1AADXcyWbp23lSoY0i7GBv6N_AAOoEFQTAAA=,
N215,Not restored,2026-09-29 14:38,2026-09-29T19:38:06Z,American Quality Powder Coating,,11043,Inbox,Inbox,Inbox,yes,OK_TO_MOVE,time+sender+sender-in-subject+invoice-in-subject,1,New payment request from AMERICAN QUALITY POWDER COATING - invoice 11043,quickbooks@notification.intuit.com,Inbox/9 - FORT WORTH ARCHIVE,Entered with issues,Entered with issues,2026-10-06T13:11:25Z,,<uLNRS698RwqTfdNMPW-mOw@geopod-ismtpd-16>,AAMkAGQyODM5ZWI1LTQ0NDAtNDZiOS1hYTIzLTdjOGM3NDRlNjQ4MgBGAAAAAAAggjN_BHG4TI2Iz-JKRqfaBwDXcyWbp23lSoY0i7GBv6N_AACDH-y1AADXcyWbp23lSoY0i7GBv6N_AAOoEFQUAAA=,
N216,Not restored,2026-09-29 14:38,2026-09-29T19:38:22Z,American Quality Powder Coating,,11042,Inbox,Inbox,Inbox,yes,OK_TO_MOVE,time+sender+sender-in-subject+invoice-in-subject,1,New payment request from AMERICAN QUALITY POWDER COATING - invoice 11042,quickbooks@notification.intuit.com,Inbox/9 - FORT WORTH ARCHIVE,Entered with issues,Entered with issues,2026-10-06T13:11:26Z,,<1oBo5SwoQuSHp5HwjsZGwQ@geopod-ismtpd-53>,AAMkAGQyODM5ZWI1LTQ0NDAtNDZiOS1hYTIzLTdjOGM3NDRlNjQ4MgBGAAAAAAAggjN_BHG4TI2Iz-JKRqfaBwDXcyWbp23lSoY0i7GBv6N_AACDH-y1AADXcyWbp23lSoY0i7GBv6N_AAOoEFQVAAA=,
N217,Not restored,2026-09-29 14:38,2026-09-29T19:38:36Z,American Quality Powder Coating,,11041,Inbox,Inbox,Inbox,yes,OK_TO_MOVE,time+sender+sender-in-subject+invoice-in-subject,1,New payment request from AMERICAN QUALITY POWDER COATING - invoice 11041,quickbooks@notification.intuit.com,Inbox/9 - FORT WORTH ARCHIVE,Entered with issues,Entered with issues,2026-10-06T13:11:26Z,,<KgQ0JxfoT4i6wq_3ZEfR5A@geopod-ismtpd-22>,AAMkAGQyODM5ZWI1LTQ0NDAtNDZiOS1hYTIzLTdjOGM3NDRlNjQ4MgBGAAAAAAAggjN_BHG4TI2Iz-JKRqfaBwDXcyWbp23lSoY0i7GBv6N_AACDH-y1AADXcyWbp23lSoY0i7GBv6N_AAOoEFQWAAA=,
N218,Not restored,2026-09-29 15:10,2026-09-29T20:10:49Z,Telecom Products Inc.,,18564,Inbox,Inbox,Inbox,yes,OK_TO_MOVE,time+invoice-in-subject,1,Invoice - 18564,Accounting@TPITexas.com,Inbox/9 - FORT WORTH ARCHIVE,Entered with issues,Entered with issues,2026-10-06T13:11:48Z,,<MW4PR17MB45533F47919B9583E3E930BCA28C2@MW4PR17MB4553.namprd17.prod.outlook.com>,AAMkAGQyODM5ZWI1LTQ0NDAtNDZiOS1hYTIzLTdjOGM3NDRlNjQ4MgBGAAAAAAAggjN_BHG4TI2Iz-JKRqfaBwDXcyWbp23lSoY0i7GBv6N_AACDH-y1AADXcyWbp23lSoY0i7GBv6N_AAOoEFQXAAA=,
N219,Not restored,2026-09-29 15:30,2026-09-29T20:30:27Z,Amazon Business,Payment Declined for 113-1855792-6588254,,Inbox,Inbox,Inbox,yes,OK_TO_MOVE,time+subject+sender,1,Payment Declined for 113-1855792-6588254,no-reply@amazon.com,Inbox/9 - FORT WORTH ARCHIVE,AI Skipped 2,AI Skipped 2,2026-10-06T13:13:20Z,,<010001a0eedc815d-df60e546-b3d9-49c3-9c3f-3520db95abbe-000000@email.amazonses.com>,AAMkAGQyODM5ZWI1LTQ0NDAtNDZiOS1hYTIzLTdjOGM3NDRlNjQ4MgBGAAAAAAAggjN_BHG4TI2Iz-JKRqfaBwDXcyWbp23lSoY0i7GBv6N_AACDH-y1AADXcyWbp23lSoY0i7GBv6N_AAOoEFTlAAA=,
N220,Not restored,2026-09-29 16:56,2026-09-29T21:56:20Z,Xcaliber Industrial LLC,,WB4337861639,Inbox,Inbox,Inbox,yes,OK_TO_MOVE,time+sender+sender-in-subject+invoice-in-subject,1,Invoice WB4337861639 from Xcaliber Industrial LLC,quickbooks@notification.intuit.com,Inbox/9 - FORT WORTH ARCHIVE,Entered with issues,Entered with issues,2026-10-06T13:11:48Z,,<Gnm6t_KfQoCqLt1DANpwFQ@geopod-ismtpd-18>,AAMkAGQyODM5ZWI1LTQ0NDAtNDZiOS1hYTIzLTdjOGM3NDRlNjQ4MgBGAAAAAAAggjN_BHG4TI2Iz-JKRqfaBwDXcyWbp23lSoY0i7GBv6N_AACDH-y1AADXcyWbp23lSoY0i7GBv6N_AAOoEFQZAAA=,
N221,Not restored,2026-09-29 18:20,2026-09-29T23:20:26Z,Willbanks Metals,,216055,Inbox,Inbox,Inbox,yes,OK_TO_MOVE,time+invoice-in-subject,1,Invoice-216055,estevan.uribe@willbanksmetals.com,Inbox/9 - FORT WORTH ARCHIVE,Entered with issues,Entered with issues,2026-10-06T13:11:49Z,,<010001a0ef781f33-f846eee9-7f1f-4b8b-93bf-ace8a48cf017-000000@email.amazonses.com>,AAMkAGQyODM5ZWI1LTQ0NDAtNDZiOS1hYTIzLTdjOGM3NDRlNjQ4MgBGAAAAAAAggjN_BHG4TI2Iz-JKRqfaBwDXcyWbp23lSoY0i7GBv6N_AACDH-y1AADXcyWbp23lSoY0i7GBv6N_AAOoEFQbAAA=,
N222,Not restored,2026-09-29 19:03,2026-09-30T00:03:35Z,Accounting,TPI Customer Statement - KANNON - 8/31/2026 12:00:00 AM,,Inbox,Inbox,Inbox,yes,OK_TO_MOVE,time+subject+sender,1,TPI Customer Statement - KANNON - 8/31/2026 12:00:00 AM,Accounting@TPITexas.com,Inbox/9 - FORT WORTH ARCHIVE,AI Skipped 2,AI Skipped 2,2026-10-06T13:13:21Z,,<MW4PR17MB4553E330A65B06966F62B5DDA28B2@MW4PR17MB4553.namprd17.prod.outlook.com>,AAMkAGQyODM5ZWI1LTQ0NDAtNDZiOS1hYTIzLTdjOGM3NDRlNjQ4MgBGAAAAAAAggjN_BHG4TI2Iz-JKRqfaBwDXcyWbp23lSoY0i7GBv6N_AACDH-y1AADXcyWbp23lSoY0i7GBv6N_AAOoEFTmAAA=,
N223,Not restored,2026-09-29 22:11,2026-09-30T03:11:51Z,Earle M. Jorgensen Co,,T609053432,Inbox,Inbox,Inbox,yes,OK_TO_MOVE,time+sender-in-subject,1,EARLE M. JORGENSEN COMPANY - Invoices for 09/29/26,EMJCreditSouth@emjmetals.com,Inbox/9 - FORT WORTH ARCHIVE,Entered with issues,Entered with issues,2026-10-06T13:11:49Z,,<-1370096848.134008.1790737899390.JavaMail.wasadmin@smtprelay>,AAMkAGQyODM5ZWI1LTQ0NDAtNDZiOS1hYTIzLTdjOGM3NDRlNjQ4MgBGAAAAAAAggjN_BHG4TI2Iz-JKRqfaBwDXcyWbp23lSoY0i7GBv6N_AACDH-y1AADXcyWbp23lSoY0i7GBv6N_AAOoEFQcAAA=,
N224,Not restored,2026-09-29 23:43,2026-09-30T04:43:35Z,"Gas and Supply North Texas, LLC",,0040459813,Inbox,Inbox,Inbox,yes,OK_TO_MOVE,time+sender-in-subject,1,Gas&Supply Invoice/Statement,billing@gasandsupply.com,Inbox/9 - FORT WORTH ARCHIVE,Entered with issues,Entered with issues,2026-10-06T13:11:50Z,,<RMC-LA-BTR-TIM8H2q600000e6e@gasandsupply.com>,AAMkAGQyODM5ZWI1LTQ0NDAtNDZiOS1hYTIzLTdjOGM3NDRlNjQ4MgBGAAAAAAAggjN_BHG4TI2Iz-JKRqfaBwDXcyWbp23lSoY0i7GBv6N_AACDH-y1AADXcyWbp23lSoY0i7GBv6N_AAOoEFQdAAA=,
N225,Not restored,2026-09-30 05:28,2026-09-30T10:28:43Z,Ally Auto,We've received your vehicle payment.,,Inbox,Inbox,Inbox,yes,OK_TO_MOVE,time+subject+sender,1,We've received your vehicle payment.,email@alert.ally.com,Inbox/9 - FORT WORTH ARCHIVE,AI Skipped 2,AI Skipped 2,2026-10-06T13:13:21Z,,<010001a0f1dbcfa5-6c1617b7-a631-4905-a3ab-e3ab48a03ba1-000000@email.amazonses.com>,AAMkAGQyODM5ZWI1LTQ0NDAtNDZiOS1hYTIzLTdjOGM3NDRlNjQ4MgBGAAAAAAAggjN_BHG4TI2Iz-JKRqfaBwDXcyWbp23lSoY0i7GBv6N_AACDH-y1AADXcyWbp23lSoY0i7GBv6N_AAOoEFTnAAA=,
N226,Not restored,2026-09-30 07:57,2026-09-30T12:57:06Z,ar@technitoolinc.com,Invoice S1395419.001   PO# 59299,,Inbox,Inbox,Inbox,yes,OK_TO_MOVE,time+subject+sender,1,Invoice S1395419.001   PO# 59299,ar@technitoolinc.com,Inbox/9 - FORT WORTH ARCHIVE,AI Skipped 2,AI Skipped 2,2026-10-06T13:13:37Z,,<DM6PR17MB3977B401E53548BC21FB037FD18B2@DM6PR17MB3977.namprd17.prod.outlook.com>,AAMkAGQyODM5ZWI1LTQ0NDAtNDZiOS1hYTIzLTdjOGM3NDRlNjQ4MgBGAAAAAAAggjN_BHG4TI2Iz-JKRqfaBwDXcyWbp23lSoY0i7GBv6N_AACDH-y1AADXcyWbp23lSoY0i7GBv6N_AAOoEFToAAA=,
N227,Not restored,2026-09-30 08:51,2026-09-30T13:51:35Z,Amazon Business,Payment Declined for 113-1855792-6588254,,Inbox,Inbox,Inbox,yes,OK_TO_MOVE,time+subject+sender,1,Payment Declined for 113-1855792-6588254,no-reply@amazon.com,Inbox/9 - FORT WORTH ARCHIVE,AI Skipped 2,AI Skipped 2,2026-10-06T13:13:23Z,,<010001a0f295a6f6-51136e96-0e6d-4fcb-8533-f31ebe9a3d88-000000@email.amazonses.com>,AAMkAGQyODM5ZWI1LTQ0NDAtNDZiOS1hYTIzLTdjOGM3NDRlNjQ4MgBGAAAAAAAggjN_BHG4TI2Iz-JKRqfaBwDXcyWbp23lSoY0i7GBv6N_AACDH-y1AADXcyWbp23lSoY0i7GBv6N_AAOoEFTrAAA=,
N228,Not restored,2026-09-30 08:54,2026-09-30T13:54:21Z,Amazon Business,Payment Declined for 114-3164018-7196228,,Inbox,Inbox,Inbox,yes,OK_TO_MOVE,time+subject+sender,1,Payment Declined for 114-3164018-7196228,no-reply@amazon.com,Inbox/9 - FORT WORTH ARCHIVE,AI Skipped 2,AI Skipped 2,2026-10-06T13:13:24Z,,<010001a0f298372f-28ec409d-bd2e-443b-b6bd-26132b27b19f-000000@email.amazonses.com>,AAMkAGQyODM5ZWI1LTQ0NDAtNDZiOS1hYTIzLTdjOGM3NDRlNjQ4MgBGAAAAAAAggjN_BHG4TI2Iz-JKRqfaBwDXcyWbp23lSoY0i7GBv6N_AACDH-y1AADXcyWbp23lSoY0i7GBv6N_AAOoEFTsAAA=,
N229,Not restored,2026-09-30 12:40,2026-09-30T17:40:23Z,Tejas Transportation,,523863,Inbox,Inbox,Inbox,yes,OK_TO_MOVE,time+sender+sender-in-subject+invoice-in-subject,1,New payment request from Tejas Transportation - invoice 523863,quickbooks@notification.intuit.com,Inbox/9 - FORT WORTH ARCHIVE,Entered in AI,Entered in AI,2026-10-06T13:11:52Z,,<FZArKTjBTDWYadQxKnVZoQ@geopod-ismtpd-0>,AAMkAGQyODM5ZWI1LTQ0NDAtNDZiOS1hYTIzLTdjOGM3NDRlNjQ4MgBGAAAAAAAggjN_BHG4TI2Iz-JKRqfaBwDXcyWbp23lSoY0i7GBv6N_AACDH-y1AADXcyWbp23lSoY0i7GBv6N_AAOoEFQhAAA=,
N230,Not restored,2026-09-30 12:43,2026-09-30T17:43:58Z,Misty McCoy,FW: 1000913 KANNON MFG INC.,,Inbox,Inbox,Inbox,yes,OK_TO_MOVE,time+subject+sender,1,FW: 1000913 KANNON MFG INC.,misty.mccoy@kannonmfg.com,Inbox/9 - FORT WORTH ARCHIVE,AI Skipped 2,AI Skipped 2,2026-10-06T13:13:42Z,,<PH3PPFC9225BE9641FCA246CFFD7864E600FD8B2@PH3PPFC9225BE96.namprd15.prod.outlook.com>,AAMkAGQyODM5ZWI1LTQ0NDAtNDZiOS1hYTIzLTdjOGM3NDRlNjQ4MgBGAAAAAAAggjN_BHG4TI2Iz-JKRqfaBwDXcyWbp23lSoY0i7GBv6N_AACDH-y1AADXcyWbp23lSoY0i7GBv6N_AAOoEFTwAAA=,
N231,Not restored,2026-09-30 14:13,2026-09-30T19:13:11Z,American Quality Powder Coating,,11052,Inbox,Inbox,Inbox,yes,OK_TO_MOVE,time+sender+sender-in-subject+invoice-in-subject,1,New payment request from AMERICAN QUALITY POWDER COATING - invoice 11052,quickbooks@notification.intuit.com,Inbox/9 - FORT WORTH ARCHIVE,Entered with issues,Entered with issues,2026-10-06T13:11:32Z,,<aWVWxjWkRxmu_ZsYsAdq_Q@geopod-ismtpd-5>,AAMkAGQyODM5ZWI1LTQ0NDAtNDZiOS1hYTIzLTdjOGM3NDRlNjQ4MgBGAAAAAAAggjN_BHG4TI2Iz-JKRqfaBwDXcyWbp23lSoY0i7GBv6N_AACDH-y1AADXcyWbp23lSoY0i7GBv6N_AAOoEFQjAAA=,
N232,Not restored,2026-09-30 14:13,2026-09-30T19:13:31Z,American Quality Powder Coating,,11051,Inbox,Inbox,Inbox,yes,OK_TO_MOVE,time+sender+sender-in-subject+invoice-in-subject,1,New payment request from AMERICAN QUALITY POWDER COATING - invoice 11051,quickbooks@notification.intuit.com,Inbox/9 - FORT WORTH ARCHIVE,Entered with issues,Entered with issues,2026-10-06T13:11:33Z,,<U1aGv6cjSl2y2XgOZikdDQ@geopod-ismtpd-22>,AAMkAGQyODM5ZWI1LTQ0NDAtNDZiOS1hYTIzLTdjOGM3NDRlNjQ4MgBGAAAAAAAggjN_BHG4TI2Iz-JKRqfaBwDXcyWbp23lSoY0i7GBv6N_AACDH-y1AADXcyWbp23lSoY0i7GBv6N_AAOoEFQkAAA=,
N233,Not restored,2026-09-30 14:13,2026-09-30T19:13:49Z,American Quality Powder Coating,,11050,Inbox,Inbox,Inbox,yes,OK_TO_MOVE,time+sender+sender-in-subject+invoice-in-subject,1,New payment request from AMERICAN QUALITY POWDER COATING - invoice 11050,quickbooks@notification.intuit.com,Inbox/9 - FORT WORTH ARCHIVE,Entered with issues,Entered with issues,2026-10-06T13:11:33Z,,<DPuINiBSR1mfj1goz67alA@geopod-ismtpd-14>,AAMkAGQyODM5ZWI1LTQ0NDAtNDZiOS1hYTIzLTdjOGM3NDRlNjQ4MgBGAAAAAAAggjN_BHG4TI2Iz-JKRqfaBwDXcyWbp23lSoY0i7GBv6N_AACDH-y1AADXcyWbp23lSoY0i7GBv6N_AAOoEFQlAAA=,
N234,Not restored,2026-09-30 14:14,2026-09-30T19:14:12Z,American Quality Powder Coating,,11049,Inbox,Inbox,Inbox,yes,OK_TO_MOVE,time+sender+sender-in-subject+invoice-in-subject,1,New payment request from AMERICAN QUALITY POWDER COATING - invoice 11049,quickbooks@notification.intuit.com,Inbox/9 - FORT WORTH ARCHIVE,Entered with issues,Entered with issues,2026-10-06T13:11:34Z,,<7rMP2BqEQ5-2ZFEESYqYkw@geopod-ismtpd-75>,AAMkAGQyODM5ZWI1LTQ0NDAtNDZiOS1hYTIzLTdjOGM3NDRlNjQ4MgBGAAAAAAAggjN_BHG4TI2Iz-JKRqfaBwDXcyWbp23lSoY0i7GBv6N_AACDH-y1AADXcyWbp23lSoY0i7GBv6N_AAOoEFQmAAA=,
N235,Not restored,2026-09-30 14:14,2026-09-30T19:14:32Z,American Quality Powder Coating,,11047,Inbox,Inbox,Inbox,yes,OK_TO_MOVE,time+sender+sender-in-subject+invoice-in-subject,1,New payment request from AMERICAN QUALITY POWDER COATING - invoice 11047,quickbooks@notification.intuit.com,Inbox/9 - FORT WORTH ARCHIVE,Entered with issues,Entered with issues,2026-10-06T13:11:34Z,,<7L5GSr4PQlu1YQWLQztr4w@geopod-ismtpd-75>,AAMkAGQyODM5ZWI1LTQ0NDAtNDZiOS1hYTIzLTdjOGM3NDRlNjQ4MgBGAAAAAAAggjN_BHG4TI2Iz-JKRqfaBwDXcyWbp23lSoY0i7GBv6N_AACDH-y1AADXcyWbp23lSoY0i7GBv6N_AAOoEFQnAAA=,
N236,Not restored,2026-09-30 14:24,2026-09-30T19:24:02Z,Cynthia Lopez,RE: IPFS Finance Note for Products/Completed Operations-Kannon Manufacturing TXH-F22041- set up Auto Pay correspondence,,Inbox,Inbox,Inbox,yes,OK_TO_MOVE,time+subject+sender,1,RE: IPFS Finance Note for Products/Completed Operations-Kannon Manufacturing TXH-F22041- set up Auto Pay correspondence,CLopez@higginbotham.net,Inbox/AutoPay Archive,AI Skipped,AI Skipped,2026-10-06T13:11:54Z,,<MN2PR12MB40628480406E90EAB952121ABF8B2@MN2PR12MB4062.namprd12.prod.outlook.com>,AAMkAGQyODM5ZWI1LTQ0NDAtNDZiOS1hYTIzLTdjOGM3NDRlNjQ4MgBGAAAAAAAggjN_BHG4TI2Iz-JKRqfaBwDXcyWbp23lSoY0i7GBv6N_AAOkEEAHAADXcyWbp23lSoY0i7GBv6N_AAOoEFdzAAA=,
N237,Not restored,2026-09-30 15:04,2026-09-30T20:04:54Z,Treyce Wegmann,RE: Auto-Email of A/R Statement,,Inbox,Inbox,Inbox,yes,OK_TO_MOVE,time+subject+sender,1,RE: Auto-Email of A/R Statement,[redacted],Inbox/9 - FORT WORTH ARCHIVE,AI Skipped 2,AI Skipped 2,2026-10-06T13:13:26Z,,<FT1PR15MB498002E793650EFCA2FCF52775CE8B2@FT1PR15MB498002.namprd15.prod.outlook.com>,AAMkAGQyODM5ZWI1LTQ0NDAtNDZiOS1hYTIzLTdjOGM3NDRlNjQ4MgBGAAAAAAAggjN_BHG4TI2Iz-JKRqfaBwDXcyWbp23lSoY0i7GBv6N_AACDH-y1AADXcyWbp23lSoY0i7GBv6N_AAOoEFTyAAA=,
N238,Not restored,2026-09-30 18:21,2026-09-30T23:21:09Z,Willbanks Metals,,216127,Inbox,Inbox,Inbox,yes,OK_TO_MOVE,time+invoice-in-subject,1,Invoice-216127,estevan.uribe@willbanksmetals.com,Inbox/9 - FORT WORTH ARCHIVE,Entered with issues,Entered with issues,2026-10-06T13:11:55Z,,<010001a0f49f272d-b159fc63-41ed-4572-9fd0-f2893514d458-000000@email.amazonses.com>,AAMkAGQyODM5ZWI1LTQ0NDAtNDZiOS1hYTIzLTdjOGM3NDRlNjQ4MgBGAAAAAAAggjN_BHG4TI2Iz-JKRqfaBwDXcyWbp23lSoY0i7GBv6N_AACDH-y1AADXcyWbp23lSoY0i7GBv6N_AAOoEFQqAAA=,
N239,Not restored,2026-09-30 18:21,2026-09-30T23:21:10Z,Willbanks Metals,Credit Note-216068,213082,Inbox,Inbox,Inbox,yes,OK_TO_MOVE,time+subject,1,Credit Note-216068,estevan.uribe@willbanksmetals.com,Inbox/9 - FORT WORTH ARCHIVE,Entered in AI,Entered in AI,2026-10-06T13:11:55Z,,<010001a0f49f2572-0226a041-6d37-410b-8e5e-30a59c7566fe-000000@email.amazonses.com>,AAMkAGQyODM5ZWI1LTQ0NDAtNDZiOS1hYTIzLTdjOGM3NDRlNjQ4MgBGAAAAAAAggjN_BHG4TI2Iz-JKRqfaBwDXcyWbp23lSoY0i7GBv6N_AACDH-y1AADXcyWbp23lSoY0i7GBv6N_AAOoEFQrAAA=,
N240,Not restored,2026-09-30 18:55,2026-09-30T23:55:47Z,Kyle Cleaver,Re: IPFS Finance Note for Products/Completed Operations-Kannon Manufacturing TXH-F22041- set up Auto Pay correspondence,,Inbox,Inbox,Inbox,yes,OK_TO_MOVE,time+subject+sender,1,Re: IPFS Finance Note for Products/Completed Operations-Kannon Manufacturing TXH-F22041- set up Auto Pay correspondence,[redacted],Inbox/AutoPay Archive,AI Skipped,AI Skipped,2026-10-06T13:11:37Z,,<DSWPR15MB7088EF16D5AC5552D063D5728D8B2@DSWPR15MB7088.namprd15.prod.outlook.com>,AAMkAGQyODM5ZWI1LTQ0NDAtNDZiOS1hYTIzLTdjOGM3NDRlNjQ4MgBGAAAAAAAggjN_BHG4TI2Iz-JKRqfaBwDXcyWbp23lSoY0i7GBv6N_AAOkEEAHAADXcyWbp23lSoY0i7GBv6N_AAOoEFd0AAA=,
N241,Not restored,2026-09-30 19:37,2026-10-01T00:37:25Z,Priority 1,,18440283,Inbox,Inbox,Inbox,yes,OK_TO_MOVE,time+invoice-in-subject,1,KANNON MANUFACTURING-(230230-P1) Priority1 Invoice 18440283,noreply@priority1.com,Inbox/9 - FORT WORTH ARCHIVE,Entered in AI,Entered in AI,2026-10-06T13:11:56Z,,<zsxdY2dZRgqtva0nGPWcxQ@geopod-ismtpd-16>,AAMkAGQyODM5ZWI1LTQ0NDAtNDZiOS1hYTIzLTdjOGM3NDRlNjQ4MgBGAAAAAAAggjN_BHG4TI2Iz-JKRqfaBwDXcyWbp23lSoY0i7GBv6N_AACDH-y1AADXcyWbp23lSoY0i7GBv6N_AAOoEFQsAAA=,
N242,Not restored,2026-09-30 21:07,2026-10-01T02:07:51Z,Eastern Metal Supply of Texas,,818600,Inbox,Inbox,Inbox,yes,OK_TO_MOVE,time+sender,1,MONTHLY STATEMENT,TXCREDIT@EASTERNMETAL.COM,Inbox/9 - FORT WORTH ARCHIVE,AI Skipped 2,AI Skipped 2,2026-10-06T13:11:56Z,,<20260930.210744.0999-EAKAFUJOOHU@TXFAX.EMS.Inc>,AAMkAGQyODM5ZWI1LTQ0NDAtNDZiOS1hYTIzLTdjOGM3NDRlNjQ4MgBGAAAAAAAggjN_BHG4TI2Iz-JKRqfaBwDXcyWbp23lSoY0i7GBv6N_AACDH-y1AADXcyWbp23lSoY0i7GBv6N_AAOoEFQtAAA=,
N243,Not restored,2026-09-30 22:12,2026-10-01T03:12:01Z,Earle M. Jorgensen Co,,S816901432,Inbox,Inbox,Inbox,yes,OK_TO_MOVE,time+sender-in-subject,1,EARLE M. JORGENSEN COMPANY - Invoices for 09/30/26,EMJCreditSouth@emjmetals.com,Inbox/9 - FORT WORTH ARCHIVE,Entered with issues,Entered with issues,2026-10-06T13:11:57Z,,<-1148154805.193073.1790824313692.JavaMail.wasadmin@smtprelay>,AAMkAGQyODM5ZWI1LTQ0NDAtNDZiOS1hYTIzLTdjOGM3NDRlNjQ4MgBGAAAAAAAggjN_BHG4TI2Iz-JKRqfaBwDXcyWbp23lSoY0i7GBv6N_AACDH-y1AADXcyWbp23lSoY0i7GBv6N_AAOoEFQuAAA=,
