row_id,source_tab,received_ct,received_utc,sender_recorded,subject_recorded,subjects_logged,invoice_recorded,pre_run_folder,pre_run_folder_decoded,pre_run_folder_id,expected_current_folder,expected_current_categories,catchup_category,planned_destination,planned_move,categories_to_remove,restore_action,post_restore_id_hint,pre_run_graph_id,audit_action
U001,Undo plan,2026-09-01 02:26,2026-09-01T07:26:38Z,Accounts Payable,AP run 2026-09-01,AP run 2026-09-01,,Sent Items,Sent Items,AAMkAGQyODM5ZWI1LTQ0NDAtNDZiOS1hYTIzLTdjOGM3NDRlNjQ4MgAuAAAAAAAggjN_BHG4TI2Iz-JKRqfaAQDXcyWbp23lSoY0i7GBv6N_AAAAAAEJAAA=,Inbox,AI Needs Review,AI Skipped 2,Sent Items,yes,AI Needs Review;Entered in AI;AI HOLD;Entered with issues;AI Skipped 2;AI Skipped,move,,AAMkAGQyODM5ZWI1LTQ0NDAtNDZiOS1hYTIzLTdjOGM3NDRlNjQ4MgBGAAAAAAAggjN_BHG4TI2Iz-JKRqfaBwDXcyWbp23lSoY0i7GBv6N_AAAAAAEJAADXcyWbp23lSoY0i7GBv6N_AAOQsIi3AAA=,"Move back to ""Sent Items"". Remove category ""AI Needs Review""."
U002,Undo plan,2026-09-01 02:36,2026-09-01T07:36:14Z,Accounts Payable,AP run 2026-09-01,AP run 2026-09-01,,Sent Items,Sent Items,AAMkAGQyODM5ZWI1LTQ0NDAtNDZiOS1hYTIzLTdjOGM3NDRlNjQ4MgAuAAAAAAAggjN_BHG4TI2Iz-JKRqfaAQDXcyWbp23lSoY0i7GBv6N_AAAAAAEJAAA=,Inbox,AI Needs Review,AI Skipped 2,Sent Items,yes,AI Needs Review;Entered in AI;AI HOLD;Entered with issues;AI Skipped 2;AI Skipped,move,,AAMkAGQyODM5ZWI1LTQ0NDAtNDZiOS1hYTIzLTdjOGM3NDRlNjQ4MgBGAAAAAAAggjN_BHG4TI2Iz-JKRqfaBwDXcyWbp23lSoY0i7GBv6N_AAAAAAEJAADXcyWbp23lSoY0i7GBv6N_AAOQsIi4AAA=,"Move back to ""Sent Items"". Remove category ""AI Needs Review""."
U003,Undo plan,2026-09-01 02:38,2026-09-01T07:38:45Z,Accounts Payable,AP run 2026-09-01,AP run 2026-09-01,,Sent Items,Sent Items,AAMkAGQyODM5ZWI1LTQ0NDAtNDZiOS1hYTIzLTdjOGM3NDRlNjQ4MgAuAAAAAAAggjN_BHG4TI2Iz-JKRqfaAQDXcyWbp23lSoY0i7GBv6N_AAAAAAEJAAA=,Inbox,AI Needs Review,AI Skipped 2,Sent Items,yes,AI Needs Review;Entered in AI;AI HOLD;Entered with issues;AI Skipped 2;AI Skipped,move,,AAMkAGQyODM5ZWI1LTQ0NDAtNDZiOS1hYTIzLTdjOGM3NDRlNjQ4MgBGAAAAAAAggjN_BHG4TI2Iz-JKRqfaBwDXcyWbp23lSoY0i7GBv6N_AAAAAAEJAADXcyWbp23lSoY0i7GBv6N_AAOQsIi5AAA=,"Move back to ""Sent Items"". Remove category ""AI Needs Review""."
U004,Undo plan,2026-09-01 07:27,2026-09-01T12:27:50Z,INVOICE 469908          PO 58467,,,469908,9 - FORT WORTH ARCHIVE,9 - FORT WORTH ARCHIVE,AAMkAGQyODM5ZWI1LTQ0NDAtNDZiOS1hYTIzLTdjOGM3NDRlNjQ4MgAuAAAAAAAggjN_BHG4TI2Iz-JKRqfaAQDXcyWbp23lSoY0i7GBv6N_AACDH-y1AAA=,Inbox,AI Needs Review,AI HOLD,9 - FORT WORTH ARCHIVE,yes,AI Needs Review;Entered in AI;AI HOLD;Entered with issues;AI Skipped 2;AI Skipped,move,,AAMkAGQyODM5ZWI1LTQ0NDAtNDZiOS1hYTIzLTdjOGM3NDRlNjQ4MgBGAAAAAAAggjN_BHG4TI2Iz-JKRqfaBwDXcyWbp23lSoY0i7GBv6N_AACDH-y1AADYQg2wXX_9SqOyqyAymhzKAAKTTHW-AAA=,"Move back to ""9 - FORT WORTH ARCHIVE"". Remove category ""AI Needs Review""."
U005,Undo plan,2026-09-01 08:19,2026-09-01T13:19:00Z,"Stella Source, Inc.",,,0001509,9 - FORT WORTH ARCHIVE,9 - FORT WORTH ARCHIVE,AAMkAGQyODM5ZWI1LTQ0NDAtNDZiOS1hYTIzLTdjOGM3NDRlNjQ4MgAuAAAAAAAggjN_BHG4TI2Iz-JKRqfaAQDXcyWbp23lSoY0i7GBv6N_AACDH-y1AAA=,Inbox,AI Needs Review,AI HOLD,9 - FORT WORTH ARCHIVE,yes,AI Needs Review;Entered in AI;AI HOLD;Entered with issues;AI Skipped 2;AI Skipped,move,,AAMkAGQyODM5ZWI1LTQ0NDAtNDZiOS1hYTIzLTdjOGM3NDRlNjQ4MgBGAAAAAAAggjN_BHG4TI2Iz-JKRqfaBwDXcyWbp23lSoY0i7GBv6N_AACDH-y1AADYQg2wXX_9SqOyqyAymhzKAAKTTHXDAAA=,"Move back to ""9 - FORT WORTH ARCHIVE"". Remove category ""AI Needs Review""."
U006,Undo plan,2026-09-01 08:22,2026-09-01T13:22:55Z,"Amtech Manufacturing, Inc",,,,9 - FORT WORTH ARCHIVE,9 - FORT WORTH ARCHIVE,AAMkAGQyODM5ZWI1LTQ0NDAtNDZiOS1hYTIzLTdjOGM3NDRlNjQ4MgAuAAAAAAAggjN_BHG4TI2Iz-JKRqfaAQDXcyWbp23lSoY0i7GBv6N_AACDH-y1AAA=,Inbox,AI Needs Review,AI HOLD,9 - FORT WORTH ARCHIVE,yes,AI Needs Review;Entered in AI;AI HOLD;Entered with issues;AI Skipped 2;AI Skipped,move,,AAMkAGQyODM5ZWI1LTQ0NDAtNDZiOS1hYTIzLTdjOGM3NDRlNjQ4MgBGAAAAAAAggjN_BHG4TI2Iz-JKRqfaBwDXcyWbp23lSoY0i7GBv6N_AACDH-y1AADYQg2wXX_9SqOyqyAymhzKAAKTTHXEAAA=,"Move back to ""9 - FORT WORTH ARCHIVE"". Remove category ""AI Needs Review""."
U007,Undo plan,2026-09-01 09:26,2026-09-01T14:26:39Z,Treyce Wegmann,RE: PALLETS 8' PO 59073,RE: PALLETS 8' PO 59073,,9 - FORT WORTH ARCHIVE,9 - FORT WORTH ARCHIVE,AAMkAGQyODM5ZWI1LTQ0NDAtNDZiOS1hYTIzLTdjOGM3NDRlNjQ4MgAuAAAAAAAggjN_BHG4TI2Iz-JKRqfaAQDXcyWbp23lSoY0i7GBv6N_AACDH-y1AAA=,Inbox,AI Needs Review,AI Skipped 2,9 - FORT WORTH ARCHIVE,yes,AI Needs Review;Entered in AI;AI HOLD;Entered with issues;AI Skipped 2;AI Skipped,move,,AAMkAGQyODM5ZWI1LTQ0NDAtNDZiOS1hYTIzLTdjOGM3NDRlNjQ4MgBGAAAAAAAggjN_BHG4TI2Iz-JKRqfaBwDXcyWbp23lSoY0i7GBv6N_AACDH-y1AADYQg2wXX_9SqOyqyAymhzKAAKTTHXJAAA=,"Move back to ""9 - FORT WORTH ARCHIVE"". Remove category ""AI Needs Review""."
U008,Undo plan,2026-09-01 09:49,2026-09-01T14:49:18Z,Shawn McKibben,Re: PALLETS 8' PO 59073,Re: PALLETS 8' PO 59073,,9 - FORT WORTH ARCHIVE,9 - FORT WORTH ARCHIVE,AAMkAGQyODM5ZWI1LTQ0NDAtNDZiOS1hYTIzLTdjOGM3NDRlNjQ4MgAuAAAAAAAggjN_BHG4TI2Iz-JKRqfaAQDXcyWbp23lSoY0i7GBv6N_AACDH-y1AAA=,Inbox,AI Needs Review,AI Skipped 2,9 - FORT WORTH ARCHIVE,yes,AI Needs Review;Entered in AI;AI HOLD;Entered with issues;AI Skipped 2;AI Skipped,move,,AAMkAGQyODM5ZWI1LTQ0NDAtNDZiOS1hYTIzLTdjOGM3NDRlNjQ4MgBGAAAAAAAggjN_BHG4TI2Iz-JKRqfaBwDXcyWbp23lSoY0i7GBv6N_AACDH-y1AADYQg2wXX_9SqOyqyAymhzKAAKTTHXKAAA=,"Move back to ""9 - FORT WORTH ARCHIVE"". Remove category ""AI Needs Review""."
U009,Undo plan,2026-09-01 10:00,2026-09-01T15:00:29Z,"Kannon Manufacturning, Inc",,,5158640,9 - FORT WORTH ARCHIVE,9 - FORT WORTH ARCHIVE,AAMkAGQyODM5ZWI1LTQ0NDAtNDZiOS1hYTIzLTdjOGM3NDRlNjQ4MgAuAAAAAAAggjN_BHG4TI2Iz-JKRqfaAQDXcyWbp23lSoY0i7GBv6N_AACDH-y1AAA=,Inbox,AI Needs Review,AI HOLD,9 - FORT WORTH ARCHIVE,yes,AI Needs Review;Entered in AI;AI HOLD;Entered with issues;AI Skipped 2;AI Skipped,move,,AAMkAGQyODM5ZWI1LTQ0NDAtNDZiOS1hYTIzLTdjOGM3NDRlNjQ4MgBGAAAAAAAggjN_BHG4TI2Iz-JKRqfaBwDXcyWbp23lSoY0i7GBv6N_AACDH-y1AADYQg2wXX_9SqOyqyAymhzKAAKTTHXLAAA=,"Move back to ""9 - FORT WORTH ARCHIVE"". Remove category ""AI Needs Review""."
U010,Undo plan,2026-09-01 11:59,2026-09-01T16:59:53Z,Accounts Payable,,,,9 - FORT WORTH ARCHIVE,9 - FORT WORTH ARCHIVE,AAMkAGQyODM5ZWI1LTQ0NDAtNDZiOS1hYTIzLTdjOGM3NDRlNjQ4MgAuAAAAAAAggjN_BHG4TI2Iz-JKRqfaAQDXcyWbp23lSoY0i7GBv6N_AACDH-y1AAA=,Inbox,AI Needs Review,AI HOLD,9 - FORT WORTH ARCHIVE,yes,AI Needs Review;Entered in AI;AI HOLD;Entered with issues;AI Skipped 2;AI Skipped,move,,AAMkAGQyODM5ZWI1LTQ0NDAtNDZiOS1hYTIzLTdjOGM3NDRlNjQ4MgBGAAAAAAAggjN_BHG4TI2Iz-JKRqfaBwDXcyWbp23lSoY0i7GBv6N_AACDH-y1AADYQg2wXX_9SqOyqyAymhzKAAKTTHXQAAA=,"Move back to ""9 - FORT WORTH ARCHIVE"". Remove category ""AI Needs Review""."
U011,Undo plan,2026-09-01 13:09,2026-09-01T18:09:44Z,RE: A. M. Castle & Co. Payment Inquiry: KANNON MFG INC,,,,9 - FORT WORTH ARCHIVE,9 - FORT WORTH ARCHIVE,AAMkAGQyODM5ZWI1LTQ0NDAtNDZiOS1hYTIzLTdjOGM3NDRlNjQ4MgAuAAAAAAAggjN_BHG4TI2Iz-JKRqfaAQDXcyWbp23lSoY0i7GBv6N_AACDH-y1AAA=,Inbox,AI Needs Review,AI HOLD,9 - FORT WORTH ARCHIVE,yes,AI Needs Review;Entered in AI;AI HOLD;Entered with issues;AI Skipped 2;AI Skipped,move,,AAMkAGQyODM5ZWI1LTQ0NDAtNDZiOS1hYTIzLTdjOGM3NDRlNjQ4MgBGAAAAAAAggjN_BHG4TI2Iz-JKRqfaBwDXcyWbp23lSoY0i7GBv6N_AACDH-y1AADYQg2wXX_9SqOyqyAymhzKAAKTTHXTAAA=,"Move back to ""9 - FORT WORTH ARCHIVE"". Remove category ""AI Needs Review""."
U012,Undo plan,2026-09-01 13:15,2026-09-01T18:15:34Z,Christina Gersten,RE: 019586   KANNON MANUFACTURING INC,RE: 019586   KANNON MANUFACTURING INC,,9 - FORT WORTH ARCHIVE,9 - FORT WORTH ARCHIVE,AAMkAGQyODM5ZWI1LTQ0NDAtNDZiOS1hYTIzLTdjOGM3NDRlNjQ4MgAuAAAAAAAggjN_BHG4TI2Iz-JKRqfaAQDXcyWbp23lSoY0i7GBv6N_AACDH-y1AAA=,Inbox,AI Needs Review,AI Skipped 2,9 - FORT WORTH ARCHIVE,yes,AI Needs Review;Entered in AI;AI HOLD;Entered with issues;AI Skipped 2;AI Skipped,move,,AAMkAGQyODM5ZWI1LTQ0NDAtNDZiOS1hYTIzLTdjOGM3NDRlNjQ4MgBGAAAAAAAggjN_BHG4TI2Iz-JKRqfaBwDXcyWbp23lSoY0i7GBv6N_AACDH-y1AADYQg2wXX_9SqOyqyAymhzKAAKTTHXUAAA=,"Move back to ""9 - FORT WORTH ARCHIVE"". Remove category ""AI Needs Review""."
U013,Undo plan,2026-09-01 15:03,2026-09-01T20:03:09Z,Fw: PALLETS 8' PO 59073,,,,9 - FORT WORTH ARCHIVE,9 - FORT WORTH ARCHIVE,AAMkAGQyODM5ZWI1LTQ0NDAtNDZiOS1hYTIzLTdjOGM3NDRlNjQ4MgAuAAAAAAAggjN_BHG4TI2Iz-JKRqfaAQDXcyWbp23lSoY0i7GBv6N_AACDH-y1AAA=,Inbox,AI Needs Review,AI HOLD,9 - FORT WORTH ARCHIVE,yes,AI Needs Review;Entered in AI;AI HOLD;Entered with issues;AI Skipped 2;AI Skipped,move,,AAMkAGQyODM5ZWI1LTQ0NDAtNDZiOS1hYTIzLTdjOGM3NDRlNjQ4MgBGAAAAAAAggjN_BHG4TI2Iz-JKRqfaBwDXcyWbp23lSoY0i7GBv6N_AACDH-y1AADYQg2wXX_9SqOyqyAymhzKAAKTTHXXAAA=,"Move back to ""9 - FORT WORTH ARCHIVE"". Remove category ""AI Needs Review""."
U014,Undo plan,2026-09-01 15:03,2026-09-01T20:03:10Z,Fw: PALLETS 8' PO 59073,,,,9 - FORT WORTH ARCHIVE,9 - FORT WORTH ARCHIVE,AAMkAGQyODM5ZWI1LTQ0NDAtNDZiOS1hYTIzLTdjOGM3NDRlNjQ4MgAuAAAAAAAggjN_BHG4TI2Iz-JKRqfaAQDXcyWbp23lSoY0i7GBv6N_AACDH-y1AAA=,Inbox,AI Needs Review,AI HOLD,9 - FORT WORTH ARCHIVE,yes,AI Needs Review;Entered in AI;AI HOLD;Entered with issues;AI Skipped 2;AI Skipped,move,,AAMkAGQyODM5ZWI1LTQ0NDAtNDZiOS1hYTIzLTdjOGM3NDRlNjQ4MgBGAAAAAAAggjN_BHG4TI2Iz-JKRqfaBwDXcyWbp23lSoY0i7GBv6N_AACDH-y1AADYQg2wXX_9SqOyqyAymhzKAACt_AG0AAA=,"Move back to ""9 - FORT WORTH ARCHIVE"". Remove category ""AI Needs Review""."
U015,Undo plan,2026-09-01 15:18,2026-09-01T20:18:38Z,Jaime Escamilla,,,,9 - FORT WORTH ARCHIVE,9 - FORT WORTH ARCHIVE,AAMkAGQyODM5ZWI1LTQ0NDAtNDZiOS1hYTIzLTdjOGM3NDRlNjQ4MgAuAAAAAAAggjN_BHG4TI2Iz-JKRqfaAQDXcyWbp23lSoY0i7GBv6N_AACDH-y1AAA=,Inbox,AI Needs Review,AI HOLD,9 - FORT WORTH ARCHIVE,yes,AI Needs Review;Entered in AI;AI HOLD;Entered with issues;AI Skipped 2;AI Skipped,move,,AAMkAGQyODM5ZWI1LTQ0NDAtNDZiOS1hYTIzLTdjOGM3NDRlNjQ4MgBGAAAAAAAggjN_BHG4TI2Iz-JKRqfaBwDXcyWbp23lSoY0i7GBv6N_AACDH-y1AADYQg2wXX_9SqOyqyAymhzKAACt_AGzAAA=,"Move back to ""9 - FORT WORTH ARCHIVE"". Remove category ""AI Needs Review""."
U016,Undo plan,2026-09-01 15:38,2026-09-01T20:38:37Z,Exotic Metals,,,,9 - FORT WORTH ARCHIVE,9 - FORT WORTH ARCHIVE,AAMkAGQyODM5ZWI1LTQ0NDAtNDZiOS1hYTIzLTdjOGM3NDRlNjQ4MgAuAAAAAAAggjN_BHG4TI2Iz-JKRqfaAQDXcyWbp23lSoY0i7GBv6N_AACDH-y1AAA=,Inbox,AI Needs Review,AI HOLD,9 - FORT WORTH ARCHIVE,yes,AI Needs Review;Entered in AI;AI HOLD;Entered with issues;AI Skipped 2;AI Skipped,move,,AAMkAGQyODM5ZWI1LTQ0NDAtNDZiOS1hYTIzLTdjOGM3NDRlNjQ4MgBGAAAAAAAggjN_BHG4TI2Iz-JKRqfaBwDXcyWbp23lSoY0i7GBv6N_AACDH-y1AADYQg2wXX_9SqOyqyAymhzKAAKTTHXYAAA=,"Move back to ""9 - FORT WORTH ARCHIVE"". Remove category ""AI Needs Review""."
U017,Undo plan,2026-09-01 17:49,2026-09-01T22:49:53Z,Credit Department,Message from KANNON MFG (1000204758),Message from KANNON MFG (1000204758),,9 - FORT WORTH ARCHIVE,9 - FORT WORTH ARCHIVE,AAMkAGQyODM5ZWI1LTQ0NDAtNDZiOS1hYTIzLTdjOGM3NDRlNjQ4MgAuAAAAAAAggjN_BHG4TI2Iz-JKRqfaAQDXcyWbp23lSoY0i7GBv6N_AACDH-y1AAA=,Inbox,AI Needs Review,AI Skipped 2,9 - FORT WORTH ARCHIVE,yes,AI Needs Review;Entered in AI;AI HOLD;Entered with issues;AI Skipped 2;AI Skipped,move,,AAMkAGQyODM5ZWI1LTQ0NDAtNDZiOS1hYTIzLTdjOGM3NDRlNjQ4MgBGAAAAAAAggjN_BHG4TI2Iz-JKRqfaBwDXcyWbp23lSoY0i7GBv6N_AACDH-y1AADYQg2wXX_9SqOyqyAymhzKAAKTTHXaAAA=,"Move back to ""9 - FORT WORTH ARCHIVE"". Remove category ""AI Needs Review""."
U018,Undo plan,2026-09-01 18:02,2026-09-01T23:02:05Z,RMP Industrial Supply Inc,,,1472380 | 1472396,9 - FORT WORTH ARCHIVE,9 - FORT WORTH ARCHIVE,AAMkAGQyODM5ZWI1LTQ0NDAtNDZiOS1hYTIzLTdjOGM3NDRlNjQ4MgAuAAAAAAAggjN_BHG4TI2Iz-JKRqfaAQDXcyWbp23lSoY0i7GBv6N_AACDH-y1AAA=,Inbox,AI Needs Review,AI HOLD,9 - FORT WORTH ARCHIVE,yes,AI Needs Review;Entered in AI;AI HOLD;Entered with issues;AI Skipped 2;AI Skipped,move,,AAMkAGQyODM5ZWI1LTQ0NDAtNDZiOS1hYTIzLTdjOGM3NDRlNjQ4MgBGAAAAAAAggjN_BHG4TI2Iz-JKRqfaBwDXcyWbp23lSoY0i7GBv6N_AACDH-y1AADYQg2wXX_9SqOyqyAymhzKAAKTTHXbAAA=,"Move back to ""9 - FORT WORTH ARCHIVE"". Remove category ""AI Needs Review""."
U019,Undo plan,2026-09-02 02:20,2026-09-02T07:20:36Z,Accounts Payable,AP run 2026-09-02,AP run 2026-09-02,,Sent Items,Sent Items,AAMkAGQyODM5ZWI1LTQ0NDAtNDZiOS1hYTIzLTdjOGM3NDRlNjQ4MgAuAAAAAAAggjN_BHG4TI2Iz-JKRqfaAQDXcyWbp23lSoY0i7GBv6N_AAAAAAEJAAA=,Inbox,AI Needs Review,AI Skipped 2,Sent Items,yes,AI Needs Review;Entered in AI;AI HOLD;Entered with issues;AI Skipped 2;AI Skipped,move,,AAMkAGQyODM5ZWI1LTQ0NDAtNDZiOS1hYTIzLTdjOGM3NDRlNjQ4MgBGAAAAAAAggjN_BHG4TI2Iz-JKRqfaBwDXcyWbp23lSoY0i7GBv6N_AAAAAAEJAADXcyWbp23lSoY0i7GBv6N_AAOQsIi6AAA=,"Move back to ""Sent Items"". Remove category ""AI Needs Review""."
U020,Undo plan,2026-09-02 02:41,2026-09-02T07:41:01Z,Accounts Payable,AP run 2026-09-02,AP run 2026-09-02,,Sent Items,Sent Items,AAMkAGQyODM5ZWI1LTQ0NDAtNDZiOS1hYTIzLTdjOGM3NDRlNjQ4MgAuAAAAAAAggjN_BHG4TI2Iz-JKRqfaAQDXcyWbp23lSoY0i7GBv6N_AAAAAAEJAAA=,Inbox,AI Needs Review,AI Skipped 2,Sent Items,yes,AI Needs Review;Entered in AI;AI HOLD;Entered with issues;AI Skipped 2;AI Skipped,move,,AAMkAGQyODM5ZWI1LTQ0NDAtNDZiOS1hYTIzLTdjOGM3NDRlNjQ4MgBGAAAAAAAggjN_BHG4TI2Iz-JKRqfaBwDXcyWbp23lSoY0i7GBv6N_AAAAAAEJAADXcyWbp23lSoY0i7GBv6N_AAOQsIi7AAA=,"Move back to ""Sent Items"". Remove category ""AI Needs Review""."
U021,Undo plan,2026-09-02 02:45,2026-09-02T07:45:18Z,Accounts Payable,AP run 2026-09-02,AP run 2026-09-02,,Sent Items,Sent Items,AAMkAGQyODM5ZWI1LTQ0NDAtNDZiOS1hYTIzLTdjOGM3NDRlNjQ4MgAuAAAAAAAggjN_BHG4TI2Iz-JKRqfaAQDXcyWbp23lSoY0i7GBv6N_AAAAAAEJAAA=,Inbox,AI Needs Review,AI Skipped 2,Sent Items,yes,AI Needs Review;Entered in AI;AI HOLD;Entered with issues;AI Skipped 2;AI Skipped,move,,AAMkAGQyODM5ZWI1LTQ0NDAtNDZiOS1hYTIzLTdjOGM3NDRlNjQ4MgBGAAAAAAAggjN_BHG4TI2Iz-JKRqfaBwDXcyWbp23lSoY0i7GBv6N_AAAAAAEJAADXcyWbp23lSoY0i7GBv6N_AAOQsIi8AAA=,"Move back to ""Sent Items"". Remove category ""AI Needs Review""."
U022,Undo plan,2026-09-02 09:18,2026-09-02T14:18:26Z,MSC Industrial Supply,,,75092851,9 - FORT WORTH ARCHIVE,9 - FORT WORTH ARCHIVE,AAMkAGQyODM5ZWI1LTQ0NDAtNDZiOS1hYTIzLTdjOGM3NDRlNjQ4MgAuAAAAAAAggjN_BHG4TI2Iz-JKRqfaAQDXcyWbp23lSoY0i7GBv6N_AACDH-y1AAA=,Inbox,AI Needs Review,AI HOLD,9 - FORT WORTH ARCHIVE,yes,AI Needs Review;Entered in AI;AI HOLD;Entered with issues;AI Skipped 2;AI Skipped,move,,AAMkAGQyODM5ZWI1LTQ0NDAtNDZiOS1hYTIzLTdjOGM3NDRlNjQ4MgBGAAAAAAAggjN_BHG4TI2Iz-JKRqfaBwDXcyWbp23lSoY0i7GBv6N_AACDH-y1AADYQg2wXX_9SqOyqyAymhzKAAKTTHXmAAA=,"Move back to ""9 - FORT WORTH ARCHIVE"". Remove category ""AI Needs Review""."
U023,Undo plan,2026-09-02 10:01,2026-09-02T15:01:00Z,"A-1 Image, Inc.",Labor Day 2026,Labor Day 2026,,9 - FORT WORTH ARCHIVE,9 - FORT WORTH ARCHIVE,AAMkAGQyODM5ZWI1LTQ0NDAtNDZiOS1hYTIzLTdjOGM3NDRlNjQ4MgAuAAAAAAAggjN_BHG4TI2Iz-JKRqfaAQDXcyWbp23lSoY0i7GBv6N_AACDH-y1AAA=,Inbox,AI Needs Review,AI Skipped 2,9 - FORT WORTH ARCHIVE,yes,AI Needs Review;Entered in AI;AI HOLD;Entered with issues;AI Skipped 2;AI Skipped,move,,AAMkAGQyODM5ZWI1LTQ0NDAtNDZiOS1hYTIzLTdjOGM3NDRlNjQ4MgBGAAAAAAAggjN_BHG4TI2Iz-JKRqfaBwDXcyWbp23lSoY0i7GBv6N_AACDH-y1AADYQg2wXX_9SqOyqyAymhzKAAKTTHXoAAA=,"Move back to ""9 - FORT WORTH ARCHIVE"". Remove category ""AI Needs Review""."
U024,Undo plan,2026-09-02 10:19,2026-09-02T15:19:14Z,"Invoice Bill To Kannon Manufacturing, Inc",,,29235,9 - FORT WORTH ARCHIVE,9 - FORT WORTH ARCHIVE,AAMkAGQyODM5ZWI1LTQ0NDAtNDZiOS1hYTIzLTdjOGM3NDRlNjQ4MgAuAAAAAAAggjN_BHG4TI2Iz-JKRqfaAQDXcyWbp23lSoY0i7GBv6N_AACDH-y1AAA=,Inbox,AI Needs Review,AI HOLD,9 - FORT WORTH ARCHIVE,yes,AI Needs Review;Entered in AI;AI HOLD;Entered with issues;AI Skipped 2;AI Skipped,move,,AAMkAGQyODM5ZWI1LTQ0NDAtNDZiOS1hYTIzLTdjOGM3NDRlNjQ4MgBGAAAAAAAggjN_BHG4TI2Iz-JKRqfaBwDXcyWbp23lSoY0i7GBv6N_AACDH-y1AADYQg2wXX_9SqOyqyAymhzKAAKTTHXpAAA=,"Move back to ""9 - FORT WORTH ARCHIVE"". Remove category ""AI Needs Review""."
U025,Undo plan,2026-09-02 10:51,2026-09-02T15:51:49Z,Accounts Payable,RE: Message from KANNON MFG (1000204758),RE: Message from KANNON MFG (1000204758),,9 - FORT WORTH ARCHIVE,9 - FORT WORTH ARCHIVE,AAMkAGQyODM5ZWI1LTQ0NDAtNDZiOS1hYTIzLTdjOGM3NDRlNjQ4MgAuAAAAAAAggjN_BHG4TI2Iz-JKRqfaAQDXcyWbp23lSoY0i7GBv6N_AACDH-y1AAA=,Inbox,AI Needs Review,AI Skipped 2,9 - FORT WORTH ARCHIVE,yes,AI Needs Review;Entered in AI;AI HOLD;Entered with issues;AI Skipped 2;AI Skipped,move,,AAMkAGQyODM5ZWI1LTQ0NDAtNDZiOS1hYTIzLTdjOGM3NDRlNjQ4MgBGAAAAAAAggjN_BHG4TI2Iz-JKRqfaBwDXcyWbp23lSoY0i7GBv6N_AACDH-y1AADYQg2wXX_9SqOyqyAymhzKAAKTTHXrAAA=,"Move back to ""9 - FORT WORTH ARCHIVE"". Remove category ""AI Needs Review""."
U026,Undo plan,2026-09-02 10:52,2026-09-02T15:52:16Z,abel jasso,,,,9 - FORT WORTH ARCHIVE,9 - FORT WORTH ARCHIVE,AAMkAGQyODM5ZWI1LTQ0NDAtNDZiOS1hYTIzLTdjOGM3NDRlNjQ4MgAuAAAAAAAggjN_BHG4TI2Iz-JKRqfaAQDXcyWbp23lSoY0i7GBv6N_AACDH-y1AAA=,Inbox,AI Needs Review,AI HOLD,9 - FORT WORTH ARCHIVE,yes,AI Needs Review;Entered in AI;AI HOLD;Entered with issues;AI Skipped 2;AI Skipped,move,,AAMkAGQyODM5ZWI1LTQ0NDAtNDZiOS1hYTIzLTdjOGM3NDRlNjQ4MgBGAAAAAAAggjN_BHG4TI2Iz-JKRqfaBwDXcyWbp23lSoY0i7GBv6N_AACDH-y1AADYQg2wXX_9SqOyqyAymhzKAAKTTHXsAAA=,"Move back to ""9 - FORT WORTH ARCHIVE"". Remove category ""AI Needs Review""."
U027,Undo plan,2026-09-02 12:36,2026-09-02T17:36:44Z,COFW,,,,9 - FORT WORTH ARCHIVE,9 - FORT WORTH ARCHIVE,AAMkAGQyODM5ZWI1LTQ0NDAtNDZiOS1hYTIzLTdjOGM3NDRlNjQ4MgAuAAAAAAAggjN_BHG4TI2Iz-JKRqfaAQDXcyWbp23lSoY0i7GBv6N_AACDH-y1AAA=,Inbox,AI Needs Review,AI HOLD,9 - FORT WORTH ARCHIVE,yes,AI Needs Review;Entered in AI;AI HOLD;Entered with issues;AI Skipped 2;AI Skipped,move,,AAMkAGQyODM5ZWI1LTQ0NDAtNDZiOS1hYTIzLTdjOGM3NDRlNjQ4MgBGAAAAAAAggjN_BHG4TI2Iz-JKRqfaBwDXcyWbp23lSoY0i7GBv6N_AACDH-y1AADYQg2wXX_9SqOyqyAymhzKAAKTTHXzAAA=,"Move back to ""9 - FORT WORTH ARCHIVE"". Remove category ""AI Needs Review""."
U028,Undo plan,2026-09-02 13:23,2026-09-02T18:23:14Z,Accounts Payable,,,141871,9 - FORT WORTH ARCHIVE,9 - FORT WORTH ARCHIVE,AAMkAGQyODM5ZWI1LTQ0NDAtNDZiOS1hYTIzLTdjOGM3NDRlNjQ4MgAuAAAAAAAggjN_BHG4TI2Iz-JKRqfaAQDXcyWbp23lSoY0i7GBv6N_AACDH-y1AAA=,Inbox,AI Needs Review,AI HOLD,9 - FORT WORTH ARCHIVE,yes,AI Needs Review;Entered in AI;AI HOLD;Entered with issues;AI Skipped 2;AI Skipped,move,,AAMkAGQyODM5ZWI1LTQ0NDAtNDZiOS1hYTIzLTdjOGM3NDRlNjQ4MgBGAAAAAAAggjN_BHG4TI2Iz-JKRqfaBwDXcyWbp23lSoY0i7GBv6N_AACDH-y1AADYQg2wXX_9SqOyqyAymhzKAAKTTHX1AAA=,"Move back to ""9 - FORT WORTH ARCHIVE"". Remove category ""AI Needs Review""."
U029,Undo plan,2026-09-02 13:23,2026-09-02T18:23:19Z,Kyle Cleaver,,,141871,9 - FORT WORTH ARCHIVE,9 - FORT WORTH ARCHIVE,AAMkAGQyODM5ZWI1LTQ0NDAtNDZiOS1hYTIzLTdjOGM3NDRlNjQ4MgAuAAAAAAAggjN_BHG4TI2Iz-JKRqfaAQDXcyWbp23lSoY0i7GBv6N_AACDH-y1AAA=,Inbox,AI Needs Review,AI HOLD,9 - FORT WORTH ARCHIVE,yes,AI Needs Review;Entered in AI;AI HOLD;Entered with issues;AI Skipped 2;AI Skipped,move,,AAMkAGQyODM5ZWI1LTQ0NDAtNDZiOS1hYTIzLTdjOGM3NDRlNjQ4MgBGAAAAAAAggjN_BHG4TI2Iz-JKRqfaBwDXcyWbp23lSoY0i7GBv6N_AACDH-y1AADYQg2wXX_9SqOyqyAymhzKAAKTTHX2AAA=,"Move back to ""9 - FORT WORTH ARCHIVE"". Remove category ""AI Needs Review""."
U030,Undo plan,2026-09-02 13:28,2026-09-02T18:28:02Z,Accounts Payable,,,141873,9 - FORT WORTH ARCHIVE,9 - FORT WORTH ARCHIVE,AAMkAGQyODM5ZWI1LTQ0NDAtNDZiOS1hYTIzLTdjOGM3NDRlNjQ4MgAuAAAAAAAggjN_BHG4TI2Iz-JKRqfaAQDXcyWbp23lSoY0i7GBv6N_AACDH-y1AAA=,Inbox,AI Needs Review,AI HOLD,9 - FORT WORTH ARCHIVE,yes,AI Needs Review;Entered in AI;AI HOLD;Entered with issues;AI Skipped 2;AI Skipped,move,,AAMkAGQyODM5ZWI1LTQ0NDAtNDZiOS1hYTIzLTdjOGM3NDRlNjQ4MgBGAAAAAAAggjN_BHG4TI2Iz-JKRqfaBwDXcyWbp23lSoY0i7GBv6N_AACDH-y1AADYQg2wXX_9SqOyqyAymhzKAAKTTHX3AAA=,"Move back to ""9 - FORT WORTH ARCHIVE"". Remove category ""AI Needs Review""."
U031,Undo plan,2026-09-02 13:47,2026-09-02T18:47:07Z,Chris Vieux,,,141873,9 - FORT WORTH ARCHIVE,9 - FORT WORTH ARCHIVE,AAMkAGQyODM5ZWI1LTQ0NDAtNDZiOS1hYTIzLTdjOGM3NDRlNjQ4MgAuAAAAAAAggjN_BHG4TI2Iz-JKRqfaAQDXcyWbp23lSoY0i7GBv6N_AACDH-y1AAA=,Inbox,AI Needs Review,AI HOLD,9 - FORT WORTH ARCHIVE,yes,AI Needs Review;Entered in AI;AI HOLD;Entered with issues;AI Skipped 2;AI Skipped,move,,AAMkAGQyODM5ZWI1LTQ0NDAtNDZiOS1hYTIzLTdjOGM3NDRlNjQ4MgBGAAAAAAAggjN_BHG4TI2Iz-JKRqfaBwDXcyWbp23lSoY0i7GBv6N_AACDH-y1AADYQg2wXX_9SqOyqyAymhzKAAKTTHX4AAA=,"Move back to ""9 - FORT WORTH ARCHIVE"". Remove category ""AI Needs Review""."
U032,Undo plan,2026-09-02 13:48,2026-09-02T18:48:08Z,Rachel Bailey,,,141871,9 - FORT WORTH ARCHIVE,9 - FORT WORTH ARCHIVE,AAMkAGQyODM5ZWI1LTQ0NDAtNDZiOS1hYTIzLTdjOGM3NDRlNjQ4MgAuAAAAAAAggjN_BHG4TI2Iz-JKRqfaAQDXcyWbp23lSoY0i7GBv6N_AACDH-y1AAA=,Inbox,AI Needs Review,AI HOLD,9 - FORT WORTH ARCHIVE,yes,AI Needs Review;Entered in AI;AI HOLD;Entered with issues;AI Skipped 2;AI Skipped,move,,AAMkAGQyODM5ZWI1LTQ0NDAtNDZiOS1hYTIzLTdjOGM3NDRlNjQ4MgBGAAAAAAAggjN_BHG4TI2Iz-JKRqfaBwDXcyWbp23lSoY0i7GBv6N_AACDH-y1AADYQg2wXX_9SqOyqyAymhzKAAKTTHX5AAA=,"Move back to ""9 - FORT WORTH ARCHIVE"". Remove category ""AI Needs Review""."
U033,Undo plan,2026-09-02 13:58,2026-09-02T18:58:21Z,Rachel Bailey,,,141873,9 - FORT WORTH ARCHIVE,9 - FORT WORTH ARCHIVE,AAMkAGQyODM5ZWI1LTQ0NDAtNDZiOS1hYTIzLTdjOGM3NDRlNjQ4MgAuAAAAAAAggjN_BHG4TI2Iz-JKRqfaAQDXcyWbp23lSoY0i7GBv6N_AACDH-y1AAA=,Inbox,AI Needs Review,AI HOLD,9 - FORT WORTH ARCHIVE,yes,AI Needs Review;Entered in AI;AI HOLD;Entered with issues;AI Skipped 2;AI Skipped,move,,AAMkAGQyODM5ZWI1LTQ0NDAtNDZiOS1hYTIzLTdjOGM3NDRlNjQ4MgBGAAAAAAAggjN_BHG4TI2Iz-JKRqfaBwDXcyWbp23lSoY0i7GBv6N_AACDH-y1AADYQg2wXX_9SqOyqyAymhzKAAKTTHX6AAA=,"Move back to ""9 - FORT WORTH ARCHIVE"". Remove category ""AI Needs Review""."
U034,Undo plan,2026-09-02 14:51,2026-09-02T19:51:15Z,"Steel Inspectors of Texas, Inc.",,,,9 - FORT WORTH ARCHIVE,9 - FORT WORTH ARCHIVE,AAMkAGQyODM5ZWI1LTQ0NDAtNDZiOS1hYTIzLTdjOGM3NDRlNjQ4MgAuAAAAAAAggjN_BHG4TI2Iz-JKRqfaAQDXcyWbp23lSoY0i7GBv6N_AACDH-y1AAA=,Inbox,AI Needs Review,AI HOLD,9 - FORT WORTH ARCHIVE,yes,AI Needs Review;Entered in AI;AI HOLD;Entered with issues;AI Skipped 2;AI Skipped,move,,AAMkAGQyODM5ZWI1LTQ0NDAtNDZiOS1hYTIzLTdjOGM3NDRlNjQ4MgBGAAAAAAAggjN_BHG4TI2Iz-JKRqfaBwDXcyWbp23lSoY0i7GBv6N_AACDH-y1AADYQg2wXX_9SqOyqyAymhzKAAKTTHX8AAA=,"Move back to ""9 - FORT WORTH ARCHIVE"". Remove category ""AI Needs Review""."
U035,Undo plan,2026-09-02 15:43,2026-09-02T20:43:28Z,Credit Department,Message from KANNON MFG (1000204758),Message from KANNON MFG (1000204758),,9 - FORT WORTH ARCHIVE,9 - FORT WORTH ARCHIVE,AAMkAGQyODM5ZWI1LTQ0NDAtNDZiOS1hYTIzLTdjOGM3NDRlNjQ4MgAuAAAAAAAggjN_BHG4TI2Iz-JKRqfaAQDXcyWbp23lSoY0i7GBv6N_AACDH-y1AAA=,Inbox,AI Needs Review,AI Skipped 2,9 - FORT WORTH ARCHIVE,yes,AI Needs Review;Entered in AI;AI HOLD;Entered with issues;AI Skipped 2;AI Skipped,move,,AAMkAGQyODM5ZWI1LTQ0NDAtNDZiOS1hYTIzLTdjOGM3NDRlNjQ4MgBGAAAAAAAggjN_BHG4TI2Iz-JKRqfaBwDXcyWbp23lSoY0i7GBv6N_AACDH-y1AADYQg2wXX_9SqOyqyAymhzKAAKTTHX_AAA=,"Move back to ""9 - FORT WORTH ARCHIVE"". Remove category ""AI Needs Review""."
U036,Undo plan,2026-09-02 15:56,2026-09-02T20:56:01Z,"Steel Inspectors of Texas, Inc.",,,,9 - FORT WORTH ARCHIVE,9 - FORT WORTH ARCHIVE,AAMkAGQyODM5ZWI1LTQ0NDAtNDZiOS1hYTIzLTdjOGM3NDRlNjQ4MgAuAAAAAAAggjN_BHG4TI2Iz-JKRqfaAQDXcyWbp23lSoY0i7GBv6N_AACDH-y1AAA=,Inbox,AI Needs Review,AI HOLD,9 - FORT WORTH ARCHIVE,yes,AI Needs Review;Entered in AI;AI HOLD;Entered with issues;AI Skipped 2;AI Skipped,move,,AAMkAGQyODM5ZWI1LTQ0NDAtNDZiOS1hYTIzLTdjOGM3NDRlNjQ4MgBGAAAAAAAggjN_BHG4TI2Iz-JKRqfaBwDXcyWbp23lSoY0i7GBv6N_AACDH-y1AADYQg2wXX_9SqOyqyAymhzKAAKTTHX-AAA=,"Move back to ""9 - FORT WORTH ARCHIVE"". Remove category ""AI Needs Review""."
U037,Undo plan,2026-09-02 18:01,2026-09-02T23:01:51Z,RMP Industrial Supply Inc,,,1472483,9 - FORT WORTH ARCHIVE,9 - FORT WORTH ARCHIVE,AAMkAGQyODM5ZWI1LTQ0NDAtNDZiOS1hYTIzLTdjOGM3NDRlNjQ4MgAuAAAAAAAggjN_BHG4TI2Iz-JKRqfaAQDXcyWbp23lSoY0i7GBv6N_AACDH-y1AAA=,Inbox,AI Needs Review,AI HOLD,9 - FORT WORTH ARCHIVE,yes,AI Needs Review;Entered in AI;AI HOLD;Entered with issues;AI Skipped 2;AI Skipped,move,,AAMkAGQyODM5ZWI1LTQ0NDAtNDZiOS1hYTIzLTdjOGM3NDRlNjQ4MgBGAAAAAAAggjN_BHG4TI2Iz-JKRqfaBwDXcyWbp23lSoY0i7GBv6N_AACDH-y1AADYQg2wXX_9SqOyqyAymhzKAAKTTHYBAAA=,"Move back to ""9 - FORT WORTH ARCHIVE"". Remove category ""AI Needs Review""."
U038,Undo plan,2026-09-03 08:54,2026-09-03T13:54:08Z,Exotic Metals,,,,9 - FORT WORTH ARCHIVE,9 - FORT WORTH ARCHIVE,AAMkAGQyODM5ZWI1LTQ0NDAtNDZiOS1hYTIzLTdjOGM3NDRlNjQ4MgAuAAAAAAAggjN_BHG4TI2Iz-JKRqfaAQDXcyWbp23lSoY0i7GBv6N_AACDH-y1AAA=,Inbox,AI Needs Review,AI HOLD,9 - FORT WORTH ARCHIVE,yes,AI Needs Review;Entered in AI;AI HOLD;Entered with issues;AI Skipped 2;AI Skipped,move,,AAMkAGQyODM5ZWI1LTQ0NDAtNDZiOS1hYTIzLTdjOGM3NDRlNjQ4MgBGAAAAAAAggjN_BHG4TI2Iz-JKRqfaBwDXcyWbp23lSoY0i7GBv6N_AACDH-y1AADYQg2wXX_9SqOyqyAymhzKAAKTTHYFAAA=,"Move back to ""9 - FORT WORTH ARCHIVE"". Remove category ""AI Needs Review""."
U039,Undo plan,2026-09-03 11:01,2026-09-03T16:01:09Z,INVOICE 470012       PO 58954,,,470012,9 - FORT WORTH ARCHIVE,9 - FORT WORTH ARCHIVE,AAMkAGQyODM5ZWI1LTQ0NDAtNDZiOS1hYTIzLTdjOGM3NDRlNjQ4MgAuAAAAAAAggjN_BHG4TI2Iz-JKRqfaAQDXcyWbp23lSoY0i7GBv6N_AACDH-y1AAA=,Inbox,AI Needs Review,AI HOLD,9 - FORT WORTH ARCHIVE,yes,AI Needs Review;Entered in AI;AI HOLD;Entered with issues;AI Skipped 2;AI Skipped,move,,AAMkAGQyODM5ZWI1LTQ0NDAtNDZiOS1hYTIzLTdjOGM3NDRlNjQ4MgBGAAAAAAAggjN_BHG4TI2Iz-JKRqfaBwDXcyWbp23lSoY0i7GBv6N_AACDH-y1AADYQg2wXX_9SqOyqyAymhzKAAKTTHYIAAA=,"Move back to ""9 - FORT WORTH ARCHIVE"". Remove category ""AI Needs Review""."
U040,Undo plan,2026-09-03 11:03,2026-09-03T16:03:51Z,INVOICE 470020        PO 59007,,,470020,9 - FORT WORTH ARCHIVE,9 - FORT WORTH ARCHIVE,AAMkAGQyODM5ZWI1LTQ0NDAtNDZiOS1hYTIzLTdjOGM3NDRlNjQ4MgAuAAAAAAAggjN_BHG4TI2Iz-JKRqfaAQDXcyWbp23lSoY0i7GBv6N_AACDH-y1AAA=,Inbox,AI Needs Review,AI HOLD,9 - FORT WORTH ARCHIVE,yes,AI Needs Review;Entered in AI;AI HOLD;Entered with issues;AI Skipped 2;AI Skipped,move,,AAMkAGQyODM5ZWI1LTQ0NDAtNDZiOS1hYTIzLTdjOGM3NDRlNjQ4MgBGAAAAAAAggjN_BHG4TI2Iz-JKRqfaBwDXcyWbp23lSoY0i7GBv6N_AACDH-y1AADYQg2wXX_9SqOyqyAymhzKAAKTTHYJAAA=,"Move back to ""9 - FORT WORTH ARCHIVE"". Remove category ""AI Needs Review""."
U041,Undo plan,2026-09-03 13:56,2026-09-03T18:56:08Z,"Luxor Staffing, Inc.",,,2221,9 - FORT WORTH ARCHIVE,9 - FORT WORTH ARCHIVE,AAMkAGQyODM5ZWI1LTQ0NDAtNDZiOS1hYTIzLTdjOGM3NDRlNjQ4MgAuAAAAAAAggjN_BHG4TI2Iz-JKRqfaAQDXcyWbp23lSoY0i7GBv6N_AACDH-y1AAA=,Inbox,AI Needs Review,Entered with issues,9 - FORT WORTH ARCHIVE,yes,AI Needs Review;Entered in AI;AI HOLD;Entered with issues;AI Skipped 2;AI Skipped,move,,AAMkAGQyODM5ZWI1LTQ0NDAtNDZiOS1hYTIzLTdjOGM3NDRlNjQ4MgBGAAAAAAAggjN_BHG4TI2Iz-JKRqfaBwDXcyWbp23lSoY0i7GBv6N_AACDH-y1AADYQg2wXX_9SqOyqyAymhzKAAKTTHYNAAA=,"Move back to ""9 - FORT WORTH ARCHIVE"". Remove category ""AI Needs Review""."
U042,Undo plan,2026-09-03 19:19,2026-09-04T00:19:05Z,UniFirst Corporation,,,2810806458,9 - FORT WORTH ARCHIVE,9 - FORT WORTH ARCHIVE,AAMkAGQyODM5ZWI1LTQ0NDAtNDZiOS1hYTIzLTdjOGM3NDRlNjQ4MgAuAAAAAAAggjN_BHG4TI2Iz-JKRqfaAQDXcyWbp23lSoY0i7GBv6N_AACDH-y1AAA=,Inbox,AI Needs Review,AI HOLD,9 - FORT WORTH ARCHIVE,yes,AI Needs Review;Entered in AI;AI HOLD;Entered with issues;AI Skipped 2;AI Skipped,move,,AAMkAGQyODM5ZWI1LTQ0NDAtNDZiOS1hYTIzLTdjOGM3NDRlNjQ4MgBGAAAAAAAggjN_BHG4TI2Iz-JKRqfaBwDXcyWbp23lSoY0i7GBv6N_AACDH-y1AADYQg2wXX_9SqOyqyAymhzKAAKTTHYWAAA=,"Move back to ""9 - FORT WORTH ARCHIVE"". Remove category ""AI Needs Review""."
U043,Undo plan,2026-09-04 02:27,2026-09-04T07:27:47Z,Accounts Payable,AP run 2026-09-04,AP run 2026-09-04,,Sent Items,Sent Items,AAMkAGQyODM5ZWI1LTQ0NDAtNDZiOS1hYTIzLTdjOGM3NDRlNjQ4MgAuAAAAAAAggjN_BHG4TI2Iz-JKRqfaAQDXcyWbp23lSoY0i7GBv6N_AAAAAAEJAAA=,Inbox,AI Needs Review,AI Skipped 2,Sent Items,yes,AI Needs Review;Entered in AI;AI HOLD;Entered with issues;AI Skipped 2;AI Skipped,move,,AAMkAGQyODM5ZWI1LTQ0NDAtNDZiOS1hYTIzLTdjOGM3NDRlNjQ4MgBGAAAAAAAggjN_BHG4TI2Iz-JKRqfaBwDXcyWbp23lSoY0i7GBv6N_AAAAAAEJAADXcyWbp23lSoY0i7GBv6N_AAOQsIi9AAA=,"Move back to ""Sent Items"". Remove category ""AI Needs Review""."
U044,Undo plan,2026-09-04 02:34,2026-09-04T07:34:41Z,Accounts Payable,AP run 2026-09-04,AP run 2026-09-04,,Sent Items,Sent Items,AAMkAGQyODM5ZWI1LTQ0NDAtNDZiOS1hYTIzLTdjOGM3NDRlNjQ4MgAuAAAAAAAggjN_BHG4TI2Iz-JKRqfaAQDXcyWbp23lSoY0i7GBv6N_AAAAAAEJAAA=,Inbox,AI Needs Review,AI Skipped 2,Sent Items,yes,AI Needs Review;Entered in AI;AI HOLD;Entered with issues;AI Skipped 2;AI Skipped,move,,AAMkAGQyODM5ZWI1LTQ0NDAtNDZiOS1hYTIzLTdjOGM3NDRlNjQ4MgBGAAAAAAAggjN_BHG4TI2Iz-JKRqfaBwDXcyWbp23lSoY0i7GBv6N_AAAAAAEJAADXcyWbp23lSoY0i7GBv6N_AAOQsIi_AAA=,"Move back to ""Sent Items"". Remove category ""AI Needs Review""."
U045,Undo plan,2026-09-04 09:19,2026-09-04T14:19:43Z,Jaqueline Torres,,,,9 - FORT WORTH ARCHIVE,9 - FORT WORTH ARCHIVE,AAMkAGQyODM5ZWI1LTQ0NDAtNDZiOS1hYTIzLTdjOGM3NDRlNjQ4MgAuAAAAAAAggjN_BHG4TI2Iz-JKRqfaAQDXcyWbp23lSoY0i7GBv6N_AACDH-y1AAA=,Inbox,AI Needs Review,AI HOLD,9 - FORT WORTH ARCHIVE,yes,AI Needs Review;Entered in AI;AI HOLD;Entered with issues;AI Skipped 2;AI Skipped,move,,AAMkAGQyODM5ZWI1LTQ0NDAtNDZiOS1hYTIzLTdjOGM3NDRlNjQ4MgBGAAAAAAAggjN_BHG4TI2Iz-JKRqfaBwDXcyWbp23lSoY0i7GBv6N_AACDH-y1AADYQg2wXX_9SqOyqyAymhzKAAKTTHYXAAA=,"Move back to ""9 - FORT WORTH ARCHIVE"". Remove category ""AI Needs Review""."
U046,Undo plan,2026-09-04 13:38,2026-09-04T18:38:48Z,"Meridian Finance, Llc",,,,9 - FORT WORTH ARCHIVE,9 - FORT WORTH ARCHIVE,AAMkAGQyODM5ZWI1LTQ0NDAtNDZiOS1hYTIzLTdjOGM3NDRlNjQ4MgAuAAAAAAAggjN_BHG4TI2Iz-JKRqfaAQDXcyWbp23lSoY0i7GBv6N_AACDH-y1AAA=,Inbox,AI Needs Review,AI HOLD,9 - FORT WORTH ARCHIVE,yes,AI Needs Review;Entered in AI;AI HOLD;Entered with issues;AI Skipped 2;AI Skipped,move,,AAMkAGQyODM5ZWI1LTQ0NDAtNDZiOS1hYTIzLTdjOGM3NDRlNjQ4MgBGAAAAAAAggjN_BHG4TI2Iz-JKRqfaBwDXcyWbp23lSoY0i7GBv6N_AACDH-y1AADYQg2wXX_9SqOyqyAymhzKAAKTTHYcAAA=,"Move back to ""9 - FORT WORTH ARCHIVE"". Remove category ""AI Needs Review""."
U047,Undo plan,2026-09-04 14:01,2026-09-04T19:01:31Z,"Capital Machine Technologies, Inc",,,,9 - FORT WORTH ARCHIVE,9 - FORT WORTH ARCHIVE,AAMkAGQyODM5ZWI1LTQ0NDAtNDZiOS1hYTIzLTdjOGM3NDRlNjQ4MgAuAAAAAAAggjN_BHG4TI2Iz-JKRqfaAQDXcyWbp23lSoY0i7GBv6N_AACDH-y1AAA=,Inbox,AI Needs Review,AI HOLD,9 - FORT WORTH ARCHIVE,yes,AI Needs Review;Entered in AI;AI HOLD;Entered with issues;AI Skipped 2;AI Skipped,move,,AAMkAGQyODM5ZWI1LTQ0NDAtNDZiOS1hYTIzLTdjOGM3NDRlNjQ4MgBGAAAAAAAggjN_BHG4TI2Iz-JKRqfaBwDXcyWbp23lSoY0i7GBv6N_AACDH-y1AADYQg2wXX_9SqOyqyAymhzKAAKTTHYdAAA=,"Move back to ""9 - FORT WORTH ARCHIVE"". Remove category ""AI Needs Review""."
U048,Undo plan,2026-09-04 14:27,2026-09-04T19:27:50Z,Alarm Billing Support,CryWolf False Alarm Case #02584613 has been Closed,CryWolf False Alarm Case #02584613 has been Closed,,9 - FORT WORTH ARCHIVE,9 - FORT WORTH ARCHIVE,AAMkAGQyODM5ZWI1LTQ0NDAtNDZiOS1hYTIzLTdjOGM3NDRlNjQ4MgAuAAAAAAAggjN_BHG4TI2Iz-JKRqfaAQDXcyWbp23lSoY0i7GBv6N_AACDH-y1AAA=,Inbox,AI Needs Review,AI Skipped 2,9 - FORT WORTH ARCHIVE,yes,AI Needs Review;Entered in AI;AI HOLD;Entered with issues;AI Skipped 2;AI Skipped,move,,AAMkAGQyODM5ZWI1LTQ0NDAtNDZiOS1hYTIzLTdjOGM3NDRlNjQ4MgBGAAAAAAAggjN_BHG4TI2Iz-JKRqfaBwDXcyWbp23lSoY0i7GBv6N_AACDH-y1AADYQg2wXX_9SqOyqyAymhzKAAKTTHYfAAA=,"Move back to ""9 - FORT WORTH ARCHIVE"". Remove category ""AI Needs Review""."
U049,Undo plan,2026-09-04 15:02,2026-09-04T20:02:47Z,Kannon inv 120712,,,120712,9 - FORT WORTH ARCHIVE,9 - FORT WORTH ARCHIVE,AAMkAGQyODM5ZWI1LTQ0NDAtNDZiOS1hYTIzLTdjOGM3NDRlNjQ4MgAuAAAAAAAggjN_BHG4TI2Iz-JKRqfaAQDXcyWbp23lSoY0i7GBv6N_AACDH-y1AAA=,Inbox,AI Needs Review,AI HOLD,9 - FORT WORTH ARCHIVE,yes,AI Needs Review;Entered in AI;AI HOLD;Entered with issues;AI Skipped 2;AI Skipped,move,,AAMkAGQyODM5ZWI1LTQ0NDAtNDZiOS1hYTIzLTdjOGM3NDRlNjQ4MgBGAAAAAAAggjN_BHG4TI2Iz-JKRqfaBwDXcyWbp23lSoY0i7GBv6N_AACDH-y1AADYQg2wXX_9SqOyqyAymhzKAAKTTHYgAAA=,"Move back to ""9 - FORT WORTH ARCHIVE"". Remove category ""AI Needs Review""."
U050,Undo plan,2026-09-04 17:46,2026-09-04T22:46:39Z,"Steel Inspectors of Texas, Inc.",,,,Inbox,Inbox,AAMkAGQyODM5ZWI1LTQ0NDAtNDZiOS1hYTIzLTdjOGM3NDRlNjQ4MgAuAAAAAAAggjN_BHG4TI2Iz-JKRqfaAQDXcyWbp23lSoY0i7GBv6N_AAAAAAEMAAA=,Inbox,AI Needs Review,AI HOLD,Inbox,no,AI Needs Review;Entered in AI;AI HOLD;Entered with issues;AI Skipped 2;AI Skipped,move,,AAMkAGQyODM5ZWI1LTQ0NDAtNDZiOS1hYTIzLTdjOGM3NDRlNjQ4MgBGAAAAAAAggjN_BHG4TI2Iz-JKRqfaBwDXcyWbp23lSoY0i7GBv6N_AAAAAAEMAADXcyWbp23lSoY0i7GBv6N_AAOQsGYjAAA=,"Leave in Inbox. Remove category ""AI Needs Review""."
U051,Undo plan,2026-09-05 01:49,2026-09-05T06:49:38Z,"Steel Inspectors of Texas, Inc.",,,,Inbox,Inbox,AAMkAGQyODM5ZWI1LTQ0NDAtNDZiOS1hYTIzLTdjOGM3NDRlNjQ4MgAuAAAAAAAggjN_BHG4TI2Iz-JKRqfaAQDXcyWbp23lSoY0i7GBv6N_AAAAAAEMAAA=,Inbox,AI Needs Review,AI HOLD,Inbox,no,AI Needs Review;Entered in AI;AI HOLD;Entered with issues;AI Skipped 2;AI Skipped,move,,AAMkAGQyODM5ZWI1LTQ0NDAtNDZiOS1hYTIzLTdjOGM3NDRlNjQ4MgBGAAAAAAAggjN_BHG4TI2Iz-JKRqfaBwDXcyWbp23lSoY0i7GBv6N_AAAAAAEMAADXcyWbp23lSoY0i7GBv6N_AAOQsGYrAAA=,"Leave in Inbox. Remove category ""AI Needs Review""."
U052,Undo plan,2026-09-05 01:50,2026-09-05T06:50:00Z,"Steel Inspectors of Texas, Inc.",,,,Inbox,Inbox,AAMkAGQyODM5ZWI1LTQ0NDAtNDZiOS1hYTIzLTdjOGM3NDRlNjQ4MgAuAAAAAAAggjN_BHG4TI2Iz-JKRqfaAQDXcyWbp23lSoY0i7GBv6N_AAAAAAEMAAA=,Inbox,AI Needs Review,AI HOLD,Inbox,no,AI Needs Review;Entered in AI;AI HOLD;Entered with issues;AI Skipped 2;AI Skipped,move,,AAMkAGQyODM5ZWI1LTQ0NDAtNDZiOS1hYTIzLTdjOGM3NDRlNjQ4MgBGAAAAAAAggjN_BHG4TI2Iz-JKRqfaBwDXcyWbp23lSoY0i7GBv6N_AAAAAAEMAADXcyWbp23lSoY0i7GBv6N_AAOQsGYsAAA=,"Leave in Inbox. Remove category ""AI Needs Review""."
U053,Undo plan,2026-09-05 03:51,2026-09-05T08:51:56Z,"Steel Inspectors of Texas, Inc.",,,,Inbox,Inbox,AAMkAGQyODM5ZWI1LTQ0NDAtNDZiOS1hYTIzLTdjOGM3NDRlNjQ4MgAuAAAAAAAggjN_BHG4TI2Iz-JKRqfaAQDXcyWbp23lSoY0i7GBv6N_AAAAAAEMAAA=,Inbox,AI Needs Review,AI HOLD,Inbox,no,AI Needs Review;Entered in AI;AI HOLD;Entered with issues;AI Skipped 2;AI Skipped,move,,AAMkAGQyODM5ZWI1LTQ0NDAtNDZiOS1hYTIzLTdjOGM3NDRlNjQ4MgBGAAAAAAAggjN_BHG4TI2Iz-JKRqfaBwDXcyWbp23lSoY0i7GBv6N_AAAAAAEMAADXcyWbp23lSoY0i7GBv6N_AAOQsGYtAAA=,"Leave in Inbox. Remove category ""AI Needs Review""."
U054,Undo plan,2026-09-07 02:28,2026-09-07T07:28:42Z,Accounts Payable,AP run 2026-09-07,AP run 2026-09-07,,Sent Items,Sent Items,AAMkAGQyODM5ZWI1LTQ0NDAtNDZiOS1hYTIzLTdjOGM3NDRlNjQ4MgAuAAAAAAAggjN_BHG4TI2Iz-JKRqfaAQDXcyWbp23lSoY0i7GBv6N_AAAAAAEJAAA=,Inbox,AI Needs Review,AI Skipped 2,Sent Items,yes,AI Needs Review;Entered in AI;AI HOLD;Entered with issues;AI Skipped 2;AI Skipped,move,,AAMkAGQyODM5ZWI1LTQ0NDAtNDZiOS1hYTIzLTdjOGM3NDRlNjQ4MgBGAAAAAAAggjN_BHG4TI2Iz-JKRqfaBwDXcyWbp23lSoY0i7GBv6N_AAAAAAEJAADXcyWbp23lSoY0i7GBv6N_AAOUBVdBAAA=,"Move back to ""Sent Items"". Remove category ""AI Needs Review""."
U055,Undo plan,2026-09-07 07:58,2026-09-07T12:58:04Z,Amazon Business,Set delivery preferences that fit your business hours,Set delivery preferences that fit your business hours,,Inbox,Inbox,AAMkAGQyODM5ZWI1LTQ0NDAtNDZiOS1hYTIzLTdjOGM3NDRlNjQ4MgAuAAAAAAAggjN_BHG4TI2Iz-JKRqfaAQDXcyWbp23lSoY0i7GBv6N_AAAAAAEMAAA=,Inbox,AI Needs Review,AI Skipped 2,Inbox,no,AI Needs Review;Entered in AI;AI HOLD;Entered with issues;AI Skipped 2;AI Skipped,move,,AAMkAGQyODM5ZWI1LTQ0NDAtNDZiOS1hYTIzLTdjOGM3NDRlNjQ4MgBGAAAAAAAggjN_BHG4TI2Iz-JKRqfaBwDXcyWbp23lSoY0i7GBv6N_AAAAAAEMAADXcyWbp23lSoY0i7GBv6N_AAOUBShZAAA=,"Leave in Inbox. Remove category ""AI Needs Review""."
U056,Undo plan,2026-09-07 11:45,2026-09-07T16:45:07Z,Capital Machine, Is Your Machine a Fit for Our Preventative Maintenance Program?, Is Your Machine a Fit for Our Preventative Maintenance Program?,,Inbox,Inbox,AAMkAGQyODM5ZWI1LTQ0NDAtNDZiOS1hYTIzLTdjOGM3NDRlNjQ4MgAuAAAAAAAggjN_BHG4TI2Iz-JKRqfaAQDXcyWbp23lSoY0i7GBv6N_AAAAAAEMAAA=,Inbox,AI Needs Review,AI Skipped 2,Inbox,no,AI Needs Review;Entered in AI;AI HOLD;Entered with issues;AI Skipped 2;AI Skipped,move,,AAMkAGQyODM5ZWI1LTQ0NDAtNDZiOS1hYTIzLTdjOGM3NDRlNjQ4MgBGAAAAAAAggjN_BHG4TI2Iz-JKRqfaBwDXcyWbp23lSoY0i7GBv6N_AAAAAAEMAADXcyWbp23lSoY0i7GBv6N_AAOUBShaAAA=,"Leave in Inbox. Remove category ""AI Needs Review""."
U057,Undo plan,2026-09-08 02:38,2026-09-08T07:38:02Z,Accounts Payable,AP run 2026-09-08,AP run 2026-09-08,,Sent Items,Sent Items,AAMkAGQyODM5ZWI1LTQ0NDAtNDZiOS1hYTIzLTdjOGM3NDRlNjQ4MgAuAAAAAAAggjN_BHG4TI2Iz-JKRqfaAQDXcyWbp23lSoY0i7GBv6N_AAAAAAEJAAA=,Inbox,AI Needs Review,AI Skipped 2,Sent Items,yes,AI Needs Review;Entered in AI;AI HOLD;Entered with issues;AI Skipped 2;AI Skipped,move,,AAMkAGQyODM5ZWI1LTQ0NDAtNDZiOS1hYTIzLTdjOGM3NDRlNjQ4MgBGAAAAAAAggjN_BHG4TI2Iz-JKRqfaBwDXcyWbp23lSoY0i7GBv6N_AAAAAAEJAADXcyWbp23lSoY0i7GBv6N_AAOVX1oaAAA=,"Move back to ""Sent Items"". Remove category ""AI Needs Review""."
U058,Undo plan,2026-09-08 09:48,2026-09-08T14:48:13Z,Kloeckner Metals Corporation,,,,Inbox,Inbox,AAMkAGQyODM5ZWI1LTQ0NDAtNDZiOS1hYTIzLTdjOGM3NDRlNjQ4MgAuAAAAAAAggjN_BHG4TI2Iz-JKRqfaAQDXcyWbp23lSoY0i7GBv6N_AAAAAAEMAAA=,Inbox,AI Needs Review,AI HOLD,Inbox,no,AI Needs Review;Entered in AI;AI HOLD;Entered with issues;AI Skipped 2;AI Skipped,move,,AAMkAGQyODM5ZWI1LTQ0NDAtNDZiOS1hYTIzLTdjOGM3NDRlNjQ4MgBGAAAAAAAggjN_BHG4TI2Iz-JKRqfaBwDXcyWbp23lSoY0i7GBv6N_AAAAAAEMAADXcyWbp23lSoY0i7GBv6N_AAOVX22pAAA=,"Leave in Inbox. Remove category ""AI Needs Review""."
U059,Undo plan,2026-09-08 10:11,2026-09-08T15:11:31Z,Kyle Cleaver,,,0204730,Inbox,Inbox,AAMkAGQyODM5ZWI1LTQ0NDAtNDZiOS1hYTIzLTdjOGM3NDRlNjQ4MgAuAAAAAAAggjN_BHG4TI2Iz-JKRqfaAQDXcyWbp23lSoY0i7GBv6N_AAAAAAEMAAA=,Inbox,AI Needs Review,AI HOLD,Inbox,no,AI Needs Review;Entered in AI;AI HOLD;Entered with issues;AI Skipped 2;AI Skipped,move,,AAMkAGQyODM5ZWI1LTQ0NDAtNDZiOS1hYTIzLTdjOGM3NDRlNjQ4MgBGAAAAAAAggjN_BHG4TI2Iz-JKRqfaBwDXcyWbp23lSoY0i7GBv6N_AAAAAAEMAADXcyWbp23lSoY0i7GBv6N_AAOVX22rAAA=,"Leave in Inbox. Remove category ""AI Needs Review""."
U060,Undo plan,2026-09-08 11:15,2026-09-08T16:15:07Z,"Meridian Finance, Llc",,,,Inbox,Inbox,AAMkAGQyODM5ZWI1LTQ0NDAtNDZiOS1hYTIzLTdjOGM3NDRlNjQ4MgAuAAAAAAAggjN_BHG4TI2Iz-JKRqfaAQDXcyWbp23lSoY0i7GBv6N_AAAAAAEMAAA=,Inbox,AI Needs Review,AI HOLD,Inbox,no,AI Needs Review;Entered in AI;AI HOLD;Entered with issues;AI Skipped 2;AI Skipped,move,,AAMkAGQyODM5ZWI1LTQ0NDAtNDZiOS1hYTIzLTdjOGM3NDRlNjQ4MgBGAAAAAAAggjN_BHG4TI2Iz-JKRqfaBwDXcyWbp23lSoY0i7GBv6N_AAAAAAEMAADXcyWbp23lSoY0i7GBv6N_AAOVX22yAAA=,"Leave in Inbox. Remove category ""AI Needs Review""."
U061,Undo plan,2026-09-08 11:17,2026-09-08T16:17:02Z,Fw: QU KANNON MANUFACTURING INC (019586),,,,Inbox,Inbox,AAMkAGQyODM5ZWI1LTQ0NDAtNDZiOS1hYTIzLTdjOGM3NDRlNjQ4MgAuAAAAAAAggjN_BHG4TI2Iz-JKRqfaAQDXcyWbp23lSoY0i7GBv6N_AAAAAAEMAAA=,Inbox,AI Needs Review,AI HOLD,Inbox,no,AI Needs Review;Entered in AI;AI HOLD;Entered with issues;AI Skipped 2;AI Skipped,move,,AAMkAGQyODM5ZWI1LTQ0NDAtNDZiOS1hYTIzLTdjOGM3NDRlNjQ4MgBGAAAAAAAggjN_BHG4TI2Iz-JKRqfaBwDXcyWbp23lSoY0i7GBv6N_AAAAAAEMAADXcyWbp23lSoY0i7GBv6N_AAOVX22zAAA=,"Leave in Inbox. Remove category ""AI Needs Review""."
U062,Undo plan,2026-09-08 11:25,2026-09-08T16:25:38Z,Kelcie Alvard,,,,Inbox,Inbox,AAMkAGQyODM5ZWI1LTQ0NDAtNDZiOS1hYTIzLTdjOGM3NDRlNjQ4MgAuAAAAAAAggjN_BHG4TI2Iz-JKRqfaAQDXcyWbp23lSoY0i7GBv6N_AAAAAAEMAAA=,Inbox,AI Needs Review,AI HOLD,Inbox,no,AI Needs Review;Entered in AI;AI HOLD;Entered with issues;AI Skipped 2;AI Skipped,move,,AAMkAGQyODM5ZWI1LTQ0NDAtNDZiOS1hYTIzLTdjOGM3NDRlNjQ4MgBGAAAAAAAggjN_BHG4TI2Iz-JKRqfaBwDXcyWbp23lSoY0i7GBv6N_AAAAAAEMAADXcyWbp23lSoY0i7GBv6N_AAOVX220AAA=,"Leave in Inbox. Remove category ""AI Needs Review""."
U063,Undo plan,2026-09-08 11:49,2026-09-08T16:49:17Z,Greentree Packaging & Lumber,,,,Inbox,Inbox,AAMkAGQyODM5ZWI1LTQ0NDAtNDZiOS1hYTIzLTdjOGM3NDRlNjQ4MgAuAAAAAAAggjN_BHG4TI2Iz-JKRqfaAQDXcyWbp23lSoY0i7GBv6N_AAAAAAEMAAA=,Inbox,AI Needs Review,AI HOLD,Inbox,no,AI Needs Review;Entered in AI;AI HOLD;Entered with issues;AI Skipped 2;AI Skipped,move,,AAMkAGQyODM5ZWI1LTQ0NDAtNDZiOS1hYTIzLTdjOGM3NDRlNjQ4MgBGAAAAAAAggjN_BHG4TI2Iz-JKRqfaBwDXcyWbp23lSoY0i7GBv6N_AAAAAAEMAADXcyWbp23lSoY0i7GBv6N_AAOVX222AAA=,"Leave in Inbox. Remove category ""AI Needs Review""."
U064,Undo plan,2026-09-08 12:49,2026-09-08T17:49:05Z,UniFirst,Limited time: Save 20% on mats & mops,Limited time: Save 20% on mats & mops,,Inbox,Inbox,AAMkAGQyODM5ZWI1LTQ0NDAtNDZiOS1hYTIzLTdjOGM3NDRlNjQ4MgAuAAAAAAAggjN_BHG4TI2Iz-JKRqfaAQDXcyWbp23lSoY0i7GBv6N_AAAAAAEMAAA=,Inbox,AI Needs Review,AI Skipped 2,Inbox,no,AI Needs Review;Entered in AI;AI HOLD;Entered with issues;AI Skipped 2;AI Skipped,move,,AAMkAGQyODM5ZWI1LTQ0NDAtNDZiOS1hYTIzLTdjOGM3NDRlNjQ4MgBGAAAAAAAggjN_BHG4TI2Iz-JKRqfaBwDXcyWbp23lSoY0i7GBv6N_AAAAAAEMAADXcyWbp23lSoY0i7GBv6N_AAOVX224AAA=,"Leave in Inbox. Remove category ""AI Needs Review""."
U065,Undo plan,2026-09-08 20:39,2026-09-09T01:39:25Z,Accounts Payable,,,,Sent Items,Sent Items,AAMkAGQyODM5ZWI1LTQ0NDAtNDZiOS1hYTIzLTdjOGM3NDRlNjQ4MgAuAAAAAAAggjN_BHG4TI2Iz-JKRqfaAQDXcyWbp23lSoY0i7GBv6N_AAAAAAEJAAA=,Inbox,AI Needs Review,AI HOLD,Sent Items,yes,AI Needs Review;Entered in AI;AI HOLD;Entered with issues;AI Skipped 2;AI Skipped,move,,AAMkAGQyODM5ZWI1LTQ0NDAtNDZiOS1hYTIzLTdjOGM3NDRlNjQ4MgBGAAAAAAAggjN_BHG4TI2Iz-JKRqfaBwDXcyWbp23lSoY0i7GBv6N_AAAAAAEJAADXcyWbp23lSoY0i7GBv6N_AAOVX1obAAA=,"Move back to ""Sent Items"". Remove category ""AI Needs Review""."
U066,Undo plan,2026-09-08 20:41,2026-09-09T01:41:46Z,Accounts Payable,,,,Sent Items,Sent Items,AAMkAGQyODM5ZWI1LTQ0NDAtNDZiOS1hYTIzLTdjOGM3NDRlNjQ4MgAuAAAAAAAggjN_BHG4TI2Iz-JKRqfaAQDXcyWbp23lSoY0i7GBv6N_AAAAAAEJAAA=,Inbox,AI Needs Review,AI HOLD,Sent Items,yes,AI Needs Review;Entered in AI;AI HOLD;Entered with issues;AI Skipped 2;AI Skipped,move,,AAMkAGQyODM5ZWI1LTQ0NDAtNDZiOS1hYTIzLTdjOGM3NDRlNjQ4MgBGAAAAAAAggjN_BHG4TI2Iz-JKRqfaBwDXcyWbp23lSoY0i7GBv6N_AAAAAAEJAADXcyWbp23lSoY0i7GBv6N_AAOVX1ocAAA=,"Move back to ""Sent Items"". Remove category ""AI Needs Review""."
U067,Undo plan,2026-09-08 21:09,2026-09-09T02:09:51Z,Accounts Payable,AP dry run 10 — quality V1.1 (API finish),AP dry run 10 — quality V1.1 (API finish),,Sent Items,Sent Items,AAMkAGQyODM5ZWI1LTQ0NDAtNDZiOS1hYTIzLTdjOGM3NDRlNjQ4MgAuAAAAAAAggjN_BHG4TI2Iz-JKRqfaAQDXcyWbp23lSoY0i7GBv6N_AAAAAAEJAAA=,Inbox,AI Needs Review,AI Skipped 2,Sent Items,yes,AI Needs Review;Entered in AI;AI HOLD;Entered with issues;AI Skipped 2;AI Skipped,move,,AAMkAGQyODM5ZWI1LTQ0NDAtNDZiOS1hYTIzLTdjOGM3NDRlNjQ4MgBGAAAAAAAggjN_BHG4TI2Iz-JKRqfaBwDXcyWbp23lSoY0i7GBv6N_AAAAAAEJAADXcyWbp23lSoY0i7GBv6N_AAOVX1odAAA=,"Move back to ""Sent Items"". Remove category ""AI Needs Review""."
U068,Undo plan,2026-09-08 22:52,2026-09-09T03:52:11Z,"BlueTriton Brands, Inc",,,,Inbox,Inbox,AAMkAGQyODM5ZWI1LTQ0NDAtNDZiOS1hYTIzLTdjOGM3NDRlNjQ4MgAuAAAAAAAggjN_BHG4TI2Iz-JKRqfaAQDXcyWbp23lSoY0i7GBv6N_AAAAAAEMAAA=,Inbox,AI Needs Review,AI HOLD,Inbox,no,AI Needs Review;Entered in AI;AI HOLD;Entered with issues;AI Skipped 2;AI Skipped,move,,AAMkAGQyODM5ZWI1LTQ0NDAtNDZiOS1hYTIzLTdjOGM3NDRlNjQ4MgBGAAAAAAAggjN_BHG4TI2Iz-JKRqfaBwDXcyWbp23lSoY0i7GBv6N_AAAAAAEMAADXcyWbp23lSoY0i7GBv6N_AAOVX23IAAA=,"Leave in Inbox. Remove category ""AI Needs Review""."
U069,Undo plan,2026-09-09 10:25,2026-09-09T15:25:09Z,Accounts Payable,,,,Inbox,Inbox,AAMkAGQyODM5ZWI1LTQ0NDAtNDZiOS1hYTIzLTdjOGM3NDRlNjQ4MgAuAAAAAAAggjN_BHG4TI2Iz-JKRqfaAQDXcyWbp23lSoY0i7GBv6N_AAAAAAEMAAA=,Inbox,AI Needs Review,AI HOLD,Inbox,no,AI Needs Review;Entered in AI;AI HOLD;Entered with issues;AI Skipped 2;AI Skipped,move,,AAMkAGQyODM5ZWI1LTQ0NDAtNDZiOS1hYTIzLTdjOGM3NDRlNjQ4MgBGAAAAAAAggjN_BHG4TI2Iz-JKRqfaBwDXcyWbp23lSoY0i7GBv6N_AAAAAAEMAADXcyWbp23lSoY0i7GBv6N_AAOVX23VAAA=,"Leave in Inbox. Remove category ""AI Needs Review""."
U070,Undo plan,2026-09-09 11:04,2026-09-09T16:04:45Z,Lia Byroads,,,,Inbox,Inbox,AAMkAGQyODM5ZWI1LTQ0NDAtNDZiOS1hYTIzLTdjOGM3NDRlNjQ4MgAuAAAAAAAggjN_BHG4TI2Iz-JKRqfaAQDXcyWbp23lSoY0i7GBv6N_AAAAAAEMAAA=,Inbox,AI Needs Review,AI HOLD,Inbox,no,AI Needs Review;Entered in AI;AI HOLD;Entered with issues;AI Skipped 2;AI Skipped,move,,AAMkAGQyODM5ZWI1LTQ0NDAtNDZiOS1hYTIzLTdjOGM3NDRlNjQ4MgBGAAAAAAAggjN_BHG4TI2Iz-JKRqfaBwDXcyWbp23lSoY0i7GBv6N_AAAAAAEMAADXcyWbp23lSoY0i7GBv6N_AAOVX23aAAA=,"Leave in Inbox. Remove category ""AI Needs Review""."
U071,Undo plan,2026-09-09 11:26,2026-09-09T16:26:03Z,"Stella Source, Inc.",,,,Inbox,Inbox,AAMkAGQyODM5ZWI1LTQ0NDAtNDZiOS1hYTIzLTdjOGM3NDRlNjQ4MgAuAAAAAAAggjN_BHG4TI2Iz-JKRqfaAQDXcyWbp23lSoY0i7GBv6N_AAAAAAEMAAA=,Inbox,AI Needs Review,AI HOLD,Inbox,no,AI Needs Review;Entered in AI;AI HOLD;Entered with issues;AI Skipped 2;AI Skipped,move,,AAMkAGQyODM5ZWI1LTQ0NDAtNDZiOS1hYTIzLTdjOGM3NDRlNjQ4MgBGAAAAAAAggjN_BHG4TI2Iz-JKRqfaBwDXcyWbp23lSoY0i7GBv6N_AAAAAAEMAADXcyWbp23lSoY0i7GBv6N_AAOVX23bAAA=,"Leave in Inbox. Remove category ""AI Needs Review""."
U072,Undo plan,2026-09-09 11:26,2026-09-09T16:26:07Z,"Stella Source, Inc.",,,,Inbox,Inbox,AAMkAGQyODM5ZWI1LTQ0NDAtNDZiOS1hYTIzLTdjOGM3NDRlNjQ4MgAuAAAAAAAggjN_BHG4TI2Iz-JKRqfaAQDXcyWbp23lSoY0i7GBv6N_AAAAAAEMAAA=,Inbox,AI Needs Review,AI HOLD,Inbox,no,AI Needs Review;Entered in AI;AI HOLD;Entered with issues;AI Skipped 2;AI Skipped,move,,AAMkAGQyODM5ZWI1LTQ0NDAtNDZiOS1hYTIzLTdjOGM3NDRlNjQ4MgBGAAAAAAAggjN_BHG4TI2Iz-JKRqfaBwDXcyWbp23lSoY0i7GBv6N_AAAAAAEMAADXcyWbp23lSoY0i7GBv6N_AAOVX23cAAA=,"Leave in Inbox. Remove category ""AI Needs Review""."
U073,Undo plan,2026-09-09 11:26,2026-09-09T16:26:10Z,"Stella Source, Inc.",,,,Inbox,Inbox,AAMkAGQyODM5ZWI1LTQ0NDAtNDZiOS1hYTIzLTdjOGM3NDRlNjQ4MgAuAAAAAAAggjN_BHG4TI2Iz-JKRqfaAQDXcyWbp23lSoY0i7GBv6N_AAAAAAEMAAA=,Inbox,AI Needs Review,AI HOLD,Inbox,no,AI Needs Review;Entered in AI;AI HOLD;Entered with issues;AI Skipped 2;AI Skipped,move,,AAMkAGQyODM5ZWI1LTQ0NDAtNDZiOS1hYTIzLTdjOGM3NDRlNjQ4MgBGAAAAAAAggjN_BHG4TI2Iz-JKRqfaBwDXcyWbp23lSoY0i7GBv6N_AAAAAAEMAADXcyWbp23lSoY0i7GBv6N_AAOVX23dAAA=,"Leave in Inbox. Remove category ""AI Needs Review""."
U074,Undo plan,2026-09-09 11:49,2026-09-09T16:49:30Z,Precision Fabrication Services,,,,Inbox,Inbox,AAMkAGQyODM5ZWI1LTQ0NDAtNDZiOS1hYTIzLTdjOGM3NDRlNjQ4MgAuAAAAAAAggjN_BHG4TI2Iz-JKRqfaAQDXcyWbp23lSoY0i7GBv6N_AAAAAAEMAAA=,Inbox,AI Needs Review,AI HOLD,Inbox,no,AI Needs Review;Entered in AI;AI HOLD;Entered with issues;AI Skipped 2;AI Skipped,move,,AAMkAGQyODM5ZWI1LTQ0NDAtNDZiOS1hYTIzLTdjOGM3NDRlNjQ4MgBGAAAAAAAggjN_BHG4TI2Iz-JKRqfaBwDXcyWbp23lSoY0i7GBv6N_AAAAAAEMAADXcyWbp23lSoY0i7GBv6N_AAOVX23jAAA=,"Leave in Inbox. Remove category ""AI Needs Review""."
U075,Undo plan,2026-09-09 11:52,2026-09-09T16:52:44Z,Accounts Payable,,,25641,Inbox,Inbox,AAMkAGQyODM5ZWI1LTQ0NDAtNDZiOS1hYTIzLTdjOGM3NDRlNjQ4MgAuAAAAAAAggjN_BHG4TI2Iz-JKRqfaAQDXcyWbp23lSoY0i7GBv6N_AAAAAAEMAAA=,Inbox,AI Needs Review,AI HOLD,Inbox,no,AI Needs Review;Entered in AI;AI HOLD;Entered with issues;AI Skipped 2;AI Skipped,move,,AAMkAGQyODM5ZWI1LTQ0NDAtNDZiOS1hYTIzLTdjOGM3NDRlNjQ4MgBGAAAAAAAggjN_BHG4TI2Iz-JKRqfaBwDXcyWbp23lSoY0i7GBv6N_AAAAAAEMAADXcyWbp23lSoY0i7GBv6N_AAOVX23kAAA=,"Leave in Inbox. Remove category ""AI Needs Review""."
U076,Undo plan,2026-09-09 12:01,2026-09-09T17:01:05Z,Kyle Cleaver,,,25641,Inbox,Inbox,AAMkAGQyODM5ZWI1LTQ0NDAtNDZiOS1hYTIzLTdjOGM3NDRlNjQ4MgAuAAAAAAAggjN_BHG4TI2Iz-JKRqfaAQDXcyWbp23lSoY0i7GBv6N_AAAAAAEMAAA=,Inbox,AI Needs Review,AI HOLD,Inbox,no,AI Needs Review;Entered in AI;AI HOLD;Entered with issues;AI Skipped 2;AI Skipped,move,,AAMkAGQyODM5ZWI1LTQ0NDAtNDZiOS1hYTIzLTdjOGM3NDRlNjQ4MgBGAAAAAAAggjN_BHG4TI2Iz-JKRqfaBwDXcyWbp23lSoY0i7GBv6N_AAAAAAEMAADXcyWbp23lSoY0i7GBv6N_AAOVX23lAAA=,"Leave in Inbox. Remove category ""AI Needs Review""."
U077,Undo plan,2026-09-09 12:24,2026-09-09T17:24:01Z,Treyce Wegmann,RE: Curbell Plastics Inquiry - Acct #271319 Kannon Manufacturing Inc,RE: Curbell Plastics Inquiry - Acct #271319 Kannon Manufacturing Inc,,Inbox,Inbox,AAMkAGQyODM5ZWI1LTQ0NDAtNDZiOS1hYTIzLTdjOGM3NDRlNjQ4MgAuAAAAAAAggjN_BHG4TI2Iz-JKRqfaAQDXcyWbp23lSoY0i7GBv6N_AAAAAAEMAAA=,Inbox,AI Needs Review,AI Skipped 2,Inbox,no,AI Needs Review;Entered in AI;AI HOLD;Entered with issues;AI Skipped 2;AI Skipped,move,,AAMkAGQyODM5ZWI1LTQ0NDAtNDZiOS1hYTIzLTdjOGM3NDRlNjQ4MgBGAAAAAAAggjN_BHG4TI2Iz-JKRqfaBwDXcyWbp23lSoY0i7GBv6N_AAAAAAEMAADXcyWbp23lSoY0i7GBv6N_AAOVX23oAAA=,"Leave in Inbox. Remove category ""AI Needs Review""."
U078,Undo plan,2026-09-09 12:59,2026-09-09T17:59:38Z,Accounts Payable,,,,Sent Items,Sent Items,AAMkAGQyODM5ZWI1LTQ0NDAtNDZiOS1hYTIzLTdjOGM3NDRlNjQ4MgAuAAAAAAAggjN_BHG4TI2Iz-JKRqfaAQDXcyWbp23lSoY0i7GBv6N_AAAAAAEJAAA=,Inbox,AI Needs Review,AI HOLD,Sent Items,yes,AI Needs Review;Entered in AI;AI HOLD;Entered with issues;AI Skipped 2;AI Skipped,move,,AAMkAGQyODM5ZWI1LTQ0NDAtNDZiOS1hYTIzLTdjOGM3NDRlNjQ4MgBGAAAAAAAggjN_BHG4TI2Iz-JKRqfaBwDXcyWbp23lSoY0i7GBv6N_AAAAAAEJAADXcyWbp23lSoY0i7GBv6N_AAOVX1oeAAA=,"Move back to ""Sent Items"". Remove category ""AI Needs Review""."
U079,Undo plan,2026-09-09 13:09,2026-09-09T18:09:53Z,Safety-Kleen,Claim your $225 fall discount on transmission fluids today!,Claim your $225 fall discount on transmission fluids today!,,Inbox,Inbox,AAMkAGQyODM5ZWI1LTQ0NDAtNDZiOS1hYTIzLTdjOGM3NDRlNjQ4MgAuAAAAAAAggjN_BHG4TI2Iz-JKRqfaAQDXcyWbp23lSoY0i7GBv6N_AAAAAAEMAAA=,Inbox,AI Needs Review,AI Skipped 2,Inbox,no,AI Needs Review;Entered in AI;AI HOLD;Entered with issues;AI Skipped 2;AI Skipped,move,,AAMkAGQyODM5ZWI1LTQ0NDAtNDZiOS1hYTIzLTdjOGM3NDRlNjQ4MgBGAAAAAAAggjN_BHG4TI2Iz-JKRqfaBwDXcyWbp23lSoY0i7GBv6N_AAAAAAEMAADXcyWbp23lSoY0i7GBv6N_AAOVX23pAAA=,"Leave in Inbox. Remove category ""AI Needs Review""."
U080,Undo plan,2026-09-09 15:01,2026-09-09T20:01:59Z,O'Neal Steel,O'Neal Steel Market Informer September 2026,O'Neal Steel Market Informer September 2026,,Inbox,Inbox,AAMkAGQyODM5ZWI1LTQ0NDAtNDZiOS1hYTIzLTdjOGM3NDRlNjQ4MgAuAAAAAAAggjN_BHG4TI2Iz-JKRqfaAQDXcyWbp23lSoY0i7GBv6N_AAAAAAEMAAA=,Inbox,AI Needs Review,AI Skipped 2,Inbox,no,AI Needs Review;Entered in AI;AI HOLD;Entered with issues;AI Skipped 2;AI Skipped,move,,AAMkAGQyODM5ZWI1LTQ0NDAtNDZiOS1hYTIzLTdjOGM3NDRlNjQ4MgBGAAAAAAAggjN_BHG4TI2Iz-JKRqfaBwDXcyWbp23lSoY0i7GBv6N_AAAAAAEMAADXcyWbp23lSoY0i7GBv6N_AAOVX23wAAA=,"Leave in Inbox. Remove category ""AI Needs Review""."
U081,Undo plan,2026-09-09 15:10,2026-09-09T20:10:37Z,Accounts Payable,,,,Sent Items,Sent Items,AAMkAGQyODM5ZWI1LTQ0NDAtNDZiOS1hYTIzLTdjOGM3NDRlNjQ4MgAuAAAAAAAggjN_BHG4TI2Iz-JKRqfaAQDXcyWbp23lSoY0i7GBv6N_AAAAAAEJAAA=,Inbox,AI Needs Review,AI HOLD,Sent Items,yes,AI Needs Review;Entered in AI;AI HOLD;Entered with issues;AI Skipped 2;AI Skipped,move,,AAMkAGQyODM5ZWI1LTQ0NDAtNDZiOS1hYTIzLTdjOGM3NDRlNjQ4MgBGAAAAAAAggjN_BHG4TI2Iz-JKRqfaBwDXcyWbp23lSoY0i7GBv6N_AAAAAAEJAADXcyWbp23lSoY0i7GBv6N_AAOVX1ofAAA=,"Move back to ""Sent Items"". Remove category ""AI Needs Review""."
U082,Undo plan,2026-09-10 06:33,2026-09-10T11:33:19Z,Chris Vieux,,,,Inbox,Inbox,AAMkAGQyODM5ZWI1LTQ0NDAtNDZiOS1hYTIzLTdjOGM3NDRlNjQ4MgAuAAAAAAAggjN_BHG4TI2Iz-JKRqfaAQDXcyWbp23lSoY0i7GBv6N_AAAAAAEMAAA=,Inbox,AI Needs Review,AI HOLD,Inbox,no,AI Needs Review;Entered in AI;AI HOLD;Entered with issues;AI Skipped 2;AI Skipped,move,,AAMkAGQyODM5ZWI1LTQ0NDAtNDZiOS1hYTIzLTdjOGM3NDRlNjQ4MgBGAAAAAAAggjN_BHG4TI2Iz-JKRqfaBwDXcyWbp23lSoY0i7GBv6N_AAAAAAEMAADXcyWbp23lSoY0i7GBv6N_AAOVX238AAA=,"Leave in Inbox. Remove category ""AI Needs Review""."
U083,Undo plan,2026-09-10 08:46,2026-09-10T13:46:02Z,"Manginelli, Mason",,,,Inbox,Inbox,AAMkAGQyODM5ZWI1LTQ0NDAtNDZiOS1hYTIzLTdjOGM3NDRlNjQ4MgAuAAAAAAAggjN_BHG4TI2Iz-JKRqfaAQDXcyWbp23lSoY0i7GBv6N_AAAAAAEMAAA=,Inbox,AI Needs Review,AI HOLD,Inbox,no,AI Needs Review;Entered in AI;AI HOLD;Entered with issues;AI Skipped 2;AI Skipped,move,,AAMkAGQyODM5ZWI1LTQ0NDAtNDZiOS1hYTIzLTdjOGM3NDRlNjQ4MgBGAAAAAAAggjN_BHG4TI2Iz-JKRqfaBwDXcyWbp23lSoY0i7GBv6N_AAAAAAEMAADXcyWbp23lSoY0i7GBv6N_AAOVX23_AAA=,"Leave in Inbox. Remove category ""AI Needs Review""."
U084,Undo plan,2026-09-10 10:01,2026-09-10T15:01:23Z,"A-1 Image, Inc.",HEADS UP!,HEADS UP!,,Inbox,Inbox,AAMkAGQyODM5ZWI1LTQ0NDAtNDZiOS1hYTIzLTdjOGM3NDRlNjQ4MgAuAAAAAAAggjN_BHG4TI2Iz-JKRqfaAQDXcyWbp23lSoY0i7GBv6N_AAAAAAEMAAA=,Inbox,AI Needs Review,AI Skipped 2,Inbox,no,AI Needs Review;Entered in AI;AI HOLD;Entered with issues;AI Skipped 2;AI Skipped,move,,AAMkAGQyODM5ZWI1LTQ0NDAtNDZiOS1hYTIzLTdjOGM3NDRlNjQ4MgBGAAAAAAAggjN_BHG4TI2Iz-JKRqfaBwDXcyWbp23lSoY0i7GBv6N_AAAAAAEMAADXcyWbp23lSoY0i7GBv6N_AAOVX23-AAA=,"Leave in Inbox. Remove category ""AI Needs Review""."
U085,Undo plan,2026-09-10 10:07,2026-09-10T15:07:10Z,Amazon Business,Try Business Prime today,Try Business Prime today,,Inbox,Inbox,AAMkAGQyODM5ZWI1LTQ0NDAtNDZiOS1hYTIzLTdjOGM3NDRlNjQ4MgAuAAAAAAAggjN_BHG4TI2Iz-JKRqfaAQDXcyWbp23lSoY0i7GBv6N_AAAAAAEMAAA=,Inbox,AI Needs Review,AI Skipped 2,Inbox,no,AI Needs Review;Entered in AI;AI HOLD;Entered with issues;AI Skipped 2;AI Skipped,move,,AAMkAGQyODM5ZWI1LTQ0NDAtNDZiOS1hYTIzLTdjOGM3NDRlNjQ4MgBGAAAAAAAggjN_BHG4TI2Iz-JKRqfaBwDXcyWbp23lSoY0i7GBv6N_AAAAAAEMAADXcyWbp23lSoY0i7GBv6N_AAOVX24AAAA=,"Leave in Inbox. Remove category ""AI Needs Review""."
U086,Undo plan,2026-09-10 11:41,2026-09-10T16:41:48Z,Chris Vieux,,,,Inbox,Inbox,AAMkAGQyODM5ZWI1LTQ0NDAtNDZiOS1hYTIzLTdjOGM3NDRlNjQ4MgAuAAAAAAAggjN_BHG4TI2Iz-JKRqfaAQDXcyWbp23lSoY0i7GBv6N_AAAAAAEMAAA=,Inbox,AI Needs Review,AI HOLD,Inbox,no,AI Needs Review;Entered in AI;AI HOLD;Entered with issues;AI Skipped 2;AI Skipped,move,AAMkAGQyODM5ZWI1LTQ0NDAtNDZiOS1hYTIzLTdjOGM3NDRlNjQ4MgBGAAAAAAAggjN_BHG4TI2Iz-JKRqfaBwDXcyWbp23lSoY0i7GBv6N_AAAAAAEMAADXcyWbp23lSoY0i7GBv6N_AAOoEEDeAAA=;AAMkAGQyODM5ZWI1LTQ0NDAtNDZiOS1hYTIzLTdjOGM3NDRlNjQ4MgBGAAAAAAAggjN_BHG4TI2Iz-JKRqfaBwDXcyWbp23lSoY0i7GBv6N_AAAAAAEMAADXcyWbp23lSoY0i7GBv6N_AAOoEEDfAAA=,AAMkAGQyODM5ZWI1LTQ0NDAtNDZiOS1hYTIzLTdjOGM3NDRlNjQ4MgBGAAAAAAAggjN_BHG4TI2Iz-JKRqfaBwDXcyWbp23lSoY0i7GBv6N_AAAAAAEMAADXcyWbp23lSoY0i7GBv6N_AAOVX24DAAA=,"Leave in Inbox. Remove category ""AI Needs Review""."
U087,Undo plan,2026-09-10 11:41,2026-09-10T16:41:48Z,KANNON MFG INV 120778,,,120778,Inbox,Inbox,AAMkAGQyODM5ZWI1LTQ0NDAtNDZiOS1hYTIzLTdjOGM3NDRlNjQ4MgAuAAAAAAAggjN_BHG4TI2Iz-JKRqfaAQDXcyWbp23lSoY0i7GBv6N_AAAAAAEMAAA=,Inbox,AI Needs Review,AI HOLD,Inbox,no,AI Needs Review;Entered in AI;AI HOLD;Entered with issues;AI Skipped 2;AI Skipped,move,AAMkAGQyODM5ZWI1LTQ0NDAtNDZiOS1hYTIzLTdjOGM3NDRlNjQ4MgBGAAAAAAAggjN_BHG4TI2Iz-JKRqfaBwDXcyWbp23lSoY0i7GBv6N_AAAAAAEMAADXcyWbp23lSoY0i7GBv6N_AAOoEEDeAAA=;AAMkAGQyODM5ZWI1LTQ0NDAtNDZiOS1hYTIzLTdjOGM3NDRlNjQ4MgBGAAAAAAAggjN_BHG4TI2Iz-JKRqfaBwDXcyWbp23lSoY0i7GBv6N_AAAAAAEMAADXcyWbp23lSoY0i7GBv6N_AAOoEEDfAAA=,AAMkAGQyODM5ZWI1LTQ0NDAtNDZiOS1hYTIzLTdjOGM3NDRlNjQ4MgBGAAAAAAAggjN_BHG4TI2Iz-JKRqfaBwDXcyWbp23lSoY0i7GBv6N_AAAAAAEMAADXcyWbp23lSoY0i7GBv6N_AAOVX24EAAA=,"Leave in Inbox. Remove category ""AI Needs Review""."
U088,Undo plan,2026-09-10 12:08,2026-09-10T17:08:24Z,LaVanture Products Company,LaVanture Open House 2026,LaVanture Open House 2026,,Inbox,Inbox,AAMkAGQyODM5ZWI1LTQ0NDAtNDZiOS1hYTIzLTdjOGM3NDRlNjQ4MgAuAAAAAAAggjN_BHG4TI2Iz-JKRqfaAQDXcyWbp23lSoY0i7GBv6N_AAAAAAEMAAA=,Inbox,AI Needs Review,AI Skipped 2,Inbox,no,AI Needs Review;Entered in AI;AI HOLD;Entered with issues;AI Skipped 2;AI Skipped,move,,AAMkAGQyODM5ZWI1LTQ0NDAtNDZiOS1hYTIzLTdjOGM3NDRlNjQ4MgBGAAAAAAAggjN_BHG4TI2Iz-JKRqfaBwDXcyWbp23lSoY0i7GBv6N_AAAAAAEMAADXcyWbp23lSoY0i7GBv6N_AAOVX24FAAA=,"Leave in Inbox. Remove category ""AI Needs Review""."
U089,Undo plan,2026-09-10 12:10,2026-09-10T17:10:27Z,"Alternative Machinery Sales, Inc",NOW AVAILABLE: 2006 AMADA FO3015NT (4KW),NOW AVAILABLE: 2006 AMADA FO3015NT (4KW),,Inbox,Inbox,AAMkAGQyODM5ZWI1LTQ0NDAtNDZiOS1hYTIzLTdjOGM3NDRlNjQ4MgAuAAAAAAAggjN_BHG4TI2Iz-JKRqfaAQDXcyWbp23lSoY0i7GBv6N_AAAAAAEMAAA=,Inbox,AI Needs Review,AI Skipped 2,Inbox,no,AI Needs Review;Entered in AI;AI HOLD;Entered with issues;AI Skipped 2;AI Skipped,move,,AAMkAGQyODM5ZWI1LTQ0NDAtNDZiOS1hYTIzLTdjOGM3NDRlNjQ4MgBGAAAAAAAggjN_BHG4TI2Iz-JKRqfaBwDXcyWbp23lSoY0i7GBv6N_AAAAAAEMAADXcyWbp23lSoY0i7GBv6N_AAOVX24GAAA=,"Leave in Inbox. Remove category ""AI Needs Review""."
U090,Undo plan,2026-09-10 12:50,2026-09-10T17:50:11Z,Syspro,"Traild AP for Syspro: less than two weeks to go, 22 September","Traild AP for Syspro: less than two weeks to go, 22 September",,Inbox,Inbox,AAMkAGQyODM5ZWI1LTQ0NDAtNDZiOS1hYTIzLTdjOGM3NDRlNjQ4MgAuAAAAAAAggjN_BHG4TI2Iz-JKRqfaAQDXcyWbp23lSoY0i7GBv6N_AAAAAAEMAAA=,Inbox,AI Needs Review,AI Skipped 2,Inbox,no,AI Needs Review;Entered in AI;AI HOLD;Entered with issues;AI Skipped 2;AI Skipped,move,,AAMkAGQyODM5ZWI1LTQ0NDAtNDZiOS1hYTIzLTdjOGM3NDRlNjQ4MgBGAAAAAAAggjN_BHG4TI2Iz-JKRqfaBwDXcyWbp23lSoY0i7GBv6N_AAAAAAEMAADXcyWbp23lSoY0i7GBv6N_AAOVX24IAAA=,"Leave in Inbox. Remove category ""AI Needs Review""."
U091,Undo plan,2026-09-10 13:14,2026-09-10T18:14:00Z,Shawn McKibben,,,,Inbox,Inbox,AAMkAGQyODM5ZWI1LTQ0NDAtNDZiOS1hYTIzLTdjOGM3NDRlNjQ4MgAuAAAAAAAggjN_BHG4TI2Iz-JKRqfaAQDXcyWbp23lSoY0i7GBv6N_AAAAAAEMAAA=,Inbox,AI Needs Review,AI HOLD,Inbox,no,AI Needs Review;Entered in AI;AI HOLD;Entered with issues;AI Skipped 2;AI Skipped,move,,AAMkAGQyODM5ZWI1LTQ0NDAtNDZiOS1hYTIzLTdjOGM3NDRlNjQ4MgBGAAAAAAAggjN_BHG4TI2Iz-JKRqfaBwDXcyWbp23lSoY0i7GBv6N_AAAAAAEMAADXcyWbp23lSoY0i7GBv6N_AAOVX24KAAA=,"Leave in Inbox. Remove category ""AI Needs Review""."
U092,Undo plan,2026-09-10 13:26,2026-09-10T18:26:08Z,3P,,,76945,9 - FORT WORTH ARCHIVE,9 - FORT WORTH ARCHIVE,AAMkAGQyODM5ZWI1LTQ0NDAtNDZiOS1hYTIzLTdjOGM3NDRlNjQ4MgAuAAAAAAAggjN_BHG4TI2Iz-JKRqfaAQDXcyWbp23lSoY0i7GBv6N_AACDH-y1AAA=,Inbox,AI Needs Review,AI HOLD,9 - FORT WORTH ARCHIVE,yes,AI Needs Review;Entered in AI;AI HOLD;Entered with issues;AI Skipped 2;AI Skipped,move,,AAMkAGQyODM5ZWI1LTQ0NDAtNDZiOS1hYTIzLTdjOGM3NDRlNjQ4MgBGAAAAAAAggjN_BHG4TI2Iz-JKRqfaBwDXcyWbp23lSoY0i7GBv6N_AACDH-y1AADXcyWbp23lSoY0i7GBv6N_AAOgxTEWAAA=,"Move back to ""9 - FORT WORTH ARCHIVE"". Remove category ""AI Needs Review""."
U093,Undo plan,2026-09-10 13:52,2026-09-10T18:52:30Z,Resell CNC,Now Available - Okuma Multus-B300-W Twin-Spindle Turn-Mill,Now Available - Okuma Multus-B300-W Twin-Spindle Turn-Mill,,Inbox,Inbox,AAMkAGQyODM5ZWI1LTQ0NDAtNDZiOS1hYTIzLTdjOGM3NDRlNjQ4MgAuAAAAAAAggjN_BHG4TI2Iz-JKRqfaAQDXcyWbp23lSoY0i7GBv6N_AAAAAAEMAAA=,Inbox,AI Needs Review,AI Skipped 2,Inbox,no,AI Needs Review;Entered in AI;AI HOLD;Entered with issues;AI Skipped 2;AI Skipped,move,,AAMkAGQyODM5ZWI1LTQ0NDAtNDZiOS1hYTIzLTdjOGM3NDRlNjQ4MgBGAAAAAAAggjN_BHG4TI2Iz-JKRqfaBwDXcyWbp23lSoY0i7GBv6N_AAAAAAEMAADXcyWbp23lSoY0i7GBv6N_AAOVX24RAAA=,"Leave in Inbox. Remove category ""AI Needs Review""."
U094,Undo plan,2026-09-10 14:07,2026-09-10T19:07:53Z,Fw: ORDER PENDING PAYMENT STATUS,,,,Inbox,Inbox,AAMkAGQyODM5ZWI1LTQ0NDAtNDZiOS1hYTIzLTdjOGM3NDRlNjQ4MgAuAAAAAAAggjN_BHG4TI2Iz-JKRqfaAQDXcyWbp23lSoY0i7GBv6N_AAAAAAEMAAA=,Inbox,AI Needs Review,AI HOLD,Inbox,no,AI Needs Review;Entered in AI;AI HOLD;Entered with issues;AI Skipped 2;AI Skipped,move,,AAMkAGQyODM5ZWI1LTQ0NDAtNDZiOS1hYTIzLTdjOGM3NDRlNjQ4MgBGAAAAAAAggjN_BHG4TI2Iz-JKRqfaBwDXcyWbp23lSoY0i7GBv6N_AAAAAAEMAADXcyWbp23lSoY0i7GBv6N_AAOVX24TAAA=,"Leave in Inbox. Remove category ""AI Needs Review""."
U095,Undo plan,2026-09-10 14:38,2026-09-10T19:38:36Z,"Luxor Staffing, Inc.",,,,Inbox,Inbox,AAMkAGQyODM5ZWI1LTQ0NDAtNDZiOS1hYTIzLTdjOGM3NDRlNjQ4MgAuAAAAAAAggjN_BHG4TI2Iz-JKRqfaAQDXcyWbp23lSoY0i7GBv6N_AAAAAAEMAAA=,Inbox,AI Needs Review,AI HOLD,Inbox,no,AI Needs Review;Entered in AI;AI HOLD;Entered with issues;AI Skipped 2;AI Skipped,move,,AAMkAGQyODM5ZWI1LTQ0NDAtNDZiOS1hYTIzLTdjOGM3NDRlNjQ4MgBGAAAAAAAggjN_BHG4TI2Iz-JKRqfaBwDXcyWbp23lSoY0i7GBv6N_AAAAAAEMAADXcyWbp23lSoY0i7GBv6N_AAOVX24UAAA=,"Leave in Inbox. Remove category ""AI Needs Review""."
U096,Undo plan,2026-09-11 08:29,2026-09-11T13:29:09Z,Shawn McKibben,Fw: ORDER PENDING PAYMENT STATUS,Fw: ORDER PENDING PAYMENT STATUS,,Inbox,Inbox,AAMkAGQyODM5ZWI1LTQ0NDAtNDZiOS1hYTIzLTdjOGM3NDRlNjQ4MgAuAAAAAAAggjN_BHG4TI2Iz-JKRqfaAQDXcyWbp23lSoY0i7GBv6N_AAAAAAEMAAA=,Inbox,AI Needs Review,AI Skipped 2,Inbox,no,AI Needs Review;Entered in AI;AI HOLD;Entered with issues;AI Skipped 2;AI Skipped,move,,AAMkAGQyODM5ZWI1LTQ0NDAtNDZiOS1hYTIzLTdjOGM3NDRlNjQ4MgBGAAAAAAAggjN_BHG4TI2Iz-JKRqfaBwDXcyWbp23lSoY0i7GBv6N_AAAAAAEMAADXcyWbp23lSoY0i7GBv6N_AAOXNiuMAAA=,"Leave in Inbox. Remove category ""AI Needs Review""."
U097,Undo plan,2026-09-11 08:53,2026-09-11T13:53:58Z,Exotic Metals,,,,Inbox,Inbox,AAMkAGQyODM5ZWI1LTQ0NDAtNDZiOS1hYTIzLTdjOGM3NDRlNjQ4MgAuAAAAAAAggjN_BHG4TI2Iz-JKRqfaAQDXcyWbp23lSoY0i7GBv6N_AAAAAAEMAAA=,Inbox,AI Needs Review,AI HOLD,Inbox,no,AI Needs Review;Entered in AI;AI HOLD;Entered with issues;AI Skipped 2;AI Skipped,move,,AAMkAGQyODM5ZWI1LTQ0NDAtNDZiOS1hYTIzLTdjOGM3NDRlNjQ4MgBGAAAAAAAggjN_BHG4TI2Iz-JKRqfaBwDXcyWbp23lSoY0i7GBv6N_AAAAAAEMAADXcyWbp23lSoY0i7GBv6N_AAOXNiuNAAA=,"Leave in Inbox. Remove category ""AI Needs Review""."
U098,Undo plan,2026-09-11 09:04,2026-09-11T14:04:11Z,"Stella Source, Inc.",,,,Inbox,Inbox,AAMkAGQyODM5ZWI1LTQ0NDAtNDZiOS1hYTIzLTdjOGM3NDRlNjQ4MgAuAAAAAAAggjN_BHG4TI2Iz-JKRqfaAQDXcyWbp23lSoY0i7GBv6N_AAAAAAEMAAA=,Inbox,AI Needs Review,AI HOLD,Inbox,no,AI Needs Review;Entered in AI;AI HOLD;Entered with issues;AI Skipped 2;AI Skipped,move,,AAMkAGQyODM5ZWI1LTQ0NDAtNDZiOS1hYTIzLTdjOGM3NDRlNjQ4MgBGAAAAAAAggjN_BHG4TI2Iz-JKRqfaBwDXcyWbp23lSoY0i7GBv6N_AAAAAAEMAADXcyWbp23lSoY0i7GBv6N_AAOXNiuPAAA=,"Leave in Inbox. Remove category ""AI Needs Review""."
U099,Undo plan,2026-09-11 09:17,2026-09-11T14:17:23Z,"Stella Source, Inc.",,,,Inbox,Inbox,AAMkAGQyODM5ZWI1LTQ0NDAtNDZiOS1hYTIzLTdjOGM3NDRlNjQ4MgAuAAAAAAAggjN_BHG4TI2Iz-JKRqfaAQDXcyWbp23lSoY0i7GBv6N_AAAAAAEMAAA=,Inbox,AI Needs Review,AI HOLD,Inbox,no,AI Needs Review;Entered in AI;AI HOLD;Entered with issues;AI Skipped 2;AI Skipped,move,,AAMkAGQyODM5ZWI1LTQ0NDAtNDZiOS1hYTIzLTdjOGM3NDRlNjQ4MgBGAAAAAAAggjN_BHG4TI2Iz-JKRqfaBwDXcyWbp23lSoY0i7GBv6N_AAAAAAEMAADXcyWbp23lSoY0i7GBv6N_AAOXNiuQAAA=,"Leave in Inbox. Remove category ""AI Needs Review""."
U100,Undo plan,2026-09-11 11:04,2026-09-11T16:04:00Z,MSC Industrial Supply,,,78129701,Inbox,Inbox,AAMkAGQyODM5ZWI1LTQ0NDAtNDZiOS1hYTIzLTdjOGM3NDRlNjQ4MgAuAAAAAAAggjN_BHG4TI2Iz-JKRqfaAQDXcyWbp23lSoY0i7GBv6N_AAAAAAEMAAA=,Inbox,AI Needs Review,AI HOLD,Inbox,no,AI Needs Review;Entered in AI;AI HOLD;Entered with issues;AI Skipped 2;AI Skipped,move,,AAMkAGQyODM5ZWI1LTQ0NDAtNDZiOS1hYTIzLTdjOGM3NDRlNjQ4MgBGAAAAAAAggjN_BHG4TI2Iz-JKRqfaBwDXcyWbp23lSoY0i7GBv6N_AAAAAAEMAADXcyWbp23lSoY0i7GBv6N_AAOXNiuWAAA=,"Leave in Inbox. Remove category ""AI Needs Review""."
U101,Undo plan,2026-09-11 14:12,2026-09-11T19:12:10Z,"Capital Machine Technologies, Inc",,,PS-INV103344,Inbox,Inbox,AAMkAGQyODM5ZWI1LTQ0NDAtNDZiOS1hYTIzLTdjOGM3NDRlNjQ4MgAuAAAAAAAggjN_BHG4TI2Iz-JKRqfaAQDXcyWbp23lSoY0i7GBv6N_AAAAAAEMAAA=,Inbox,AI Needs Review,AI HOLD,Inbox,no,AI Needs Review;Entered in AI;AI HOLD;Entered with issues;AI Skipped 2;AI Skipped,move,,AAMkAGQyODM5ZWI1LTQ0NDAtNDZiOS1hYTIzLTdjOGM3NDRlNjQ4MgBGAAAAAAAggjN_BHG4TI2Iz-JKRqfaBwDXcyWbp23lSoY0i7GBv6N_AAAAAAEMAADXcyWbp23lSoY0i7GBv6N_AAOXNiubAAA=,"Leave in Inbox. Remove category ""AI Needs Review""."
U102,Undo plan,2026-09-11 15:50,2026-09-11T20:50:10Z,Xcaliber Industrial LLC,Invoice WB4337861607 from Xcaliber Industrial LLC,Invoice WB4337861607 from Xcaliber Industrial LLC,WB4337861607,Inbox,Inbox,AAMkAGQyODM5ZWI1LTQ0NDAtNDZiOS1hYTIzLTdjOGM3NDRlNjQ4MgAuAAAAAAAggjN_BHG4TI2Iz-JKRqfaAQDXcyWbp23lSoY0i7GBv6N_AAAAAAEMAAA=,Inbox,AI Needs Review,,Inbox,no,AI Needs Review;Entered in AI;AI HOLD;Entered with issues;AI Skipped 2;AI Skipped,category-only,,AAMkAGQyODM5ZWI1LTQ0NDAtNDZiOS1hYTIzLTdjOGM3NDRlNjQ4MgBGAAAAAAAggjN_BHG4TI2Iz-JKRqfaBwDXcyWbp23lSoY0i7GBv6N_AAAAAAEMAADXcyWbp23lSoY0i7GBv6N_AAOXNiueAAA=,"Leave in Inbox. Remove category ""AI Needs Review""."
U103,Undo plan,2026-09-11 15:59,2026-09-11T20:59:31Z,Xcaliber Industrial LLC,,,WB4337861620,Inbox,Inbox,AAMkAGQyODM5ZWI1LTQ0NDAtNDZiOS1hYTIzLTdjOGM3NDRlNjQ4MgAuAAAAAAAggjN_BHG4TI2Iz-JKRqfaAQDXcyWbp23lSoY0i7GBv6N_AAAAAAEMAAA=,Inbox,AI Needs Review,AI HOLD,Inbox,no,AI Needs Review;Entered in AI;AI HOLD;Entered with issues;AI Skipped 2;AI Skipped,move,,AAMkAGQyODM5ZWI1LTQ0NDAtNDZiOS1hYTIzLTdjOGM3NDRlNjQ4MgBGAAAAAAAggjN_BHG4TI2Iz-JKRqfaBwDXcyWbp23lSoY0i7GBv6N_AAAAAAEMAADXcyWbp23lSoY0i7GBv6N_AAOXNiufAAA=,"Leave in Inbox. Remove category ""AI Needs Review""."
U104,Undo plan,2026-09-12 07:06,2026-09-12T12:06:58Z,ARNotifications@versalift.com,,,,Inbox,Inbox,AAMkAGQyODM5ZWI1LTQ0NDAtNDZiOS1hYTIzLTdjOGM3NDRlNjQ4MgAuAAAAAAAggjN_BHG4TI2Iz-JKRqfaAQDXcyWbp23lSoY0i7GBv6N_AAAAAAEMAAA=,Inbox,AI Needs Review,AI HOLD,Inbox,no,AI Needs Review;Entered in AI;AI HOLD;Entered with issues;AI Skipped 2;AI Skipped,move,,AAMkAGQyODM5ZWI1LTQ0NDAtNDZiOS1hYTIzLTdjOGM3NDRlNjQ4MgBGAAAAAAAggjN_BHG4TI2Iz-JKRqfaBwDXcyWbp23lSoY0i7GBv6N_AAAAAAEMAADXcyWbp23lSoY0i7GBv6N_AAOX-Ds_AAA=,"Leave in Inbox. Remove category ""AI Needs Review""."
U105,Undo plan,2026-09-12 11:32,2026-09-12T16:32:44Z,Primo Brands Customer Experience,Please share your feedback about your delivery - 2 Minutes!,Please share your feedback about your delivery - 2 Minutes!,,Inbox,Inbox,AAMkAGQyODM5ZWI1LTQ0NDAtNDZiOS1hYTIzLTdjOGM3NDRlNjQ4MgAuAAAAAAAggjN_BHG4TI2Iz-JKRqfaAQDXcyWbp23lSoY0i7GBv6N_AAAAAAEMAAA=,Inbox,AI Needs Review,AI Skipped 2,Inbox,no,AI Needs Review;Entered in AI;AI HOLD;Entered with issues;AI Skipped 2;AI Skipped,move,,AAMkAGQyODM5ZWI1LTQ0NDAtNDZiOS1hYTIzLTdjOGM3NDRlNjQ4MgBGAAAAAAAggjN_BHG4TI2Iz-JKRqfaBwDXcyWbp23lSoY0i7GBv6N_AAAAAAEMAADXcyWbp23lSoY0i7GBv6N_AAOX-Ds-AAA=,"Leave in Inbox. Remove category ""AI Needs Review""."
U106,Undo plan,2026-09-12 12:20,2026-09-12T17:20:37Z,"Farley Rd. Amtech Manufacturingkannon Menufacturing, Inc",,,1557568,Inbox,Inbox,AAMkAGQyODM5ZWI1LTQ0NDAtNDZiOS1hYTIzLTdjOGM3NDRlNjQ4MgAuAAAAAAAggjN_BHG4TI2Iz-JKRqfaAQDXcyWbp23lSoY0i7GBv6N_AAAAAAEMAAA=,Inbox,AI Needs Review,AI HOLD,Inbox,no,AI Needs Review;Entered in AI;AI HOLD;Entered with issues;AI Skipped 2;AI Skipped,move,,AAMkAGQyODM5ZWI1LTQ0NDAtNDZiOS1hYTIzLTdjOGM3NDRlNjQ4MgBGAAAAAAAggjN_BHG4TI2Iz-JKRqfaBwDXcyWbp23lSoY0i7GBv6N_AAAAAAEMAADXcyWbp23lSoY0i7GBv6N_AAOX-DtAAAA=,"Leave in Inbox. Remove category ""AI Needs Review""."
U107,Undo plan,2026-09-14 08:28,2026-09-14T13:28:10Z,Accounts Payable,,,,Sent Items,Sent Items,AAMkAGQyODM5ZWI1LTQ0NDAtNDZiOS1hYTIzLTdjOGM3NDRlNjQ4MgAuAAAAAAAggjN_BHG4TI2Iz-JKRqfaAQDXcyWbp23lSoY0i7GBv6N_AAAAAAEJAAA=,Inbox,AI Needs Review,AI HOLD,Sent Items,yes,AI Needs Review;Entered in AI;AI HOLD;Entered with issues;AI Skipped 2;AI Skipped,move,,AAMkAGQyODM5ZWI1LTQ0NDAtNDZiOS1hYTIzLTdjOGM3NDRlNjQ4MgBGAAAAAAAggjN_BHG4TI2Iz-JKRqfaBwDXcyWbp23lSoY0i7GBv6N_AAAAAAEJAADXcyWbp23lSoY0i7GBv6N_AAOZfEbVAAA=,"Move back to ""Sent Items"". Remove category ""AI Needs Review""."
U108,Undo plan,2026-09-14 08:42,2026-09-14T13:42:55Z,South,,,43315835,Inbox,Inbox,AAMkAGQyODM5ZWI1LTQ0NDAtNDZiOS1hYTIzLTdjOGM3NDRlNjQ4MgAuAAAAAAAggjN_BHG4TI2Iz-JKRqfaAQDXcyWbp23lSoY0i7GBv6N_AAAAAAEMAAA=,Inbox,AI Needs Review,AI HOLD,Inbox,no,AI Needs Review;Entered in AI;AI HOLD;Entered with issues;AI Skipped 2;AI Skipped,move,,AAMkAGQyODM5ZWI1LTQ0NDAtNDZiOS1hYTIzLTdjOGM3NDRlNjQ4MgBGAAAAAAAggjN_BHG4TI2Iz-JKRqfaBwDXcyWbp23lSoY0i7GBv6N_AAAAAAEMAADXcyWbp23lSoY0i7GBv6N_AAOZfC9WAAA=,"Leave in Inbox. Remove category ""AI Needs Review""."
U109,Undo plan,2026-09-14 09:20,2026-09-14T14:20:20Z,Katie Steffenhagen,,,,Inbox,Inbox,AAMkAGQyODM5ZWI1LTQ0NDAtNDZiOS1hYTIzLTdjOGM3NDRlNjQ4MgAuAAAAAAAggjN_BHG4TI2Iz-JKRqfaAQDXcyWbp23lSoY0i7GBv6N_AAAAAAEMAAA=,Inbox,AI Needs Review,AI HOLD,Inbox,no,AI Needs Review;Entered in AI;AI HOLD;Entered with issues;AI Skipped 2;AI Skipped,move,,AAMkAGQyODM5ZWI1LTQ0NDAtNDZiOS1hYTIzLTdjOGM3NDRlNjQ4MgBGAAAAAAAggjN_BHG4TI2Iz-JKRqfaBwDXcyWbp23lSoY0i7GBv6N_AAAAAAEMAADXcyWbp23lSoY0i7GBv6N_AAOZfC9ZAAA=,"Leave in Inbox. Remove category ""AI Needs Review""."
U110,Undo plan,2026-09-14 09:47,2026-09-14T14:47:32Z,"Stella Source, Inc.",,,,Inbox,Inbox,AAMkAGQyODM5ZWI1LTQ0NDAtNDZiOS1hYTIzLTdjOGM3NDRlNjQ4MgAuAAAAAAAggjN_BHG4TI2Iz-JKRqfaAQDXcyWbp23lSoY0i7GBv6N_AAAAAAEMAAA=,Inbox,AI Needs Review,AI HOLD,Inbox,no,AI Needs Review;Entered in AI;AI HOLD;Entered with issues;AI Skipped 2;AI Skipped,move,,AAMkAGQyODM5ZWI1LTQ0NDAtNDZiOS1hYTIzLTdjOGM3NDRlNjQ4MgBGAAAAAAAggjN_BHG4TI2Iz-JKRqfaBwDXcyWbp23lSoY0i7GBv6N_AAAAAAEMAADXcyWbp23lSoY0i7GBv6N_AAOZfC9bAAA=,"Leave in Inbox. Remove category ""AI Needs Review""."
U111,Undo plan,2026-09-14 10:52,2026-09-14T15:52:09Z,VistaPrint,Up to 40% off top products 👉 shop now!,Up to 40% off top products 👉 shop now!,,Inbox,Inbox,AAMkAGQyODM5ZWI1LTQ0NDAtNDZiOS1hYTIzLTdjOGM3NDRlNjQ4MgAuAAAAAAAggjN_BHG4TI2Iz-JKRqfaAQDXcyWbp23lSoY0i7GBv6N_AAAAAAEMAAA=,Inbox,AI Needs Review,AI Skipped 2,Inbox,no,AI Needs Review;Entered in AI;AI HOLD;Entered with issues;AI Skipped 2;AI Skipped,move,,AAMkAGQyODM5ZWI1LTQ0NDAtNDZiOS1hYTIzLTdjOGM3NDRlNjQ4MgBGAAAAAAAggjN_BHG4TI2Iz-JKRqfaBwDXcyWbp23lSoY0i7GBv6N_AAAAAAEMAADXcyWbp23lSoY0i7GBv6N_AAOZfC9dAAA=,"Leave in Inbox. Remove category ""AI Needs Review""."
U112,Undo plan,2026-09-14 11:38,2026-09-14T16:38:00Z,"Stella Source, Inc.",,,,Inbox,Inbox,AAMkAGQyODM5ZWI1LTQ0NDAtNDZiOS1hYTIzLTdjOGM3NDRlNjQ4MgAuAAAAAAAggjN_BHG4TI2Iz-JKRqfaAQDXcyWbp23lSoY0i7GBv6N_AAAAAAEMAAA=,Inbox,AI Needs Review,AI HOLD,Inbox,no,AI Needs Review;Entered in AI;AI HOLD;Entered with issues;AI Skipped 2;AI Skipped,move,,AAMkAGQyODM5ZWI1LTQ0NDAtNDZiOS1hYTIzLTdjOGM3NDRlNjQ4MgBGAAAAAAAggjN_BHG4TI2Iz-JKRqfaBwDXcyWbp23lSoY0i7GBv6N_AAAAAAEMAADXcyWbp23lSoY0i7GBv6N_AAOZfC9fAAA=,"Leave in Inbox. Remove category ""AI Needs Review""."
U113,Undo plan,2026-09-14 11:59,2026-09-14T16:59:44Z,Capital Machine,Let’s Talk Through Your Maintenance Plan,Let’s Talk Through Your Maintenance Plan,,Inbox,Inbox,AAMkAGQyODM5ZWI1LTQ0NDAtNDZiOS1hYTIzLTdjOGM3NDRlNjQ4MgAuAAAAAAAggjN_BHG4TI2Iz-JKRqfaAQDXcyWbp23lSoY0i7GBv6N_AAAAAAEMAAA=,Inbox,AI Needs Review,AI Skipped 2,Inbox,no,AI Needs Review;Entered in AI;AI HOLD;Entered with issues;AI Skipped 2;AI Skipped,move,,AAMkAGQyODM5ZWI1LTQ0NDAtNDZiOS1hYTIzLTdjOGM3NDRlNjQ4MgBGAAAAAAAggjN_BHG4TI2Iz-JKRqfaBwDXcyWbp23lSoY0i7GBv6N_AAAAAAEMAADXcyWbp23lSoY0i7GBv6N_AAOZfC9gAAA=,"Leave in Inbox. Remove category ""AI Needs Review""."
U114,Undo plan,2026-09-14 16:20,2026-09-14T21:20:52Z,Amazon Business,"Price drops for you: Kannon, save on recently viewed items","Price drops for you: Kannon, save on recently viewed items",,Inbox,Inbox,AAMkAGQyODM5ZWI1LTQ0NDAtNDZiOS1hYTIzLTdjOGM3NDRlNjQ4MgAuAAAAAAAggjN_BHG4TI2Iz-JKRqfaAQDXcyWbp23lSoY0i7GBv6N_AAAAAAEMAAA=,Inbox,AI Needs Review,AI Skipped 2,Inbox,no,AI Needs Review;Entered in AI;AI HOLD;Entered with issues;AI Skipped 2;AI Skipped,move,,AAMkAGQyODM5ZWI1LTQ0NDAtNDZiOS1hYTIzLTdjOGM3NDRlNjQ4MgBGAAAAAAAggjN_BHG4TI2Iz-JKRqfaBwDXcyWbp23lSoY0i7GBv6N_AAAAAAEMAADXcyWbp23lSoY0i7GBv6N_AAOZfC9jAAA=,"Leave in Inbox. Remove category ""AI Needs Review""."
U115,Undo plan,2026-09-14 17:56,2026-09-14T22:56:43Z,Fw: [EXTERNAL]  Fw: Kannon Mfg Purchase Order # 58959,,,9055991,Inbox,Inbox,AAMkAGQyODM5ZWI1LTQ0NDAtNDZiOS1hYTIzLTdjOGM3NDRlNjQ4MgAuAAAAAAAggjN_BHG4TI2Iz-JKRqfaAQDXcyWbp23lSoY0i7GBv6N_AAAAAAEMAAA=,Inbox,AI Needs Review,AI HOLD,Inbox,no,AI Needs Review;Entered in AI;AI HOLD;Entered with issues;AI Skipped 2;AI Skipped,move,,AAMkAGQyODM5ZWI1LTQ0NDAtNDZiOS1hYTIzLTdjOGM3NDRlNjQ4MgBGAAAAAAAggjN_BHG4TI2Iz-JKRqfaBwDXcyWbp23lSoY0i7GBv6N_AAAAAAEMAADXcyWbp23lSoY0i7GBv6N_AAOZfC9kAAA=,"Leave in Inbox. Remove category ""AI Needs Review""."
U116,Undo plan,2026-09-14 22:59,2026-09-15T03:59:40Z,DoNotReply@ColonialLife.com,,,,Inbox,Inbox,AAMkAGQyODM5ZWI1LTQ0NDAtNDZiOS1hYTIzLTdjOGM3NDRlNjQ4MgAuAAAAAAAggjN_BHG4TI2Iz-JKRqfaAQDXcyWbp23lSoY0i7GBv6N_AAAAAAEMAAA=,Inbox,AI Needs Review,AI HOLD,Inbox,no,AI Needs Review;Entered in AI;AI HOLD;Entered with issues;AI Skipped 2;AI Skipped,move,,AAMkAGQyODM5ZWI1LTQ0NDAtNDZiOS1hYTIzLTdjOGM3NDRlNjQ4MgBGAAAAAAAggjN_BHG4TI2Iz-JKRqfaBwDXcyWbp23lSoY0i7GBv6N_AAAAAAEMAADXcyWbp23lSoY0i7GBv6N_AAOZ_uDbAAA=,"Leave in Inbox. Remove category ""AI Needs Review""."
U117,Undo plan,2026-09-15 02:21,2026-09-15T07:21:10Z,Accounts Payable,,,,Sent Items,Sent Items,AAMkAGQyODM5ZWI1LTQ0NDAtNDZiOS1hYTIzLTdjOGM3NDRlNjQ4MgAuAAAAAAAggjN_BHG4TI2Iz-JKRqfaAQDXcyWbp23lSoY0i7GBv6N_AAAAAAEJAAA=,Inbox,AI Needs Review,AI HOLD,Sent Items,yes,AI Needs Review;Entered in AI;AI HOLD;Entered with issues;AI Skipped 2;AI Skipped,move,,AAMkAGQyODM5ZWI1LTQ0NDAtNDZiOS1hYTIzLTdjOGM3NDRlNjQ4MgBGAAAAAAAggjN_BHG4TI2Iz-JKRqfaBwDXcyWbp23lSoY0i7GBv6N_AAAAAAEJAADXcyWbp23lSoY0i7GBv6N_AAOZ_xPAAAA=,"Move back to ""Sent Items"". Remove category ""AI Needs Review""."
U118,Undo plan,2026-09-15 07:25,2026-09-15T12:25:53Z,Amazon Business,Your team still doesn't have a shared payment method,Your team still doesn't have a shared payment method,,Inbox,Inbox,AAMkAGQyODM5ZWI1LTQ0NDAtNDZiOS1hYTIzLTdjOGM3NDRlNjQ4MgAuAAAAAAAggjN_BHG4TI2Iz-JKRqfaAQDXcyWbp23lSoY0i7GBv6N_AAAAAAEMAAA=,Inbox,AI Needs Review,AI Skipped 2,Inbox,no,AI Needs Review;Entered in AI;AI HOLD;Entered with issues;AI Skipped 2;AI Skipped,move,,AAMkAGQyODM5ZWI1LTQ0NDAtNDZiOS1hYTIzLTdjOGM3NDRlNjQ4MgBGAAAAAAAggjN_BHG4TI2Iz-JKRqfaBwDXcyWbp23lSoY0i7GBv6N_AAAAAAEMAADXcyWbp23lSoY0i7GBv6N_AAOZ_uDkAAA=,"Leave in Inbox. Remove category ""AI Needs Review""."
U119,Undo plan,2026-09-15 07:55,2026-09-15T12:55:25Z,Shoppa's Material Handling,,,,Inbox,Inbox,AAMkAGQyODM5ZWI1LTQ0NDAtNDZiOS1hYTIzLTdjOGM3NDRlNjQ4MgAuAAAAAAAggjN_BHG4TI2Iz-JKRqfaAQDXcyWbp23lSoY0i7GBv6N_AAAAAAEMAAA=,Inbox,AI Needs Review,AI HOLD,Inbox,no,AI Needs Review;Entered in AI;AI HOLD;Entered with issues;AI Skipped 2;AI Skipped,move,,AAMkAGQyODM5ZWI1LTQ0NDAtNDZiOS1hYTIzLTdjOGM3NDRlNjQ4MgBGAAAAAAAggjN_BHG4TI2Iz-JKRqfaBwDXcyWbp23lSoY0i7GBv6N_AAAAAAEMAADXcyWbp23lSoY0i7GBv6N_AAOZ_uDlAAA=,"Leave in Inbox. Remove category ""AI Needs Review""."
U120,Undo plan,2026-09-15 08:23,2026-09-15T13:23:32Z,Phoenix Metals Credit Memos,,,,Inbox,Inbox,AAMkAGQyODM5ZWI1LTQ0NDAtNDZiOS1hYTIzLTdjOGM3NDRlNjQ4MgAuAAAAAAAggjN_BHG4TI2Iz-JKRqfaAQDXcyWbp23lSoY0i7GBv6N_AAAAAAEMAAA=,Inbox,AI Needs Review,AI HOLD,Inbox,no,AI Needs Review;Entered in AI;AI HOLD;Entered with issues;AI Skipped 2;AI Skipped,move,,AAMkAGQyODM5ZWI1LTQ0NDAtNDZiOS1hYTIzLTdjOGM3NDRlNjQ4MgBGAAAAAAAggjN_BHG4TI2Iz-JKRqfaBwDXcyWbp23lSoY0i7GBv6N_AAAAAAEMAADXcyWbp23lSoY0i7GBv6N_AAOZ_uDmAAA=,"Leave in Inbox. Remove category ""AI Needs Review""."
U121,Undo plan,2026-09-15 08:31,2026-09-15T13:31:48Z,Kloeckner Metals Corporation,,,,Inbox,Inbox,AAMkAGQyODM5ZWI1LTQ0NDAtNDZiOS1hYTIzLTdjOGM3NDRlNjQ4MgAuAAAAAAAggjN_BHG4TI2Iz-JKRqfaAQDXcyWbp23lSoY0i7GBv6N_AAAAAAEMAAA=,Inbox,AI Needs Review,AI HOLD,Inbox,no,AI Needs Review;Entered in AI;AI HOLD;Entered with issues;AI Skipped 2;AI Skipped,move,,AAMkAGQyODM5ZWI1LTQ0NDAtNDZiOS1hYTIzLTdjOGM3NDRlNjQ4MgBGAAAAAAAggjN_BHG4TI2Iz-JKRqfaBwDXcyWbp23lSoY0i7GBv6N_AAAAAAEMAADXcyWbp23lSoY0i7GBv6N_AAOZ_uDnAAA=,"Leave in Inbox. Remove category ""AI Needs Review""."
U122,Undo plan,2026-09-15 10:27,2026-09-15T15:27:53Z,"Amada Machinery Sales, Inc.",Time-Sensitive: 2015 LCG3015NT (3.5KW) & 2006 AMADA FO3015NT (4KW),Time-Sensitive: 2015 LCG3015NT (3.5KW) & 2006 AMADA FO3015NT (4KW),,UNNAMED (FID 0x0113),UNNAMED (FID 0x0113),AAMkAGQyODM5ZWI1LTQ0NDAtNDZiOS1hYTIzLTdjOGM3NDRlNjQ4MgAuAAAAAAAggjN_BHG4TI2Iz-JKRqfaAQDXcyWbp23lSoY0i7GBv6N_AAAAAAETAAA=,Inbox,AI Needs Review,AI Skipped 2,UNNAMED (FID 0x0113),yes,AI Needs Review;Entered in AI;AI HOLD;Entered with issues;AI Skipped 2;AI Skipped,move,,AAMkAGQyODM5ZWI1LTQ0NDAtNDZiOS1hYTIzLTdjOGM3NDRlNjQ4MgBGAAAAAAAggjN_BHG4TI2Iz-JKRqfaBwDXcyWbp23lSoY0i7GBv6N_AAAAAAETAADXcyWbp23lSoY0i7GBv6N_AAOZ_zT9AAA=,"Move back to ""Unnamed default folder (FID 0x0113, name not in logs)"". Remove category ""AI Needs Review""."
U123,Undo plan,2026-09-15 12:48,2026-09-15T17:48:28Z,Resell CNC,"Available Now - (23) Okuma Mills, Lathes And Much More.","Available Now - (23) Okuma Mills, Lathes And Much More.",,Inbox,Inbox,AAMkAGQyODM5ZWI1LTQ0NDAtNDZiOS1hYTIzLTdjOGM3NDRlNjQ4MgAuAAAAAAAggjN_BHG4TI2Iz-JKRqfaAQDXcyWbp23lSoY0i7GBv6N_AAAAAAEMAAA=,Inbox,AI Needs Review,AI Skipped 2,Inbox,no,AI Needs Review;Entered in AI;AI HOLD;Entered with issues;AI Skipped 2;AI Skipped,move,,AAMkAGQyODM5ZWI1LTQ0NDAtNDZiOS1hYTIzLTdjOGM3NDRlNjQ4MgBGAAAAAAAggjN_BHG4TI2Iz-JKRqfaBwDXcyWbp23lSoY0i7GBv6N_AAAAAAEMAADXcyWbp23lSoY0i7GBv6N_AAOZ_uDsAAA=,"Leave in Inbox. Remove category ""AI Needs Review""."
U124,Undo plan,2026-09-15 14:39,2026-09-15T19:39:00Z,Resell CNC,"Available Now - (13) DMG Mori Mills, Lathes And Much More.","Available Now - (13) DMG Mori Mills, Lathes And Much More.",,Inbox,Inbox,AAMkAGQyODM5ZWI1LTQ0NDAtNDZiOS1hYTIzLTdjOGM3NDRlNjQ4MgAuAAAAAAAggjN_BHG4TI2Iz-JKRqfaAQDXcyWbp23lSoY0i7GBv6N_AAAAAAEMAAA=,Inbox,AI Needs Review,AI Skipped 2,Inbox,no,AI Needs Review;Entered in AI;AI HOLD;Entered with issues;AI Skipped 2;AI Skipped,move,,AAMkAGQyODM5ZWI1LTQ0NDAtNDZiOS1hYTIzLTdjOGM3NDRlNjQ4MgBGAAAAAAAggjN_BHG4TI2Iz-JKRqfaBwDXcyWbp23lSoY0i7GBv6N_AAAAAAEMAADXcyWbp23lSoY0i7GBv6N_AAOZ_uDyAAA=,"Leave in Inbox. Remove category ""AI Needs Review""."
U125,Undo plan,2026-09-15 23:53,2026-09-16T04:53:53Z,Safety-Kleen,Better Shifts Start with $225 off Transmission Fluids!,Better Shifts Start with $225 off Transmission Fluids!,,Inbox,Inbox,AAMkAGQyODM5ZWI1LTQ0NDAtNDZiOS1hYTIzLTdjOGM3NDRlNjQ4MgAuAAAAAAAggjN_BHG4TI2Iz-JKRqfaAQDXcyWbp23lSoY0i7GBv6N_AAAAAAEMAAA=,Inbox,AI Needs Review,AI Skipped 2,Inbox,no,AI Needs Review;Entered in AI;AI HOLD;Entered with issues;AI Skipped 2;AI Skipped,move,,AAMkAGQyODM5ZWI1LTQ0NDAtNDZiOS1hYTIzLTdjOGM3NDRlNjQ4MgBGAAAAAAAggjN_BHG4TI2Iz-JKRqfaBwDXcyWbp23lSoY0i7GBv6N_AAAAAAEMAADXcyWbp23lSoY0i7GBv6N_AAOZ_uD8AAA=,"Leave in Inbox. Remove category ""AI Needs Review""."
U126,Undo plan,2026-09-16 02:15,2026-09-16T07:15:39Z,Accounts Payable,,,,Sent Items,Sent Items,AAMkAGQyODM5ZWI1LTQ0NDAtNDZiOS1hYTIzLTdjOGM3NDRlNjQ4MgAuAAAAAAAggjN_BHG4TI2Iz-JKRqfaAQDXcyWbp23lSoY0i7GBv6N_AAAAAAEJAAA=,Inbox,AI Needs Review,AI HOLD,Sent Items,yes,AI Needs Review;Entered in AI;AI HOLD;Entered with issues;AI Skipped 2;AI Skipped,move,,AAMkAGQyODM5ZWI1LTQ0NDAtNDZiOS1hYTIzLTdjOGM3NDRlNjQ4MgBGAAAAAAAggjN_BHG4TI2Iz-JKRqfaBwDXcyWbp23lSoY0i7GBv6N_AAAAAAEJAADXcyWbp23lSoY0i7GBv6N_AAOZ_xPBAAA=,"Move back to ""Sent Items"". Remove category ""AI Needs Review""."
U127,Undo plan,2026-09-16 11:07,2026-09-16T16:07:34Z,Resell CNC,"(63) Late Model Multi-Axis Mills, Lathes and More!","(63) Late Model Multi-Axis Mills, Lathes and More!",,Inbox,Inbox,AAMkAGQyODM5ZWI1LTQ0NDAtNDZiOS1hYTIzLTdjOGM3NDRlNjQ4MgAuAAAAAAAggjN_BHG4TI2Iz-JKRqfaAQDXcyWbp23lSoY0i7GBv6N_AAAAAAEMAAA=,Inbox,AI Needs Review,AI Skipped 2,Inbox,no,AI Needs Review;Entered in AI;AI HOLD;Entered with issues;AI Skipped 2;AI Skipped,move,,AAMkAGQyODM5ZWI1LTQ0NDAtNDZiOS1hYTIzLTdjOGM3NDRlNjQ4MgBGAAAAAAAggjN_BHG4TI2Iz-JKRqfaBwDXcyWbp23lSoY0i7GBv6N_AAAAAAEMAADXcyWbp23lSoY0i7GBv6N_AAOZ_uEBAAA=,"Leave in Inbox. Remove category ""AI Needs Review""."
U128,Undo plan,2026-09-16 11:36,2026-09-16T16:36:16Z,Primo Brands Customer Experience,Please share your feedback about your delivery - 2 Minutes,Please share your feedback about your delivery - 2 Minutes,,Inbox,Inbox,AAMkAGQyODM5ZWI1LTQ0NDAtNDZiOS1hYTIzLTdjOGM3NDRlNjQ4MgAuAAAAAAAggjN_BHG4TI2Iz-JKRqfaAQDXcyWbp23lSoY0i7GBv6N_AAAAAAEMAAA=,Inbox,AI Needs Review,AI Skipped 2,Inbox,no,AI Needs Review;Entered in AI;AI HOLD;Entered with issues;AI Skipped 2;AI Skipped,move,,AAMkAGQyODM5ZWI1LTQ0NDAtNDZiOS1hYTIzLTdjOGM3NDRlNjQ4MgBGAAAAAAAggjN_BHG4TI2Iz-JKRqfaBwDXcyWbp23lSoY0i7GBv6N_AAAAAAEMAADXcyWbp23lSoY0i7GBv6N_AAOZ_uECAAA=,"Leave in Inbox. Remove category ""AI Needs Review""."
U129,Undo plan,2026-09-16 12:16,2026-09-16T17:16:16Z,Metal My Way Everyday,Only 2 Weeks Left To Enter!,Only 2 Weeks Left To Enter!,,Inbox,Inbox,AAMkAGQyODM5ZWI1LTQ0NDAtNDZiOS1hYTIzLTdjOGM3NDRlNjQ4MgAuAAAAAAAggjN_BHG4TI2Iz-JKRqfaAQDXcyWbp23lSoY0i7GBv6N_AAAAAAEMAAA=,Inbox,AI Needs Review,AI Skipped 2,Inbox,no,AI Needs Review;Entered in AI;AI HOLD;Entered with issues;AI Skipped 2;AI Skipped,move,,AAMkAGQyODM5ZWI1LTQ0NDAtNDZiOS1hYTIzLTdjOGM3NDRlNjQ4MgBGAAAAAAAggjN_BHG4TI2Iz-JKRqfaBwDXcyWbp23lSoY0i7GBv6N_AAAAAAEMAADXcyWbp23lSoY0i7GBv6N_AAOZ_uEDAAA=,"Leave in Inbox. Remove category ""AI Needs Review""."
U130,Undo plan,2026-09-16 13:04,2026-09-16T18:04:32Z,The eFax Team,Reset your password (code),Reset your password (code),,Inbox,Inbox,AAMkAGQyODM5ZWI1LTQ0NDAtNDZiOS1hYTIzLTdjOGM3NDRlNjQ4MgAuAAAAAAAggjN_BHG4TI2Iz-JKRqfaAQDXcyWbp23lSoY0i7GBv6N_AAAAAAEMAAA=,Inbox,AI Needs Review,AI Skipped 2,Inbox,no,AI Needs Review;Entered in AI;AI HOLD;Entered with issues;AI Skipped 2;AI Skipped,move,,AAMkAGQyODM5ZWI1LTQ0NDAtNDZiOS1hYTIzLTdjOGM3NDRlNjQ4MgBGAAAAAAAggjN_BHG4TI2Iz-JKRqfaBwDXcyWbp23lSoY0i7GBv6N_AAAAAAEMAADXcyWbp23lSoY0i7GBv6N_AAOZ_uEGAAA=,"Leave in Inbox. Remove category ""AI Needs Review""."
U131,Undo plan,2026-09-16 13:16,2026-09-16T18:16:12Z,Jon Washburn,,,,Inbox,Inbox,AAMkAGQyODM5ZWI1LTQ0NDAtNDZiOS1hYTIzLTdjOGM3NDRlNjQ4MgAuAAAAAAAggjN_BHG4TI2Iz-JKRqfaAQDXcyWbp23lSoY0i7GBv6N_AAAAAAEMAAA=,Inbox,AI Needs Review,AI HOLD,Inbox,no,AI Needs Review;Entered in AI;AI HOLD;Entered with issues;AI Skipped 2;AI Skipped,move,,AAMkAGQyODM5ZWI1LTQ0NDAtNDZiOS1hYTIzLTdjOGM3NDRlNjQ4MgBGAAAAAAAggjN_BHG4TI2Iz-JKRqfaBwDXcyWbp23lSoY0i7GBv6N_AAAAAAEMAADXcyWbp23lSoY0i7GBv6N_AAOZ_uEHAAA=,"Leave in Inbox. Remove category ""AI Needs Review""."
U132,Undo plan,2026-09-16 14:02,2026-09-16T19:02:03Z,Alarm Billing Support,New CryWolf False Alarm Case #02600565 Created,New CryWolf False Alarm Case #02600565 Created,,Inbox,Inbox,AAMkAGQyODM5ZWI1LTQ0NDAtNDZiOS1hYTIzLTdjOGM3NDRlNjQ4MgAuAAAAAAAggjN_BHG4TI2Iz-JKRqfaAQDXcyWbp23lSoY0i7GBv6N_AAAAAAEMAAA=,Inbox,AI Needs Review,AI Skipped 2,Inbox,no,AI Needs Review;Entered in AI;AI HOLD;Entered with issues;AI Skipped 2;AI Skipped,move,,AAMkAGQyODM5ZWI1LTQ0NDAtNDZiOS1hYTIzLTdjOGM3NDRlNjQ4MgBGAAAAAAAggjN_BHG4TI2Iz-JKRqfaBwDXcyWbp23lSoY0i7GBv6N_AAAAAAEMAADXcyWbp23lSoY0i7GBv6N_AAOZ_uEKAAA=,"Leave in Inbox. Remove category ""AI Needs Review""."
U133,Undo plan,2026-09-16 14:03,2026-09-16T19:03:54Z,Amazon Business,Prime Big Deal Days is coming,Prime Big Deal Days is coming,,Inbox,Inbox,AAMkAGQyODM5ZWI1LTQ0NDAtNDZiOS1hYTIzLTdjOGM3NDRlNjQ4MgAuAAAAAAAggjN_BHG4TI2Iz-JKRqfaAQDXcyWbp23lSoY0i7GBv6N_AAAAAAEMAAA=,Inbox,AI Needs Review,AI Skipped 2,Inbox,no,AI Needs Review;Entered in AI;AI HOLD;Entered with issues;AI Skipped 2;AI Skipped,move,,AAMkAGQyODM5ZWI1LTQ0NDAtNDZiOS1hYTIzLTdjOGM3NDRlNjQ4MgBGAAAAAAAggjN_BHG4TI2Iz-JKRqfaBwDXcyWbp23lSoY0i7GBv6N_AAAAAAEMAADXcyWbp23lSoY0i7GBv6N_AAOZ_uELAAA=,"Leave in Inbox. Remove category ""AI Needs Review""."
U134,Undo plan,2026-09-16 15:31,2026-09-16T20:31:52Z,Gigi Pineda,,,,Inbox,Inbox,AAMkAGQyODM5ZWI1LTQ0NDAtNDZiOS1hYTIzLTdjOGM3NDRlNjQ4MgAuAAAAAAAggjN_BHG4TI2Iz-JKRqfaAQDXcyWbp23lSoY0i7GBv6N_AAAAAAEMAAA=,Inbox,AI Needs Review,AI HOLD,Inbox,no,AI Needs Review;Entered in AI;AI HOLD;Entered with issues;AI Skipped 2;AI Skipped,move,,AAMkAGQyODM5ZWI1LTQ0NDAtNDZiOS1hYTIzLTdjOGM3NDRlNjQ4MgBGAAAAAAAggjN_BHG4TI2Iz-JKRqfaBwDXcyWbp23lSoY0i7GBv6N_AAAAAAEMAADXcyWbp23lSoY0i7GBv6N_AAOZ_uEPAAA=,"Leave in Inbox. Remove category ""AI Needs Review""."
U135,Undo plan,2026-09-16 15:36,2026-09-16T20:36:37Z,noreply-customeralerts@contactna.engie.com via SurveyMonkey,Your Voice Matters,Your Voice Matters,,Inbox,Inbox,AAMkAGQyODM5ZWI1LTQ0NDAtNDZiOS1hYTIzLTdjOGM3NDRlNjQ4MgAuAAAAAAAggjN_BHG4TI2Iz-JKRqfaAQDXcyWbp23lSoY0i7GBv6N_AAAAAAEMAAA=,Inbox,AI Needs Review,AI Skipped 2,Inbox,no,AI Needs Review;Entered in AI;AI HOLD;Entered with issues;AI Skipped 2;AI Skipped,move,,AAMkAGQyODM5ZWI1LTQ0NDAtNDZiOS1hYTIzLTdjOGM3NDRlNjQ4MgBGAAAAAAAggjN_BHG4TI2Iz-JKRqfaBwDXcyWbp23lSoY0i7GBv6N_AAAAAAEMAADXcyWbp23lSoY0i7GBv6N_AAOZ_uEQAAA=,"Leave in Inbox. Remove category ""AI Needs Review""."
U136,Undo plan,2026-09-16 16:27,2026-09-16T21:27:21Z,Shawn McKibben,Re: Follow Up: Please Pay for Your PO 58206,Re: Follow Up: Please Pay for Your PO 58206,,Inbox,Inbox,AAMkAGQyODM5ZWI1LTQ0NDAtNDZiOS1hYTIzLTdjOGM3NDRlNjQ4MgAuAAAAAAAggjN_BHG4TI2Iz-JKRqfaAQDXcyWbp23lSoY0i7GBv6N_AAAAAAEMAAA=,Inbox,AI Needs Review,AI Skipped 2,Inbox,no,AI Needs Review;Entered in AI;AI HOLD;Entered with issues;AI Skipped 2;AI Skipped,move,,AAMkAGQyODM5ZWI1LTQ0NDAtNDZiOS1hYTIzLTdjOGM3NDRlNjQ4MgBGAAAAAAAggjN_BHG4TI2Iz-JKRqfaBwDXcyWbp23lSoY0i7GBv6N_AAAAAAEMAADXcyWbp23lSoY0i7GBv6N_AAOZ_uESAAA=,"Leave in Inbox. Remove category ""AI Needs Review""."
U137,Undo plan,2026-09-17 08:45,2026-09-17T13:45:52Z,INVOICE 470223      PO 59060,,,470223,Inbox,Inbox,AAMkAGQyODM5ZWI1LTQ0NDAtNDZiOS1hYTIzLTdjOGM3NDRlNjQ4MgAuAAAAAAAggjN_BHG4TI2Iz-JKRqfaAQDXcyWbp23lSoY0i7GBv6N_AAAAAAEMAAA=,Inbox,AI Needs Review,AI HOLD,Inbox,no,AI Needs Review;Entered in AI;AI HOLD;Entered with issues;AI Skipped 2;AI Skipped,move,,AAMkAGQyODM5ZWI1LTQ0NDAtNDZiOS1hYTIzLTdjOGM3NDRlNjQ4MgBGAAAAAAAggjN_BHG4TI2Iz-JKRqfaBwDXcyWbp23lSoY0i7GBv6N_AAAAAAEMAADXcyWbp23lSoY0i7GBv6N_AAObQuYOAAA=,"Leave in Inbox. Remove category ""AI Needs Review""."
U138,Undo plan,2026-09-17 11:31,2026-09-17T16:31:19Z,Gigi Pineda,,,,Inbox,Inbox,AAMkAGQyODM5ZWI1LTQ0NDAtNDZiOS1hYTIzLTdjOGM3NDRlNjQ4MgAuAAAAAAAggjN_BHG4TI2Iz-JKRqfaAQDXcyWbp23lSoY0i7GBv6N_AAAAAAEMAAA=,Inbox,AI Needs Review,AI HOLD,Inbox,no,AI Needs Review;Entered in AI;AI HOLD;Entered with issues;AI Skipped 2;AI Skipped,move,,AAMkAGQyODM5ZWI1LTQ0NDAtNDZiOS1hYTIzLTdjOGM3NDRlNjQ4MgBGAAAAAAAggjN_BHG4TI2Iz-JKRqfaBwDXcyWbp23lSoY0i7GBv6N_AAAAAAEMAADXcyWbp23lSoY0i7GBv6N_AAObQuYPAAA=,"Leave in Inbox. Remove category ""AI Needs Review""."
U139,Undo plan,2026-09-17 11:42,2026-09-17T16:42:38Z,Gigi Pineda,,,,Inbox,Inbox,AAMkAGQyODM5ZWI1LTQ0NDAtNDZiOS1hYTIzLTdjOGM3NDRlNjQ4MgAuAAAAAAAggjN_BHG4TI2Iz-JKRqfaAQDXcyWbp23lSoY0i7GBv6N_AAAAAAEMAAA=,Inbox,AI Needs Review,AI HOLD,Inbox,no,AI Needs Review;Entered in AI;AI HOLD;Entered with issues;AI Skipped 2;AI Skipped,move,,AAMkAGQyODM5ZWI1LTQ0NDAtNDZiOS1hYTIzLTdjOGM3NDRlNjQ4MgBGAAAAAAAggjN_BHG4TI2Iz-JKRqfaBwDXcyWbp23lSoY0i7GBv6N_AAAAAAEMAADXcyWbp23lSoY0i7GBv6N_AAObQuYQAAA=,"Leave in Inbox. Remove category ""AI Needs Review""."
U140,Undo plan,2026-09-17 11:45,2026-09-17T16:45:25Z,Capital Machine,A Simple Way to Stay Ahead of Machine Downtime,A Simple Way to Stay Ahead of Machine Downtime,,Inbox,Inbox,AAMkAGQyODM5ZWI1LTQ0NDAtNDZiOS1hYTIzLTdjOGM3NDRlNjQ4MgAuAAAAAAAggjN_BHG4TI2Iz-JKRqfaAQDXcyWbp23lSoY0i7GBv6N_AAAAAAEMAAA=,Inbox,AI Needs Review,AI Skipped 2,Inbox,no,AI Needs Review;Entered in AI;AI HOLD;Entered with issues;AI Skipped 2;AI Skipped,move,,AAMkAGQyODM5ZWI1LTQ0NDAtNDZiOS1hYTIzLTdjOGM3NDRlNjQ4MgBGAAAAAAAggjN_BHG4TI2Iz-JKRqfaBwDXcyWbp23lSoY0i7GBv6N_AAAAAAEMAADXcyWbp23lSoY0i7GBv6N_AAObQuYRAAA=,"Leave in Inbox. Remove category ""AI Needs Review""."
U141,Undo plan,2026-09-17 13:16,2026-09-17T18:16:17Z,"Luxor Staffing, Inc.",,,,Inbox,Inbox,AAMkAGQyODM5ZWI1LTQ0NDAtNDZiOS1hYTIzLTdjOGM3NDRlNjQ4MgAuAAAAAAAggjN_BHG4TI2Iz-JKRqfaAQDXcyWbp23lSoY0i7GBv6N_AAAAAAEMAAA=,Inbox,AI Needs Review,AI HOLD,Inbox,no,AI Needs Review;Entered in AI;AI HOLD;Entered with issues;AI Skipped 2;AI Skipped,move,,AAMkAGQyODM5ZWI1LTQ0NDAtNDZiOS1hYTIzLTdjOGM3NDRlNjQ4MgBGAAAAAAAggjN_BHG4TI2Iz-JKRqfaBwDXcyWbp23lSoY0i7GBv6N_AAAAAAEMAADXcyWbp23lSoY0i7GBv6N_AAObq9TfAAA=,"Leave in Inbox. Remove category ""AI Needs Review""."
U142,Undo plan,2026-09-17 14:24,2026-09-17T19:24:10Z,WorkWise Compliance,Reminder - Quick Survey = Chance to Win! Your Opinion Matters!,Reminder - Quick Survey = Chance to Win! Your Opinion Matters!,,Inbox,Inbox,AAMkAGQyODM5ZWI1LTQ0NDAtNDZiOS1hYTIzLTdjOGM3NDRlNjQ4MgAuAAAAAAAggjN_BHG4TI2Iz-JKRqfaAQDXcyWbp23lSoY0i7GBv6N_AAAAAAEMAAA=,Inbox,AI Needs Review,AI Skipped 2,Inbox,no,AI Needs Review;Entered in AI;AI HOLD;Entered with issues;AI Skipped 2;AI Skipped,move,,AAMkAGQyODM5ZWI1LTQ0NDAtNDZiOS1hYTIzLTdjOGM3NDRlNjQ4MgBGAAAAAAAggjN_BHG4TI2Iz-JKRqfaBwDXcyWbp23lSoY0i7GBv6N_AAAAAAEMAADXcyWbp23lSoY0i7GBv6N_AAObq9TkAAA=,"Leave in Inbox. Remove category ""AI Needs Review""."
U143,Undo plan,2026-09-17 16:13,2026-09-17T21:13:31Z,Reminder,,,111138,Inbox,Inbox,AAMkAGQyODM5ZWI1LTQ0NDAtNDZiOS1hYTIzLTdjOGM3NDRlNjQ4MgAuAAAAAAAggjN_BHG4TI2Iz-JKRqfaAQDXcyWbp23lSoY0i7GBv6N_AAAAAAEMAAA=,Inbox,AI Needs Review,AI HOLD,Inbox,no,AI Needs Review;Entered in AI;AI HOLD;Entered with issues;AI Skipped 2;AI Skipped,move,,AAMkAGQyODM5ZWI1LTQ0NDAtNDZiOS1hYTIzLTdjOGM3NDRlNjQ4MgBGAAAAAAAggjN_BHG4TI2Iz-JKRqfaBwDXcyWbp23lSoY0i7GBv6N_AAAAAAEMAADXcyWbp23lSoY0i7GBv6N_AAObq9ToAAA=,"Leave in Inbox. Remove category ""AI Needs Review""."
U144,Undo plan,2026-09-17 16:14,2026-09-17T21:14:07Z,Reminder,,,111914,Inbox,Inbox,AAMkAGQyODM5ZWI1LTQ0NDAtNDZiOS1hYTIzLTdjOGM3NDRlNjQ4MgAuAAAAAAAggjN_BHG4TI2Iz-JKRqfaAQDXcyWbp23lSoY0i7GBv6N_AAAAAAEMAAA=,Inbox,AI Needs Review,AI HOLD,Inbox,no,AI Needs Review;Entered in AI;AI HOLD;Entered with issues;AI Skipped 2;AI Skipped,move,,AAMkAGQyODM5ZWI1LTQ0NDAtNDZiOS1hYTIzLTdjOGM3NDRlNjQ4MgBGAAAAAAAggjN_BHG4TI2Iz-JKRqfaBwDXcyWbp23lSoY0i7GBv6N_AAAAAAEMAADXcyWbp23lSoY0i7GBv6N_AAObq9TpAAA=,"Leave in Inbox. Remove category ""AI Needs Review""."
U145,Undo plan,2026-09-17 16:54,2026-09-17T21:54:34Z,Natalie Chavez,Re: Over 100+ days--A3050,Re: Over 100+ days--A3050,,Inbox,Inbox,AAMkAGQyODM5ZWI1LTQ0NDAtNDZiOS1hYTIzLTdjOGM3NDRlNjQ4MgAuAAAAAAAggjN_BHG4TI2Iz-JKRqfaAQDXcyWbp23lSoY0i7GBv6N_AAAAAAEMAAA=,Inbox,AI Needs Review,AI Skipped 2,Inbox,no,AI Needs Review;Entered in AI;AI HOLD;Entered with issues;AI Skipped 2;AI Skipped,move,,AAMkAGQyODM5ZWI1LTQ0NDAtNDZiOS1hYTIzLTdjOGM3NDRlNjQ4MgBGAAAAAAAggjN_BHG4TI2Iz-JKRqfaBwDXcyWbp23lSoY0i7GBv6N_AAAAAAEMAADXcyWbp23lSoY0i7GBv6N_AAObq9T3AAA=,"Leave in Inbox. Remove category ""AI Needs Review""."
U146,Undo plan,2026-09-18 08:05,2026-09-18T13:05:46Z,Shoppa's Material Handling,,,,Inbox,Inbox,AAMkAGQyODM5ZWI1LTQ0NDAtNDZiOS1hYTIzLTdjOGM3NDRlNjQ4MgAuAAAAAAAggjN_BHG4TI2Iz-JKRqfaAQDXcyWbp23lSoY0i7GBv6N_AAAAAAEMAAA=,Inbox,AI Needs Review,AI HOLD,Inbox,no,AI Needs Review;Entered in AI;AI HOLD;Entered with issues;AI Skipped 2;AI Skipped,move,,AAMkAGQyODM5ZWI1LTQ0NDAtNDZiOS1hYTIzLTdjOGM3NDRlNjQ4MgBGAAAAAAAggjN_BHG4TI2Iz-JKRqfaBwDXcyWbp23lSoY0i7GBv6N_AAAAAAEMAADXcyWbp23lSoY0i7GBv6N_AAOb0rYlAAA=,"Leave in Inbox. Remove category ""AI Needs Review""."
U147,Undo plan,2026-09-18 08:12,2026-09-18T13:12:17Z,Amazon Business,Your exclusive Prime Big Deal Days offer,Your exclusive Prime Big Deal Days offer,,Inbox,Inbox,AAMkAGQyODM5ZWI1LTQ0NDAtNDZiOS1hYTIzLTdjOGM3NDRlNjQ4MgAuAAAAAAAggjN_BHG4TI2Iz-JKRqfaAQDXcyWbp23lSoY0i7GBv6N_AAAAAAEMAAA=,Inbox,AI Needs Review,AI Skipped 2,Inbox,no,AI Needs Review;Entered in AI;AI HOLD;Entered with issues;AI Skipped 2;AI Skipped,move,,AAMkAGQyODM5ZWI1LTQ0NDAtNDZiOS1hYTIzLTdjOGM3NDRlNjQ4MgBGAAAAAAAggjN_BHG4TI2Iz-JKRqfaBwDXcyWbp23lSoY0i7GBv6N_AAAAAAEMAADXcyWbp23lSoY0i7GBv6N_AAOb0rYmAAA=,"Leave in Inbox. Remove category ""AI Needs Review""."
U148,Undo plan,2026-09-18 09:13,2026-09-18T14:13:46Z,"Alternative Machinery Sales, Inc.",Time-Sensitive: 2015 LCG3015NT (3.5KW) & 2006 AMADA FO3015NT (4KW),Time-Sensitive: 2015 LCG3015NT (3.5KW) & 2006 AMADA FO3015NT (4KW),,Inbox,Inbox,AAMkAGQyODM5ZWI1LTQ0NDAtNDZiOS1hYTIzLTdjOGM3NDRlNjQ4MgAuAAAAAAAggjN_BHG4TI2Iz-JKRqfaAQDXcyWbp23lSoY0i7GBv6N_AAAAAAEMAAA=,Inbox,AI Needs Review,AI Skipped 2,Inbox,no,AI Needs Review;Entered in AI;AI HOLD;Entered with issues;AI Skipped 2;AI Skipped,move,,AAMkAGQyODM5ZWI1LTQ0NDAtNDZiOS1hYTIzLTdjOGM3NDRlNjQ4MgBGAAAAAAAggjN_BHG4TI2Iz-JKRqfaBwDXcyWbp23lSoY0i7GBv6N_AAAAAAEMAADXcyWbp23lSoY0i7GBv6N_AAOb0rYnAAA=,"Leave in Inbox. Remove category ""AI Needs Review""."
U149,Undo plan,2026-09-18 12:47,2026-09-18T17:47:07Z,Resell CNC,Twin Turret Twin Spindle 2022 Okuma LT2000EX-2T2MY Lathe,Twin Turret Twin Spindle 2022 Okuma LT2000EX-2T2MY Lathe,,Inbox,Inbox,AAMkAGQyODM5ZWI1LTQ0NDAtNDZiOS1hYTIzLTdjOGM3NDRlNjQ4MgAuAAAAAAAggjN_BHG4TI2Iz-JKRqfaAQDXcyWbp23lSoY0i7GBv6N_AAAAAAEMAAA=,Inbox,AI Needs Review,AI Skipped 2,Inbox,no,AI Needs Review;Entered in AI;AI HOLD;Entered with issues;AI Skipped 2;AI Skipped,move,,AAMkAGQyODM5ZWI1LTQ0NDAtNDZiOS1hYTIzLTdjOGM3NDRlNjQ4MgBGAAAAAAAggjN_BHG4TI2Iz-JKRqfaBwDXcyWbp23lSoY0i7GBv6N_AAAAAAEMAADXcyWbp23lSoY0i7GBv6N_AAOb0rY3AAA=,"Leave in Inbox. Remove category ""AI Needs Review""."
U150,Undo plan,2026-09-19 05:32,2026-09-19T10:32:39Z,COFW,,,,Inbox,Inbox,AAMkAGQyODM5ZWI1LTQ0NDAtNDZiOS1hYTIzLTdjOGM3NDRlNjQ4MgAuAAAAAAAggjN_BHG4TI2Iz-JKRqfaAQDXcyWbp23lSoY0i7GBv6N_AAAAAAEMAAA=,Inbox,AI Needs Review,AI HOLD,Inbox,no,AI Needs Review;Entered in AI;AI HOLD;Entered with issues;AI Skipped 2;AI Skipped,move,,AAMkAGQyODM5ZWI1LTQ0NDAtNDZiOS1hYTIzLTdjOGM3NDRlNjQ4MgBGAAAAAAAggjN_BHG4TI2Iz-JKRqfaBwDXcyWbp23lSoY0i7GBv6N_AAAAAAEMAADXcyWbp23lSoY0i7GBv6N_AAOb0rZEAAA=,"Leave in Inbox. Remove category ""AI Needs Review""."
U151,Undo plan,2026-09-19 07:06,2026-09-19T12:06:16Z,ARNotifications@versalift.com,,,,Inbox,Inbox,AAMkAGQyODM5ZWI1LTQ0NDAtNDZiOS1hYTIzLTdjOGM3NDRlNjQ4MgAuAAAAAAAggjN_BHG4TI2Iz-JKRqfaAQDXcyWbp23lSoY0i7GBv6N_AAAAAAEMAAA=,Inbox,AI Needs Review,AI HOLD,Inbox,no,AI Needs Review;Entered in AI;AI HOLD;Entered with issues;AI Skipped 2;AI Skipped,move,,AAMkAGQyODM5ZWI1LTQ0NDAtNDZiOS1hYTIzLTdjOGM3NDRlNjQ4MgBGAAAAAAAggjN_BHG4TI2Iz-JKRqfaBwDXcyWbp23lSoY0i7GBv6N_AAAAAAEMAADXcyWbp23lSoY0i7GBv6N_AAOb0rZFAAA=,"Leave in Inbox. Remove category ""AI Needs Review""."
U152,Undo plan,2026-09-19 09:05,2026-09-19T14:05:11Z,Resell CNC,2022 DMG Mori NLX2500SY/700 C/Y-Axis Lathe w/Sub-Spindle,2022 DMG Mori NLX2500SY/700 C/Y-Axis Lathe w/Sub-Spindle,,Inbox,Inbox,AAMkAGQyODM5ZWI1LTQ0NDAtNDZiOS1hYTIzLTdjOGM3NDRlNjQ4MgAuAAAAAAAggjN_BHG4TI2Iz-JKRqfaAQDXcyWbp23lSoY0i7GBv6N_AAAAAAEMAAA=,Inbox,AI Needs Review,AI Skipped 2,Inbox,no,AI Needs Review;Entered in AI;AI HOLD;Entered with issues;AI Skipped 2;AI Skipped,move,,AAMkAGQyODM5ZWI1LTQ0NDAtNDZiOS1hYTIzLTdjOGM3NDRlNjQ4MgBGAAAAAAAggjN_BHG4TI2Iz-JKRqfaBwDXcyWbp23lSoY0i7GBv6N_AAAAAAEMAADXcyWbp23lSoY0i7GBv6N_AAOb0rZGAAA=,"Leave in Inbox. Remove category ""AI Needs Review""."
U153,Undo plan,2026-09-20 19:20,2026-09-21T00:20:30Z,The eFax® Team,,,,Inbox,Inbox,AAMkAGQyODM5ZWI1LTQ0NDAtNDZiOS1hYTIzLTdjOGM3NDRlNjQ4MgAuAAAAAAAggjN_BHG4TI2Iz-JKRqfaAQDXcyWbp23lSoY0i7GBv6N_AAAAAAEMAAA=,Inbox,AI Needs Review,AI HOLD,Inbox,no,AI Needs Review;Entered in AI;AI HOLD;Entered with issues;AI Skipped 2;AI Skipped,move,,AAMkAGQyODM5ZWI1LTQ0NDAtNDZiOS1hYTIzLTdjOGM3NDRlNjQ4MgBGAAAAAAAggjN_BHG4TI2Iz-JKRqfaBwDXcyWbp23lSoY0i7GBv6N_AAAAAAEMAADXcyWbp23lSoY0i7GBv6N_AAOdIDLFAAA=,"Leave in Inbox. Remove category ""AI Needs Review""."
U154,Undo plan,2026-09-21 09:35,2026-09-21T14:35:23Z,VistaPrint | Email Exclusive,What’s inside? 👀 It’s a mystery deal,What’s inside? 👀 It’s a mystery deal,,Inbox,Inbox,AAMkAGQyODM5ZWI1LTQ0NDAtNDZiOS1hYTIzLTdjOGM3NDRlNjQ4MgAuAAAAAAAggjN_BHG4TI2Iz-JKRqfaAQDXcyWbp23lSoY0i7GBv6N_AAAAAAEMAAA=,Inbox,AI Needs Review,AI Skipped 2,Inbox,no,AI Needs Review;Entered in AI;AI HOLD;Entered with issues;AI Skipped 2;AI Skipped,move,,AAMkAGQyODM5ZWI1LTQ0NDAtNDZiOS1hYTIzLTdjOGM3NDRlNjQ4MgBGAAAAAAAggjN_BHG4TI2Iz-JKRqfaBwDXcyWbp23lSoY0i7GBv6N_AAAAAAEMAADXcyWbp23lSoY0i7GBv6N_AAOeCmQaAAA=,"Leave in Inbox. Remove category ""AI Needs Review""."
U155,Undo plan,2026-09-21 10:26,2026-09-21T15:26:06Z,"Fw: Your receipt from Anthropic, PBC #2645",,,,Inbox,Inbox,AAMkAGQyODM5ZWI1LTQ0NDAtNDZiOS1hYTIzLTdjOGM3NDRlNjQ4MgAuAAAAAAAggjN_BHG4TI2Iz-JKRqfaAQDXcyWbp23lSoY0i7GBv6N_AAAAAAEMAAA=,Inbox,AI Needs Review,AI HOLD,Inbox,no,AI Needs Review;Entered in AI;AI HOLD;Entered with issues;AI Skipped 2;AI Skipped,move,,AAMkAGQyODM5ZWI1LTQ0NDAtNDZiOS1hYTIzLTdjOGM3NDRlNjQ4MgBGAAAAAAAggjN_BHG4TI2Iz-JKRqfaBwDXcyWbp23lSoY0i7GBv6N_AAAAAAEMAADXcyWbp23lSoY0i7GBv6N_AAOeCmQfAAA=,"Leave in Inbox. Remove category ""AI Needs Review""."
U156,Undo plan,2026-09-21 11:45,2026-09-21T16:45:19Z,Capital Machine,"What Does a Red, Yellow, or Green Report Actually Mean?","What Does a Red, Yellow, or Green Report Actually Mean?",,Inbox,Inbox,AAMkAGQyODM5ZWI1LTQ0NDAtNDZiOS1hYTIzLTdjOGM3NDRlNjQ4MgAuAAAAAAAggjN_BHG4TI2Iz-JKRqfaAQDXcyWbp23lSoY0i7GBv6N_AAAAAAEMAAA=,Inbox,AI Needs Review,AI Skipped 2,Inbox,no,AI Needs Review;Entered in AI;AI HOLD;Entered with issues;AI Skipped 2;AI Skipped,move,,AAMkAGQyODM5ZWI1LTQ0NDAtNDZiOS1hYTIzLTdjOGM3NDRlNjQ4MgBGAAAAAAAggjN_BHG4TI2Iz-JKRqfaBwDXcyWbp23lSoY0i7GBv6N_AAAAAAEMAADXcyWbp23lSoY0i7GBv6N_AAOeCmQjAAA=,"Leave in Inbox. Remove category ""AI Needs Review""."
U157,Undo plan,2026-09-21 14:31,2026-09-21T19:31:02Z,Chris Vieux,Canceled: O3 - Tami,Canceled: O3 - Tami,,Inbox,Inbox,AAMkAGQyODM5ZWI1LTQ0NDAtNDZiOS1hYTIzLTdjOGM3NDRlNjQ4MgAuAAAAAAAggjN_BHG4TI2Iz-JKRqfaAQDXcyWbp23lSoY0i7GBv6N_AAAAAAEMAAA=,Inbox,AI Needs Review,AI Skipped 2,Inbox,no,AI Needs Review;Entered in AI;AI HOLD;Entered with issues;AI Skipped 2;AI Skipped,move,,AAMkAGQyODM5ZWI1LTQ0NDAtNDZiOS1hYTIzLTdjOGM3NDRlNjQ4MgBGAAAAAAAggjN_BHG4TI2Iz-JKRqfaBwDXcyWbp23lSoY0i7GBv6N_AAAAAAEMAADXcyWbp23lSoY0i7GBv6N_AAOeCmQsAAA=,"Leave in Inbox. Remove category ""AI Needs Review""."
U158,Undo plan,2026-09-22 09:55,2026-09-22T14:55:09Z,Earle M. Jorgensen Co,,,,Inbox,Inbox,AAMkAGQyODM5ZWI1LTQ0NDAtNDZiOS1hYTIzLTdjOGM3NDRlNjQ4MgAuAAAAAAAggjN_BHG4TI2Iz-JKRqfaAQDXcyWbp23lSoY0i7GBv6N_AAAAAAEMAAA=,Inbox,AI Needs Review,AI HOLD,Inbox,no,AI Needs Review;Entered in AI;AI HOLD;Entered with issues;AI Skipped 2;AI Skipped,move,,AAMkAGQyODM5ZWI1LTQ0NDAtNDZiOS1hYTIzLTdjOGM3NDRlNjQ4MgBGAAAAAAAggjN_BHG4TI2Iz-JKRqfaBwDXcyWbp23lSoY0i7GBv6N_AAAAAAEMAADXcyWbp23lSoY0i7GBv6N_AAOe0RFzAAA=,"Leave in Inbox. Remove category ""AI Needs Review""."
U159,Undo plan,2026-09-22 10:15,2026-09-22T15:15:15Z,Globe Life,,,,Inbox,Inbox,AAMkAGQyODM5ZWI1LTQ0NDAtNDZiOS1hYTIzLTdjOGM3NDRlNjQ4MgAuAAAAAAAggjN_BHG4TI2Iz-JKRqfaAQDXcyWbp23lSoY0i7GBv6N_AAAAAAEMAAA=,Inbox,AI Needs Review,AI HOLD,Inbox,no,AI Needs Review;Entered in AI;AI HOLD;Entered with issues;AI Skipped 2;AI Skipped,move,,AAMkAGQyODM5ZWI1LTQ0NDAtNDZiOS1hYTIzLTdjOGM3NDRlNjQ4MgBGAAAAAAAggjN_BHG4TI2Iz-JKRqfaBwDXcyWbp23lSoY0i7GBv6N_AAAAAAEMAADXcyWbp23lSoY0i7GBv6N_AAOe0RF0AAA=,"Leave in Inbox. Remove category ""AI Needs Review""."
U160,Undo plan,2026-09-22 10:32,2026-09-22T15:32:23Z,Globe Life,,,,Inbox,Inbox,AAMkAGQyODM5ZWI1LTQ0NDAtNDZiOS1hYTIzLTdjOGM3NDRlNjQ4MgAuAAAAAAAggjN_BHG4TI2Iz-JKRqfaAQDXcyWbp23lSoY0i7GBv6N_AAAAAAEMAAA=,Inbox,AI Needs Review,AI HOLD,Inbox,no,AI Needs Review;Entered in AI;AI HOLD;Entered with issues;AI Skipped 2;AI Skipped,move,,AAMkAGQyODM5ZWI1LTQ0NDAtNDZiOS1hYTIzLTdjOGM3NDRlNjQ4MgBGAAAAAAAggjN_BHG4TI2Iz-JKRqfaBwDXcyWbp23lSoY0i7GBv6N_AAAAAAEMAADXcyWbp23lSoY0i7GBv6N_AAOe0RF1AAA=,"Leave in Inbox. Remove category ""AI Needs Review""."
U161,Undo plan,2026-09-22 11:07,2026-09-22T16:07:05Z,Resell CNC Auctions,$3M CNC Auction Ends Next Week,$3M CNC Auction Ends Next Week,,Inbox,Inbox,AAMkAGQyODM5ZWI1LTQ0NDAtNDZiOS1hYTIzLTdjOGM3NDRlNjQ4MgAuAAAAAAAggjN_BHG4TI2Iz-JKRqfaAQDXcyWbp23lSoY0i7GBv6N_AAAAAAEMAAA=,Inbox,AI Needs Review,AI Skipped 2,Inbox,no,AI Needs Review;Entered in AI;AI HOLD;Entered with issues;AI Skipped 2;AI Skipped,move,,AAMkAGQyODM5ZWI1LTQ0NDAtNDZiOS1hYTIzLTdjOGM3NDRlNjQ4MgBGAAAAAAAggjN_BHG4TI2Iz-JKRqfaBwDXcyWbp23lSoY0i7GBv6N_AAAAAAEMAADXcyWbp23lSoY0i7GBv6N_AAOe0RF3AAA=,"Leave in Inbox. Remove category ""AI Needs Review""."
U162,Undo plan,2026-09-22 22:54,2026-09-23T03:54:22Z,Safety-Kleen,⏰ Last chance! Save $225 on transmission fluids!,⏰ Last chance! Save $225 on transmission fluids!,,Inbox,Inbox,AAMkAGQyODM5ZWI1LTQ0NDAtNDZiOS1hYTIzLTdjOGM3NDRlNjQ4MgAuAAAAAAAggjN_BHG4TI2Iz-JKRqfaAQDXcyWbp23lSoY0i7GBv6N_AAAAAAEMAAA=,Inbox,AI Needs Review,AI Skipped 2,Inbox,no,AI Needs Review;Entered in AI;AI HOLD;Entered with issues;AI Skipped 2;AI Skipped,move,,AAMkAGQyODM5ZWI1LTQ0NDAtNDZiOS1hYTIzLTdjOGM3NDRlNjQ4MgBGAAAAAAAggjN_BHG4TI2Iz-JKRqfaBwDXcyWbp23lSoY0i7GBv6N_AAAAAAEMAADXcyWbp23lSoY0i7GBv6N_AAOe0RGCAAA=,"Leave in Inbox. Remove category ""AI Needs Review""."
U163,Undo plan,2026-09-23 07:20,2026-09-23T12:20:23Z,"Fw: Your receipt from Anthropic, PBC #2309",,,,Inbox,Inbox,AAMkAGQyODM5ZWI1LTQ0NDAtNDZiOS1hYTIzLTdjOGM3NDRlNjQ4MgAuAAAAAAAggjN_BHG4TI2Iz-JKRqfaAQDXcyWbp23lSoY0i7GBv6N_AAAAAAEMAAA=,Inbox,AI Needs Review,AI HOLD,Inbox,no,AI Needs Review;Entered in AI;AI HOLD;Entered with issues;AI Skipped 2;AI Skipped,move,,AAMkAGQyODM5ZWI1LTQ0NDAtNDZiOS1hYTIzLTdjOGM3NDRlNjQ4MgBGAAAAAAAggjN_BHG4TI2Iz-JKRqfaBwDXcyWbp23lSoY0i7GBv6N_AAAAAAEMAADXcyWbp23lSoY0i7GBv6N_AAOe0RGJAAA=,"Leave in Inbox. Remove category ""AI Needs Review""."
U164,Undo plan,2026-09-23 07:58,2026-09-23T12:58:06Z,Safety-Kleen,Reminder: We still want to hear from you—just 5 quick questions!,Reminder: We still want to hear from you—just 5 quick questions!,,Inbox,Inbox,AAMkAGQyODM5ZWI1LTQ0NDAtNDZiOS1hYTIzLTdjOGM3NDRlNjQ4MgAuAAAAAAAggjN_BHG4TI2Iz-JKRqfaAQDXcyWbp23lSoY0i7GBv6N_AAAAAAEMAAA=,Inbox,AI Needs Review,AI Skipped 2,Inbox,no,AI Needs Review;Entered in AI;AI HOLD;Entered with issues;AI Skipped 2;AI Skipped,move,,AAMkAGQyODM5ZWI1LTQ0NDAtNDZiOS1hYTIzLTdjOGM3NDRlNjQ4MgBGAAAAAAAggjN_BHG4TI2Iz-JKRqfaBwDXcyWbp23lSoY0i7GBv6N_AAAAAAEMAADXcyWbp23lSoY0i7GBv6N_AAOe0RGKAAA=,"Leave in Inbox. Remove category ""AI Needs Review""."
U165,Undo plan,2026-09-23 10:55,2026-09-23T15:55:51Z,Stella Source,Customers without files can now order online,Customers without files can now order online,,Inbox,Inbox,AAMkAGQyODM5ZWI1LTQ0NDAtNDZiOS1hYTIzLTdjOGM3NDRlNjQ4MgAuAAAAAAAggjN_BHG4TI2Iz-JKRqfaAQDXcyWbp23lSoY0i7GBv6N_AAAAAAEMAAA=,Inbox,AI Needs Review,AI Skipped 2,Inbox,no,AI Needs Review;Entered in AI;AI HOLD;Entered with issues;AI Skipped 2;AI Skipped,move,,AAMkAGQyODM5ZWI1LTQ0NDAtNDZiOS1hYTIzLTdjOGM3NDRlNjQ4MgBGAAAAAAAggjN_BHG4TI2Iz-JKRqfaBwDXcyWbp23lSoY0i7GBv6N_AAAAAAEMAADXcyWbp23lSoY0i7GBv6N_AAOfmEbSAAA=,"Leave in Inbox. Remove category ""AI Needs Review""."
U166,Undo plan,2026-09-23 11:12,2026-09-23T16:12:11Z,Amazon Business,Prime Big Deal Days arrive soon,Prime Big Deal Days arrive soon,,Inbox,Inbox,AAMkAGQyODM5ZWI1LTQ0NDAtNDZiOS1hYTIzLTdjOGM3NDRlNjQ4MgAuAAAAAAAggjN_BHG4TI2Iz-JKRqfaAQDXcyWbp23lSoY0i7GBv6N_AAAAAAEMAAA=,Inbox,AI Needs Review,AI Skipped 2,Inbox,no,AI Needs Review;Entered in AI;AI HOLD;Entered with issues;AI Skipped 2;AI Skipped,move,,AAMkAGQyODM5ZWI1LTQ0NDAtNDZiOS1hYTIzLTdjOGM3NDRlNjQ4MgBGAAAAAAAggjN_BHG4TI2Iz-JKRqfaBwDXcyWbp23lSoY0i7GBv6N_AAAAAAEMAADXcyWbp23lSoY0i7GBv6N_AAOfmEbTAAA=,"Leave in Inbox. Remove category ""AI Needs Review""."
U167,Undo plan,2026-09-23 12:55,2026-09-23T17:55:38Z,RE: A. M. Castle & Co. Payment Inquiry: KANNON MFG INC,,,43293871,Inbox,Inbox,AAMkAGQyODM5ZWI1LTQ0NDAtNDZiOS1hYTIzLTdjOGM3NDRlNjQ4MgAuAAAAAAAggjN_BHG4TI2Iz-JKRqfaAQDXcyWbp23lSoY0i7GBv6N_AAAAAAEMAAA=,Inbox,AI Needs Review,Entered with issues,Inbox,no,AI Needs Review;Entered in AI;AI HOLD;Entered with issues;AI Skipped 2;AI Skipped,move,,AAMkAGQyODM5ZWI1LTQ0NDAtNDZiOS1hYTIzLTdjOGM3NDRlNjQ4MgBGAAAAAAAggjN_BHG4TI2Iz-JKRqfaBwDXcyWbp23lSoY0i7GBv6N_AAAAAAEMAADXcyWbp23lSoY0i7GBv6N_AAOfmEbUAAA=,"Leave in Inbox. Remove category ""AI Needs Review""."
U168,Undo plan,2026-09-23 13:19,2026-09-23T18:19:15Z,RE: A. M. Castle & Co. Payment Inquiry: KANNON MFG INC,RE: A. M. Castle & Co. Payment Inquiry: KANNON MFG INC-FT WORTH #32279,RE: A. M. Castle & Co. Payment Inquiry: KANNON MFG INC-FT WORTH #32279,43293871,Inbox,Inbox,AAMkAGQyODM5ZWI1LTQ0NDAtNDZiOS1hYTIzLTdjOGM3NDRlNjQ4MgAuAAAAAAAggjN_BHG4TI2Iz-JKRqfaAQDXcyWbp23lSoY0i7GBv6N_AAAAAAEMAAA=,Inbox,AI Needs Review,AI HOLD,Inbox,no,AI Needs Review;Entered in AI;AI HOLD;Entered with issues;AI Skipped 2;AI Skipped,move,,AAMkAGQyODM5ZWI1LTQ0NDAtNDZiOS1hYTIzLTdjOGM3NDRlNjQ4MgBGAAAAAAAggjN_BHG4TI2Iz-JKRqfaBwDXcyWbp23lSoY0i7GBv6N_AAAAAAEMAADXcyWbp23lSoY0i7GBv6N_AAOfmEbVAAA=,"Leave in Inbox. Remove category ""AI Needs Review""."
U169,Undo plan,2026-09-23 13:45,2026-09-23T18:45:52Z,Mark Henry,,,,Inbox,Inbox,AAMkAGQyODM5ZWI1LTQ0NDAtNDZiOS1hYTIzLTdjOGM3NDRlNjQ4MgAuAAAAAAAggjN_BHG4TI2Iz-JKRqfaAQDXcyWbp23lSoY0i7GBv6N_AAAAAAEMAAA=,Inbox,AI Needs Review,AI HOLD,Inbox,no,AI Needs Review;Entered in AI;AI HOLD;Entered with issues;AI Skipped 2;AI Skipped,move,,AAMkAGQyODM5ZWI1LTQ0NDAtNDZiOS1hYTIzLTdjOGM3NDRlNjQ4MgBGAAAAAAAggjN_BHG4TI2Iz-JKRqfaBwDXcyWbp23lSoY0i7GBv6N_AAAAAAEMAADXcyWbp23lSoY0i7GBv6N_AAOfmEbYAAA=,"Leave in Inbox. Remove category ""AI Needs Review""."
U170,Undo plan,2026-09-23 16:21,2026-09-23T21:21:54Z,"Fw: Your receipt from Anthropic, PBC #2636",,,,Inbox,Inbox,AAMkAGQyODM5ZWI1LTQ0NDAtNDZiOS1hYTIzLTdjOGM3NDRlNjQ4MgAuAAAAAAAggjN_BHG4TI2Iz-JKRqfaAQDXcyWbp23lSoY0i7GBv6N_AAAAAAEMAAA=,Inbox,AI Needs Review,AI HOLD,Inbox,no,AI Needs Review;Entered in AI;AI HOLD;Entered with issues;AI Skipped 2;AI Skipped,move,,AAMkAGQyODM5ZWI1LTQ0NDAtNDZiOS1hYTIzLTdjOGM3NDRlNjQ4MgBGAAAAAAAggjN_BHG4TI2Iz-JKRqfaBwDXcyWbp23lSoY0i7GBv6N_AAAAAAEMAADXcyWbp23lSoY0i7GBv6N_AAOfmEbdAAA=,"Leave in Inbox. Remove category ""AI Needs Review""."
U171,Undo plan,2026-09-23 16:47,2026-09-23T21:47:53Z,Shawn McKibben,"Fw: [EXTERNAL]Re: [EXTERNAL]Fw: [EXTERNAL]Re: [EXTERNAL]Fw: 3/8"" 60 x 96 A36  WO 35007.17 ","Fw: [EXTERNAL]Re: [EXTERNAL]Fw: [EXTERNAL]Re: [EXTERNAL]Fw: 3/8"" 60 x 96 A36  WO 35007.17 ",,Inbox,Inbox,AAMkAGQyODM5ZWI1LTQ0NDAtNDZiOS1hYTIzLTdjOGM3NDRlNjQ4MgAuAAAAAAAggjN_BHG4TI2Iz-JKRqfaAQDXcyWbp23lSoY0i7GBv6N_AAAAAAEMAAA=,Inbox,AI Needs Review,AI Skipped 2,Inbox,no,AI Needs Review;Entered in AI;AI HOLD;Entered with issues;AI Skipped 2;AI Skipped,move,,AAMkAGQyODM5ZWI1LTQ0NDAtNDZiOS1hYTIzLTdjOGM3NDRlNjQ4MgBGAAAAAAAggjN_BHG4TI2Iz-JKRqfaBwDXcyWbp23lSoY0i7GBv6N_AAAAAAEMAADXcyWbp23lSoY0i7GBv6N_AAOfmEbeAAA=,"Leave in Inbox. Remove category ""AI Needs Review""."
U172,Undo plan,2026-09-24 08:00,2026-09-24T13:00:55Z,A. M. Castle & Co.,Precision Waterjet Cutting That Keeps Production Moving,Precision Waterjet Cutting That Keeps Production Moving,,Inbox,Inbox,AAMkAGQyODM5ZWI1LTQ0NDAtNDZiOS1hYTIzLTdjOGM3NDRlNjQ4MgAuAAAAAAAggjN_BHG4TI2Iz-JKRqfaAQDXcyWbp23lSoY0i7GBv6N_AAAAAAEMAAA=,Inbox,AI Needs Review,AI Skipped 2,Inbox,no,AI Needs Review;Entered in AI;AI HOLD;Entered with issues;AI Skipped 2;AI Skipped,move,,AAMkAGQyODM5ZWI1LTQ0NDAtNDZiOS1hYTIzLTdjOGM3NDRlNjQ4MgBGAAAAAAAggjN_BHG4TI2Iz-JKRqfaBwDXcyWbp23lSoY0i7GBv6N_AAAAAAEMAADXcyWbp23lSoY0i7GBv6N_AAOfyZ9_AAA=,"Leave in Inbox. Remove category ""AI Needs Review""."
U173,Undo plan,2026-09-24 09:16,2026-09-24T14:16:00Z,"Alternative Machinery Sales, Inc.",Time-Sensitive: 2015 LCG3015NT (3.5KW) & 2006 AMADA FO3015NT (4KW),Time-Sensitive: 2015 LCG3015NT (3.5KW) & 2006 AMADA FO3015NT (4KW),,Inbox,Inbox,AAMkAGQyODM5ZWI1LTQ0NDAtNDZiOS1hYTIzLTdjOGM3NDRlNjQ4MgAuAAAAAAAggjN_BHG4TI2Iz-JKRqfaAQDXcyWbp23lSoY0i7GBv6N_AAAAAAEMAAA=,Inbox,AI Needs Review,AI Skipped 2,Inbox,no,AI Needs Review;Entered in AI;AI HOLD;Entered with issues;AI Skipped 2;AI Skipped,move,,AAMkAGQyODM5ZWI1LTQ0NDAtNDZiOS1hYTIzLTdjOGM3NDRlNjQ4MgBGAAAAAAAggjN_BHG4TI2Iz-JKRqfaBwDXcyWbp23lSoY0i7GBv6N_AAAAAAEMAADXcyWbp23lSoY0i7GBv6N_AAOfyZ_DAAA=,"Leave in Inbox. Remove category ""AI Needs Review""."
U174,Undo plan,2026-09-24 09:57,2026-09-24T14:57:25Z,Pat Wright,IPFS Finance Note for Products/Completed Operations-Kannon Manufacturing TXH-F22041,IPFS Finance Note for Products/Completed Operations-Kannon Manufacturing TXH-F22041,,Inbox,Inbox,AAMkAGQyODM5ZWI1LTQ0NDAtNDZiOS1hYTIzLTdjOGM3NDRlNjQ4MgAuAAAAAAAggjN_BHG4TI2Iz-JKRqfaAQDXcyWbp23lSoY0i7GBv6N_AAAAAAEMAAA=,Inbox,AI Needs Review,AI Skipped 2,Inbox,no,AI Needs Review;Entered in AI;AI HOLD;Entered with issues;AI Skipped 2;AI Skipped,move,,AAMkAGQyODM5ZWI1LTQ0NDAtNDZiOS1hYTIzLTdjOGM3NDRlNjQ4MgBGAAAAAAAggjN_BHG4TI2Iz-JKRqfaBwDXcyWbp23lSoY0i7GBv6N_AAAAAAEMAADXcyWbp23lSoY0i7GBv6N_AAOfyZ_EAAA=,"Leave in Inbox. Remove category ""AI Needs Review""."
U175,Undo plan,2026-09-24 11:09,2026-09-24T16:09:48Z,Resell CNC Auctions,Precision Mazak CNC Facility Auction - Next Week,Precision Mazak CNC Facility Auction - Next Week,,Inbox,Inbox,AAMkAGQyODM5ZWI1LTQ0NDAtNDZiOS1hYTIzLTdjOGM3NDRlNjQ4MgAuAAAAAAAggjN_BHG4TI2Iz-JKRqfaAQDXcyWbp23lSoY0i7GBv6N_AAAAAAEMAAA=,Inbox,AI Needs Review,AI Skipped 2,Inbox,no,AI Needs Review;Entered in AI;AI HOLD;Entered with issues;AI Skipped 2;AI Skipped,move,,AAMkAGQyODM5ZWI1LTQ0NDAtNDZiOS1hYTIzLTdjOGM3NDRlNjQ4MgBGAAAAAAAggjN_BHG4TI2Iz-JKRqfaBwDXcyWbp23lSoY0i7GBv6N_AAAAAAEMAADXcyWbp23lSoY0i7GBv6N_AAOfyZ_FAAA=,"Leave in Inbox. Remove category ""AI Needs Review""."
U176,Undo plan,2026-09-24 11:55,2026-09-24T16:55:46Z,"Steel Inspectors of Texas, Inc.",,,,Inbox,Inbox,AAMkAGQyODM5ZWI1LTQ0NDAtNDZiOS1hYTIzLTdjOGM3NDRlNjQ4MgAuAAAAAAAggjN_BHG4TI2Iz-JKRqfaAQDXcyWbp23lSoY0i7GBv6N_AAAAAAEMAAA=,Inbox,AI Needs Review,AI HOLD,Inbox,no,AI Needs Review;Entered in AI;AI HOLD;Entered with issues;AI Skipped 2;AI Skipped,move,,AAMkAGQyODM5ZWI1LTQ0NDAtNDZiOS1hYTIzLTdjOGM3NDRlNjQ4MgBGAAAAAAAggjN_BHG4TI2Iz-JKRqfaBwDXcyWbp23lSoY0i7GBv6N_AAAAAAEMAADXcyWbp23lSoY0i7GBv6N_AAOfyZ_IAAA=,"Leave in Inbox. Remove category ""AI Needs Review""."
U177,Undo plan,2026-09-24 11:58,2026-09-24T16:58:01Z,"Steel Inspectors of Texas, Inc.",,,,Inbox,Inbox,AAMkAGQyODM5ZWI1LTQ0NDAtNDZiOS1hYTIzLTdjOGM3NDRlNjQ4MgAuAAAAAAAggjN_BHG4TI2Iz-JKRqfaAQDXcyWbp23lSoY0i7GBv6N_AAAAAAEMAAA=,Inbox,AI Needs Review,AI HOLD,Inbox,no,AI Needs Review;Entered in AI;AI HOLD;Entered with issues;AI Skipped 2;AI Skipped,move,,AAMkAGQyODM5ZWI1LTQ0NDAtNDZiOS1hYTIzLTdjOGM3NDRlNjQ4MgBGAAAAAAAggjN_BHG4TI2Iz-JKRqfaBwDXcyWbp23lSoY0i7GBv6N_AAAAAAEMAADXcyWbp23lSoY0i7GBv6N_AAOfyZ_JAAA=,"Leave in Inbox. Remove category ""AI Needs Review""."
U178,Undo plan,2026-09-24 14:46,2026-09-24T19:46:22Z,"Sullivan, Maria",ORDER PENDING ,ORDER PENDING ,,Inbox,Inbox,AAMkAGQyODM5ZWI1LTQ0NDAtNDZiOS1hYTIzLTdjOGM3NDRlNjQ4MgAuAAAAAAAggjN_BHG4TI2Iz-JKRqfaAQDXcyWbp23lSoY0i7GBv6N_AAAAAAEMAAA=,Inbox,AI Needs Review,AI Skipped 2,Inbox,no,AI Needs Review;Entered in AI;AI HOLD;Entered with issues;AI Skipped 2;AI Skipped,move,,AAMkAGQyODM5ZWI1LTQ0NDAtNDZiOS1hYTIzLTdjOGM3NDRlNjQ4MgBGAAAAAAAggjN_BHG4TI2Iz-JKRqfaBwDXcyWbp23lSoY0i7GBv6N_AAAAAAEMAADXcyWbp23lSoY0i7GBv6N_AAOfyZ_NAAA=,"Leave in Inbox. Remove category ""AI Needs Review""."
U179,Undo plan,2026-09-24 15:05,2026-09-24T20:05:01Z,Shawn McKibben,Re: ORDER PENDING ,Re: ORDER PENDING ,,Inbox,Inbox,AAMkAGQyODM5ZWI1LTQ0NDAtNDZiOS1hYTIzLTdjOGM3NDRlNjQ4MgAuAAAAAAAggjN_BHG4TI2Iz-JKRqfaAQDXcyWbp23lSoY0i7GBv6N_AAAAAAEMAAA=,Inbox,AI Needs Review,AI Skipped 2,Inbox,no,AI Needs Review;Entered in AI;AI HOLD;Entered with issues;AI Skipped 2;AI Skipped,move,,AAMkAGQyODM5ZWI1LTQ0NDAtNDZiOS1hYTIzLTdjOGM3NDRlNjQ4MgBGAAAAAAAggjN_BHG4TI2Iz-JKRqfaBwDXcyWbp23lSoY0i7GBv6N_AAAAAAEMAADXcyWbp23lSoY0i7GBv6N_AAOfyZ_OAAA=,"Leave in Inbox. Remove category ""AI Needs Review""."
U180,Undo plan,2026-09-24 15:08,2026-09-24T20:08:03Z,"Sullivan, Maria",,,,Inbox,Inbox,AAMkAGQyODM5ZWI1LTQ0NDAtNDZiOS1hYTIzLTdjOGM3NDRlNjQ4MgAuAAAAAAAggjN_BHG4TI2Iz-JKRqfaAQDXcyWbp23lSoY0i7GBv6N_AAAAAAEMAAA=,Inbox,AI Needs Review,AI HOLD,Inbox,no,AI Needs Review;Entered in AI;AI HOLD;Entered with issues;AI Skipped 2;AI Skipped,move,,AAMkAGQyODM5ZWI1LTQ0NDAtNDZiOS1hYTIzLTdjOGM3NDRlNjQ4MgBGAAAAAAAggjN_BHG4TI2Iz-JKRqfaBwDXcyWbp23lSoY0i7GBv6N_AAAAAAEMAADXcyWbp23lSoY0i7GBv6N_AAOfyZ_PAAA=,"Leave in Inbox. Remove category ""AI Needs Review""."
U181,Undo plan,2026-09-24 15:27,2026-09-24T20:27:42Z,"Goings, Alfred",RE: [EXTERNAL]Re: ORDER PENDING   14748440 KANNON MFG,RE: [EXTERNAL]Re: ORDER PENDING   14748440 KANNON MFG,,Inbox,Inbox,AAMkAGQyODM5ZWI1LTQ0NDAtNDZiOS1hYTIzLTdjOGM3NDRlNjQ4MgAuAAAAAAAggjN_BHG4TI2Iz-JKRqfaAQDXcyWbp23lSoY0i7GBv6N_AAAAAAEMAAA=,Inbox,AI Needs Review,AI Skipped 2,Inbox,no,AI Needs Review;Entered in AI;AI HOLD;Entered with issues;AI Skipped 2;AI Skipped,move,,AAMkAGQyODM5ZWI1LTQ0NDAtNDZiOS1hYTIzLTdjOGM3NDRlNjQ4MgBGAAAAAAAggjN_BHG4TI2Iz-JKRqfaBwDXcyWbp23lSoY0i7GBv6N_AAAAAAEMAADXcyWbp23lSoY0i7GBv6N_AAOfyZ_QAAA=,"Leave in Inbox. Remove category ""AI Needs Review""."
U182,Undo plan,2026-09-24 16:26,2026-09-24T21:26:14Z,Kannon Manufacturing,,,,Inbox,Inbox,AAMkAGQyODM5ZWI1LTQ0NDAtNDZiOS1hYTIzLTdjOGM3NDRlNjQ4MgAuAAAAAAAggjN_BHG4TI2Iz-JKRqfaAQDXcyWbp23lSoY0i7GBv6N_AAAAAAEMAAA=,Inbox,AI Needs Review,AI HOLD,Inbox,no,AI Needs Review;Entered in AI;AI HOLD;Entered with issues;AI Skipped 2;AI Skipped,move,,AAMkAGQyODM5ZWI1LTQ0NDAtNDZiOS1hYTIzLTdjOGM3NDRlNjQ4MgBGAAAAAAAggjN_BHG4TI2Iz-JKRqfaBwDXcyWbp23lSoY0i7GBv6N_AAAAAAEMAADXcyWbp23lSoY0i7GBv6N_AAOfyZ_RAAA=,"Leave in Inbox. Remove category ""AI Needs Review""."
U183,Undo plan,2026-09-24 23:18,2026-09-25T04:18:01Z,Amazon Business,Celebrate Hispanic Heritage,Celebrate Hispanic Heritage,,Inbox,Inbox,AAMkAGQyODM5ZWI1LTQ0NDAtNDZiOS1hYTIzLTdjOGM3NDRlNjQ4MgAuAAAAAAAggjN_BHG4TI2Iz-JKRqfaAQDXcyWbp23lSoY0i7GBv6N_AAAAAAEMAAA=,Inbox,AI Needs Review,AI Skipped 2,Inbox,no,AI Needs Review;Entered in AI;AI HOLD;Entered with issues;AI Skipped 2;AI Skipped,move,,AAMkAGQyODM5ZWI1LTQ0NDAtNDZiOS1hYTIzLTdjOGM3NDRlNjQ4MgBGAAAAAAAggjN_BHG4TI2Iz-JKRqfaBwDXcyWbp23lSoY0i7GBv6N_AAAAAAEMAADXcyWbp23lSoY0i7GBv6N_AAOfyZ_eAAA=,"Leave in Inbox. Remove category ""AI Needs Review""."
U184,Undo plan,2026-09-25 06:13,2026-09-25T11:13:56Z,Kloeckner Metals Corporation,,,,Inbox,Inbox,AAMkAGQyODM5ZWI1LTQ0NDAtNDZiOS1hYTIzLTdjOGM3NDRlNjQ4MgAuAAAAAAAggjN_BHG4TI2Iz-JKRqfaAQDXcyWbp23lSoY0i7GBv6N_AAAAAAEMAAA=,Inbox,AI Needs Review,AI HOLD,Inbox,no,AI Needs Review;Entered in AI;AI HOLD;Entered with issues;AI Skipped 2;AI Skipped,move,,AAMkAGQyODM5ZWI1LTQ0NDAtNDZiOS1hYTIzLTdjOGM3NDRlNjQ4MgBGAAAAAAAggjN_BHG4TI2Iz-JKRqfaBwDXcyWbp23lSoY0i7GBv6N_AAAAAAEMAADXcyWbp23lSoY0i7GBv6N_AAOgxTrdAAA=,"Leave in Inbox. Remove category ""AI Needs Review""."
U185,Undo plan,2026-09-25 09:54,2026-09-25T14:54:02Z,Shawn McKibben,Re: [EXTERNAL]Re: ORDER PENDING   14748440 KANNON MFG,Re: [EXTERNAL]Re: ORDER PENDING   14748440 KANNON MFG,,Inbox,Inbox,AAMkAGQyODM5ZWI1LTQ0NDAtNDZiOS1hYTIzLTdjOGM3NDRlNjQ4MgAuAAAAAAAggjN_BHG4TI2Iz-JKRqfaAQDXcyWbp23lSoY0i7GBv6N_AAAAAAEMAAA=,Inbox,AI Needs Review,AI Skipped 2,Inbox,no,AI Needs Review;Entered in AI;AI HOLD;Entered with issues;AI Skipped 2;AI Skipped,move,,AAMkAGQyODM5ZWI1LTQ0NDAtNDZiOS1hYTIzLTdjOGM3NDRlNjQ4MgBGAAAAAAAggjN_BHG4TI2Iz-JKRqfaBwDXcyWbp23lSoY0i7GBv6N_AAAAAAEMAADXcyWbp23lSoY0i7GBv6N_AAOgzJjPAAA=,"Leave in Inbox. Remove category ""AI Needs Review""."
U186,Undo plan,2026-09-25 09:55,2026-09-25T14:55:28Z,Shawn McKibben,Fw: PALLETS 8' PO 59073,Fw: PALLETS 8' PO 59073,,Inbox,Inbox,AAMkAGQyODM5ZWI1LTQ0NDAtNDZiOS1hYTIzLTdjOGM3NDRlNjQ4MgAuAAAAAAAggjN_BHG4TI2Iz-JKRqfaAQDXcyWbp23lSoY0i7GBv6N_AAAAAAEMAAA=,Inbox,AI Needs Review,AI Skipped 2,Inbox,no,AI Needs Review;Entered in AI;AI HOLD;Entered with issues;AI Skipped 2;AI Skipped,move,,AAMkAGQyODM5ZWI1LTQ0NDAtNDZiOS1hYTIzLTdjOGM3NDRlNjQ4MgBGAAAAAAAggjN_BHG4TI2Iz-JKRqfaBwDXcyWbp23lSoY0i7GBv6N_AAAAAAEMAADXcyWbp23lSoY0i7GBv6N_AAOgzJjQAAA=,"Leave in Inbox. Remove category ""AI Needs Review""."
U187,Undo plan,2026-09-25 09:58,2026-09-25T14:58:12Z,"Sullivan, Maria",RE: [EXTERNAL]Re: [EXTERNAL]Re: ORDER PENDING   14748440 KANNON MFG,RE: [EXTERNAL]Re: [EXTERNAL]Re: ORDER PENDING   14748440 KANNON MFG,,Inbox,Inbox,AAMkAGQyODM5ZWI1LTQ0NDAtNDZiOS1hYTIzLTdjOGM3NDRlNjQ4MgAuAAAAAAAggjN_BHG4TI2Iz-JKRqfaAQDXcyWbp23lSoY0i7GBv6N_AAAAAAEMAAA=,Inbox,AI Needs Review,AI Skipped 2,Inbox,no,AI Needs Review;Entered in AI;AI HOLD;Entered with issues;AI Skipped 2;AI Skipped,move,,AAMkAGQyODM5ZWI1LTQ0NDAtNDZiOS1hYTIzLTdjOGM3NDRlNjQ4MgBGAAAAAAAggjN_BHG4TI2Iz-JKRqfaBwDXcyWbp23lSoY0i7GBv6N_AAAAAAEMAADXcyWbp23lSoY0i7GBv6N_AAOgzJjRAAA=,"Leave in Inbox. Remove category ""AI Needs Review""."
U188,Undo plan,2026-09-25 10:09,2026-09-25T15:09:11Z,LaVanture Products Company,Reminder:  LaVanture Open House 2026 - Next Wednesday,Reminder:  LaVanture Open House 2026 - Next Wednesday,,Inbox,Inbox,AAMkAGQyODM5ZWI1LTQ0NDAtNDZiOS1hYTIzLTdjOGM3NDRlNjQ4MgAuAAAAAAAggjN_BHG4TI2Iz-JKRqfaAQDXcyWbp23lSoY0i7GBv6N_AAAAAAEMAAA=,Inbox,AI Needs Review,AI Skipped 2,Inbox,no,AI Needs Review;Entered in AI;AI HOLD;Entered with issues;AI Skipped 2;AI Skipped,move,,AAMkAGQyODM5ZWI1LTQ0NDAtNDZiOS1hYTIzLTdjOGM3NDRlNjQ4MgBGAAAAAAAggjN_BHG4TI2Iz-JKRqfaBwDXcyWbp23lSoY0i7GBv6N_AAAAAAEMAADXcyWbp23lSoY0i7GBv6N_AAOgzJjSAAA=,"Leave in Inbox. Remove category ""AI Needs Review""."
U189,Undo plan,2026-09-25 11:45,2026-09-25T16:45:06Z,Capital Machine,The Right Machine Should Come With the Right People Behind It,The Right Machine Should Come With the Right People Behind It,,Inbox,Inbox,AAMkAGQyODM5ZWI1LTQ0NDAtNDZiOS1hYTIzLTdjOGM3NDRlNjQ4MgAuAAAAAAAggjN_BHG4TI2Iz-JKRqfaAQDXcyWbp23lSoY0i7GBv6N_AAAAAAEMAAA=,Inbox,AI Needs Review,AI Skipped 2,Inbox,no,AI Needs Review;Entered in AI;AI HOLD;Entered with issues;AI Skipped 2;AI Skipped,move,,AAMkAGQyODM5ZWI1LTQ0NDAtNDZiOS1hYTIzLTdjOGM3NDRlNjQ4MgBGAAAAAAAggjN_BHG4TI2Iz-JKRqfaBwDXcyWbp23lSoY0i7GBv6N_AAAAAAEMAADXcyWbp23lSoY0i7GBv6N_AAOgzJjaAAA=,"Leave in Inbox. Remove category ""AI Needs Review""."
U190,Undo plan,2026-09-25 12:37,2026-09-25T17:37:18Z,Resell CNC Auctions,Ends Next Week - Like New Porta Solutions 5-Axis 3-Spindle Muticenters Auction,Ends Next Week - Like New Porta Solutions 5-Axis 3-Spindle Muticenters Auction,,Inbox,Inbox,AAMkAGQyODM5ZWI1LTQ0NDAtNDZiOS1hYTIzLTdjOGM3NDRlNjQ4MgAuAAAAAAAggjN_BHG4TI2Iz-JKRqfaAQDXcyWbp23lSoY0i7GBv6N_AAAAAAEMAAA=,Inbox,AI Needs Review,AI Skipped 2,Inbox,no,AI Needs Review;Entered in AI;AI HOLD;Entered with issues;AI Skipped 2;AI Skipped,move,,AAMkAGQyODM5ZWI1LTQ0NDAtNDZiOS1hYTIzLTdjOGM3NDRlNjQ4MgBGAAAAAAAggjN_BHG4TI2Iz-JKRqfaBwDXcyWbp23lSoY0i7GBv6N_AAAAAAEMAADXcyWbp23lSoY0i7GBv6N_AAOgzJjbAAA=,"Leave in Inbox. Remove category ""AI Needs Review""."
U191,Undo plan,2026-09-25 13:05,2026-09-25T18:05:22Z,Resell CNC,2021 Accu-Cut 6SM Honing Machine w/Fanuc Robot,2021 Accu-Cut 6SM Honing Machine w/Fanuc Robot,,Inbox,Inbox,AAMkAGQyODM5ZWI1LTQ0NDAtNDZiOS1hYTIzLTdjOGM3NDRlNjQ4MgAuAAAAAAAggjN_BHG4TI2Iz-JKRqfaAQDXcyWbp23lSoY0i7GBv6N_AAAAAAEMAAA=,Inbox,AI Needs Review,AI Skipped 2,Inbox,no,AI Needs Review;Entered in AI;AI HOLD;Entered with issues;AI Skipped 2;AI Skipped,move,,AAMkAGQyODM5ZWI1LTQ0NDAtNDZiOS1hYTIzLTdjOGM3NDRlNjQ4MgBGAAAAAAAggjN_BHG4TI2Iz-JKRqfaBwDXcyWbp23lSoY0i7GBv6N_AAAAAAEMAADXcyWbp23lSoY0i7GBv6N_AAOgzJjcAAA=,"Leave in Inbox. Remove category ""AI Needs Review""."
U192,Undo plan,2026-09-26 08:14,2026-09-26T13:14:49Z,Jake Josko,"3 Auctions Ending Soon - Mazak CNC Facility, Firearms Mfg Shop & Deerfield Electric","3 Auctions Ending Soon - Mazak CNC Facility, Firearms Mfg Shop & Deerfield Electric",,Inbox,Inbox,AAMkAGQyODM5ZWI1LTQ0NDAtNDZiOS1hYTIzLTdjOGM3NDRlNjQ4MgAuAAAAAAAggjN_BHG4TI2Iz-JKRqfaAQDXcyWbp23lSoY0i7GBv6N_AAAAAAEMAAA=,Inbox,AI Needs Review,AI Skipped 2,Inbox,no,AI Needs Review;Entered in AI;AI HOLD;Entered with issues;AI Skipped 2;AI Skipped,move,,AAMkAGQyODM5ZWI1LTQ0NDAtNDZiOS1hYTIzLTdjOGM3NDRlNjQ4MgBGAAAAAAAggjN_BHG4TI2Iz-JKRqfaBwDXcyWbp23lSoY0i7GBv6N_AAAAAAEMAADXcyWbp23lSoY0i7GBv6N_AAOgzJjtAAA=,"Leave in Inbox. Remove category ""AI Needs Review""."
U193,Undo plan,2026-09-26 16:28,2026-09-26T21:28:04Z,DoNotReply@ColonialLife.com,,,,Inbox,Inbox,AAMkAGQyODM5ZWI1LTQ0NDAtNDZiOS1hYTIzLTdjOGM3NDRlNjQ4MgAuAAAAAAAggjN_BHG4TI2Iz-JKRqfaAQDXcyWbp23lSoY0i7GBv6N_AAAAAAEMAAA=,Inbox,AI Needs Review,AI HOLD,Inbox,no,AI Needs Review;Entered in AI;AI HOLD;Entered with issues;AI Skipped 2;AI Skipped,move,,AAMkAGQyODM5ZWI1LTQ0NDAtNDZiOS1hYTIzLTdjOGM3NDRlNjQ4MgBGAAAAAAAggjN_BHG4TI2Iz-JKRqfaBwDXcyWbp23lSoY0i7GBv6N_AAAAAAEMAADXcyWbp23lSoY0i7GBv6N_AAOgzJjuAAA=,"Leave in Inbox. Remove category ""AI Needs Review""."
U194,Undo plan,2026-09-28 01:51,2026-09-28T06:51:26Z,Coherent Corp.,,,,Inbox,Inbox,AAMkAGQyODM5ZWI1LTQ0NDAtNDZiOS1hYTIzLTdjOGM3NDRlNjQ4MgAuAAAAAAAggjN_BHG4TI2Iz-JKRqfaAQDXcyWbp23lSoY0i7GBv6N_AAAAAAEMAAA=,Inbox,AI Needs Review,AI HOLD,Inbox,no,AI Needs Review;Entered in AI;AI HOLD;Entered with issues;AI Skipped 2;AI Skipped,move,,AAMkAGQyODM5ZWI1LTQ0NDAtNDZiOS1hYTIzLTdjOGM3NDRlNjQ4MgBGAAAAAAAggjN_BHG4TI2Iz-JKRqfaBwDXcyWbp23lSoY0i7GBv6N_AAAAAAEMAADXcyWbp23lSoY0i7GBv6N_AAOh5gLEAAA=,"Leave in Inbox. Remove category ""AI Needs Review""."
U195,Undo plan,2026-09-28 09:38,2026-09-28T14:38:55Z,"Sullivan, Maria",RE: [EXTERNAL]Re: [EXTERNAL]Re: ORDER PENDING   14748440 KANNON MFG,RE: [EXTERNAL]Re: [EXTERNAL]Re: ORDER PENDING   14748440 KANNON MFG,,Inbox,Inbox,AAMkAGQyODM5ZWI1LTQ0NDAtNDZiOS1hYTIzLTdjOGM3NDRlNjQ4MgAuAAAAAAAggjN_BHG4TI2Iz-JKRqfaAQDXcyWbp23lSoY0i7GBv6N_AAAAAAEMAAA=,Inbox,AI Needs Review,AI Skipped 2,Inbox,no,AI Needs Review;Entered in AI;AI HOLD;Entered with issues;AI Skipped 2;AI Skipped,move,,AAMkAGQyODM5ZWI1LTQ0NDAtNDZiOS1hYTIzLTdjOGM3NDRlNjQ4MgBGAAAAAAAggjN_BHG4TI2Iz-JKRqfaBwDXcyWbp23lSoY0i7GBv6N_AAAAAAEMAADXcyWbp23lSoY0i7GBv6N_AAOizdywAAA=,"Leave in Inbox. Remove category ""AI Needs Review""."
U196,Undo plan,2026-09-28 10:50,2026-09-28T15:50:03Z,Ck# 16850,,,,Inbox,Inbox,AAMkAGQyODM5ZWI1LTQ0NDAtNDZiOS1hYTIzLTdjOGM3NDRlNjQ4MgAuAAAAAAAggjN_BHG4TI2Iz-JKRqfaAQDXcyWbp23lSoY0i7GBv6N_AAAAAAEMAAA=,Inbox,AI Needs Review,AI HOLD,Inbox,no,AI Needs Review;Entered in AI;AI HOLD;Entered with issues;AI Skipped 2;AI Skipped,move,,AAMkAGQyODM5ZWI1LTQ0NDAtNDZiOS1hYTIzLTdjOGM3NDRlNjQ4MgBGAAAAAAAggjN_BHG4TI2Iz-JKRqfaBwDXcyWbp23lSoY0i7GBv6N_AAAAAAEMAADXcyWbp23lSoY0i7GBv6N_AAOizdyyAAA=,"Leave in Inbox. Remove category ""AI Needs Review""."
U197,Undo plan,2026-09-28 11:29,2026-09-28T16:29:05Z,VistaPrint,"Sip, sip, save $50 off qualifying orders $150+","Sip, sip, save $50 off qualifying orders $150+",,Inbox,Inbox,AAMkAGQyODM5ZWI1LTQ0NDAtNDZiOS1hYTIzLTdjOGM3NDRlNjQ4MgAuAAAAAAAggjN_BHG4TI2Iz-JKRqfaAQDXcyWbp23lSoY0i7GBv6N_AAAAAAEMAAA=,Inbox,AI Needs Review,AI Skipped 2,Inbox,no,AI Needs Review;Entered in AI;AI HOLD;Entered with issues;AI Skipped 2;AI Skipped,move,,AAMkAGQyODM5ZWI1LTQ0NDAtNDZiOS1hYTIzLTdjOGM3NDRlNjQ4MgBGAAAAAAAggjN_BHG4TI2Iz-JKRqfaBwDXcyWbp23lSoY0i7GBv6N_AAAAAAEMAADXcyWbp23lSoY0i7GBv6N_AAOizdyzAAA=,"Leave in Inbox. Remove category ""AI Needs Review""."
U198,Undo plan,2026-09-28 12:20,2026-09-28T17:20:21Z,Rashon Smith,,,,Inbox,Inbox,AAMkAGQyODM5ZWI1LTQ0NDAtNDZiOS1hYTIzLTdjOGM3NDRlNjQ4MgAuAAAAAAAggjN_BHG4TI2Iz-JKRqfaAQDXcyWbp23lSoY0i7GBv6N_AAAAAAEMAAA=,Inbox,AI Needs Review,AI HOLD,Inbox,no,AI Needs Review;Entered in AI;AI HOLD;Entered with issues;AI Skipped 2;AI Skipped,move,,AAMkAGQyODM5ZWI1LTQ0NDAtNDZiOS1hYTIzLTdjOGM3NDRlNjQ4MgBGAAAAAAAggjN_BHG4TI2Iz-JKRqfaBwDXcyWbp23lSoY0i7GBv6N_AAAAAAEMAADXcyWbp23lSoY0i7GBv6N_AAOizdy2AAA=,"Leave in Inbox. Remove category ""AI Needs Review""."
U199,Undo plan,2026-09-28 23:09,2026-09-29T04:09:07Z,"Meridian Finance, Llc",,,,Inbox,Inbox,AAMkAGQyODM5ZWI1LTQ0NDAtNDZiOS1hYTIzLTdjOGM3NDRlNjQ4MgAuAAAAAAAggjN_BHG4TI2Iz-JKRqfaAQDXcyWbp23lSoY0i7GBv6N_AAAAAAEMAAA=,Inbox,AI Needs Review,AI HOLD,Inbox,no,AI Needs Review;Entered in AI;AI HOLD;Entered with issues;AI Skipped 2;AI Skipped,move,,AAMkAGQyODM5ZWI1LTQ0NDAtNDZiOS1hYTIzLTdjOGM3NDRlNjQ4MgBGAAAAAAAggjN_BHG4TI2Iz-JKRqfaBwDXcyWbp23lSoY0i7GBv6N_AAAAAAEMAADXcyWbp23lSoY0i7GBv6N_AAOjGrrBAAA=,"Leave in Inbox. Remove category ""AI Needs Review""."
U200,Undo plan,2026-09-28 23:48,2026-09-29T04:48:59Z,"Gas and Supply North Texas, LLC",,,0040455291 | 0040455615 | 0040455879 | 0040455916,Inbox,Inbox,AAMkAGQyODM5ZWI1LTQ0NDAtNDZiOS1hYTIzLTdjOGM3NDRlNjQ4MgAuAAAAAAAggjN_BHG4TI2Iz-JKRqfaAQDXcyWbp23lSoY0i7GBv6N_AAAAAAEMAAA=,Inbox,AI Needs Review,Entered with issues,Inbox,no,AI Needs Review;Entered in AI;AI HOLD;Entered with issues;AI Skipped 2;AI Skipped,move,,AAMkAGQyODM5ZWI1LTQ0NDAtNDZiOS1hYTIzLTdjOGM3NDRlNjQ4MgBGAAAAAAAggjN_BHG4TI2Iz-JKRqfaBwDXcyWbp23lSoY0i7GBv6N_AAAAAAEMAADXcyWbp23lSoY0i7GBv6N_AAOjGrrCAAA=,"Leave in Inbox. Remove category ""AI Needs Review""."
U201,Undo plan,2026-09-29 07:08,2026-09-29T12:08:22Z,Alarm Billing Support,CryWolf False Alarm Case #02600565 has been Closed,CryWolf False Alarm Case #02600565 has been Closed,,Inbox,Inbox,AAMkAGQyODM5ZWI1LTQ0NDAtNDZiOS1hYTIzLTdjOGM3NDRlNjQ4MgAuAAAAAAAggjN_BHG4TI2Iz-JKRqfaAQDXcyWbp23lSoY0i7GBv6N_AAAAAAEMAAA=,Inbox,AI Needs Review,AI Skipped 2,Inbox,no,AI Needs Review;Entered in AI;AI HOLD;Entered with issues;AI Skipped 2;AI Skipped,move,,AAMkAGQyODM5ZWI1LTQ0NDAtNDZiOS1hYTIzLTdjOGM3NDRlNjQ4MgBGAAAAAAAggjN_BHG4TI2Iz-JKRqfaBwDXcyWbp23lSoY0i7GBv6N_AAAAAAEMAADXcyWbp23lSoY0i7GBv6N_AAOjGrrEAAA=,"Leave in Inbox. Remove category ""AI Needs Review""."
U202,Undo plan,2026-09-29 07:58,2026-09-29T12:58:54Z,Metal Man News,The Steel Tubing Guide For Your Next Project!,The Steel Tubing Guide For Your Next Project!,,Inbox,Inbox,AAMkAGQyODM5ZWI1LTQ0NDAtNDZiOS1hYTIzLTdjOGM3NDRlNjQ4MgAuAAAAAAAggjN_BHG4TI2Iz-JKRqfaAQDXcyWbp23lSoY0i7GBv6N_AAAAAAEMAAA=,Inbox,AI Needs Review,AI Skipped 2,Inbox,no,AI Needs Review;Entered in AI;AI HOLD;Entered with issues;AI Skipped 2;AI Skipped,move,,AAMkAGQyODM5ZWI1LTQ0NDAtNDZiOS1hYTIzLTdjOGM3NDRlNjQ4MgBGAAAAAAAggjN_BHG4TI2Iz-JKRqfaBwDXcyWbp23lSoY0i7GBv6N_AAAAAAEMAADXcyWbp23lSoY0i7GBv6N_AAOjGrrFAAA=,"Leave in Inbox. Remove category ""AI Needs Review""."
U203,Undo plan,2026-09-29 08:18,2026-09-29T13:18:27Z,Alternative Parts Inc,,,0099474-IN,Inbox,Inbox,AAMkAGQyODM5ZWI1LTQ0NDAtNDZiOS1hYTIzLTdjOGM3NDRlNjQ4MgAuAAAAAAAggjN_BHG4TI2Iz-JKRqfaAQDXcyWbp23lSoY0i7GBv6N_AAAAAAEMAAA=,Inbox,AI Needs Review,AI HOLD,Inbox,no,AI Needs Review;Entered in AI;AI HOLD;Entered with issues;AI Skipped 2;AI Skipped,move,,AAMkAGQyODM5ZWI1LTQ0NDAtNDZiOS1hYTIzLTdjOGM3NDRlNjQ4MgBGAAAAAAAggjN_BHG4TI2Iz-JKRqfaBwDXcyWbp23lSoY0i7GBv6N_AAAAAAEMAADXcyWbp23lSoY0i7GBv6N_AAOjGrrHAAA=,"Leave in Inbox. Remove category ""AI Needs Review""."
U204,Undo plan,2026-09-29 08:49,2026-09-29T13:49:09Z,Amazon Business,Big deals are coming,Big deals are coming,,Inbox,Inbox,AAMkAGQyODM5ZWI1LTQ0NDAtNDZiOS1hYTIzLTdjOGM3NDRlNjQ4MgAuAAAAAAAggjN_BHG4TI2Iz-JKRqfaAQDXcyWbp23lSoY0i7GBv6N_AAAAAAEMAAA=,Inbox,AI Needs Review,AI Skipped 2,Inbox,no,AI Needs Review;Entered in AI;AI HOLD;Entered with issues;AI Skipped 2;AI Skipped,move,,AAMkAGQyODM5ZWI1LTQ0NDAtNDZiOS1hYTIzLTdjOGM3NDRlNjQ4MgBGAAAAAAAggjN_BHG4TI2Iz-JKRqfaBwDXcyWbp23lSoY0i7GBv6N_AAAAAAEMAADXcyWbp23lSoY0i7GBv6N_AAOjGrrIAAA=,"Leave in Inbox. Remove category ""AI Needs Review""."
U205,Undo plan,2026-09-29 08:58,2026-09-29T13:58:33Z,LaVanture Products Company,LaVanture Open House 2026,LaVanture Open House 2026,,Inbox,Inbox,AAMkAGQyODM5ZWI1LTQ0NDAtNDZiOS1hYTIzLTdjOGM3NDRlNjQ4MgAuAAAAAAAggjN_BHG4TI2Iz-JKRqfaAQDXcyWbp23lSoY0i7GBv6N_AAAAAAEMAAA=,Inbox,AI Needs Review,AI Skipped 2,Inbox,no,AI Needs Review;Entered in AI;AI HOLD;Entered with issues;AI Skipped 2;AI Skipped,move,,AAMkAGQyODM5ZWI1LTQ0NDAtNDZiOS1hYTIzLTdjOGM3NDRlNjQ4MgBGAAAAAAAggjN_BHG4TI2Iz-JKRqfaBwDXcyWbp23lSoY0i7GBv6N_AAAAAAEMAADXcyWbp23lSoY0i7GBv6N_AAOjGrrKAAA=,"Leave in Inbox. Remove category ""AI Needs Review""."
U206,Undo plan,2026-09-29 09:05,2026-09-29T14:05:18Z,Colonial Life,Go online with Colonial Life for Clients,Go online with Colonial Life for Clients,,Inbox,Inbox,AAMkAGQyODM5ZWI1LTQ0NDAtNDZiOS1hYTIzLTdjOGM3NDRlNjQ4MgAuAAAAAAAggjN_BHG4TI2Iz-JKRqfaAQDXcyWbp23lSoY0i7GBv6N_AAAAAAEMAAA=,Inbox,AI Needs Review,AI Skipped 2,Inbox,no,AI Needs Review;Entered in AI;AI HOLD;Entered with issues;AI Skipped 2;AI Skipped,move,,AAMkAGQyODM5ZWI1LTQ0NDAtNDZiOS1hYTIzLTdjOGM3NDRlNjQ4MgBGAAAAAAAggjN_BHG4TI2Iz-JKRqfaBwDXcyWbp23lSoY0i7GBv6N_AAAAAAEMAADXcyWbp23lSoY0i7GBv6N_AAOjGrrMAAA=,"Leave in Inbox. Remove category ""AI Needs Review""."
U207,Undo plan,2026-09-29 10:20,2026-09-29T15:20:39Z,MSC Industrial Supply,,,82970031,Inbox,Inbox,AAMkAGQyODM5ZWI1LTQ0NDAtNDZiOS1hYTIzLTdjOGM3NDRlNjQ4MgAuAAAAAAAggjN_BHG4TI2Iz-JKRqfaAQDXcyWbp23lSoY0i7GBv6N_AAAAAAEMAAA=,Inbox,AI Needs Review,AI HOLD,Inbox,no,AI Needs Review;Entered in AI;AI HOLD;Entered with issues;AI Skipped 2;AI Skipped,move,,AAMkAGQyODM5ZWI1LTQ0NDAtNDZiOS1hYTIzLTdjOGM3NDRlNjQ4MgBGAAAAAAAggjN_BHG4TI2Iz-JKRqfaBwDXcyWbp23lSoY0i7GBv6N_AAAAAAEMAADXcyWbp23lSoY0i7GBv6N_AAOjGrrNAAA=,"Leave in Inbox. Remove category ""AI Needs Review""."
U208,Undo plan,2026-09-29 10:46,2026-09-29T15:46:06Z,Shawn McKibben,Re: [EXTERNAL]Re: [EXTERNAL]Re: ORDER PENDING   14748440 KANNON MFG,Re: [EXTERNAL]Re: [EXTERNAL]Re: ORDER PENDING   14748440 KANNON MFG,,Inbox,Inbox,AAMkAGQyODM5ZWI1LTQ0NDAtNDZiOS1hYTIzLTdjOGM3NDRlNjQ4MgAuAAAAAAAggjN_BHG4TI2Iz-JKRqfaAQDXcyWbp23lSoY0i7GBv6N_AAAAAAEMAAA=,Inbox,AI Needs Review,AI Skipped 2,Inbox,no,AI Needs Review;Entered in AI;AI HOLD;Entered with issues;AI Skipped 2;AI Skipped,move,,AAMkAGQyODM5ZWI1LTQ0NDAtNDZiOS1hYTIzLTdjOGM3NDRlNjQ4MgBGAAAAAAAggjN_BHG4TI2Iz-JKRqfaBwDXcyWbp23lSoY0i7GBv6N_AAAAAAEMAADXcyWbp23lSoY0i7GBv6N_AAOjGrrPAAA=,"Leave in Inbox. Remove category ""AI Needs Review""."
U209,Undo plan,2026-09-29 10:50,2026-09-29T15:50:08Z,"Sullivan, Maria",RE: [EXTERNAL]Re: [EXTERNAL]Re: [EXTERNAL]Re: ORDER PENDING   14748440 KANNON MFG,RE: [EXTERNAL]Re: [EXTERNAL]Re: [EXTERNAL]Re: ORDER PENDING   14748440 KANNON MFG,,Inbox,Inbox,AAMkAGQyODM5ZWI1LTQ0NDAtNDZiOS1hYTIzLTdjOGM3NDRlNjQ4MgAuAAAAAAAggjN_BHG4TI2Iz-JKRqfaAQDXcyWbp23lSoY0i7GBv6N_AAAAAAEMAAA=,Inbox,AI Needs Review,AI Skipped 2,Inbox,no,AI Needs Review;Entered in AI;AI HOLD;Entered with issues;AI Skipped 2;AI Skipped,move,,AAMkAGQyODM5ZWI1LTQ0NDAtNDZiOS1hYTIzLTdjOGM3NDRlNjQ4MgBGAAAAAAAggjN_BHG4TI2Iz-JKRqfaBwDXcyWbp23lSoY0i7GBv6N_AAAAAAEMAADXcyWbp23lSoY0i7GBv6N_AAOjGrrQAAA=,"Leave in Inbox. Remove category ""AI Needs Review""."
U210,Undo plan,2026-09-29 11:45,2026-09-29T16:45:12Z,Capital Machine, Is Your Machine a Fit for Our Preventative Maintenance Program?, Is Your Machine a Fit for Our Preventative Maintenance Program?,,Inbox,Inbox,AAMkAGQyODM5ZWI1LTQ0NDAtNDZiOS1hYTIzLTdjOGM3NDRlNjQ4MgAuAAAAAAAggjN_BHG4TI2Iz-JKRqfaAQDXcyWbp23lSoY0i7GBv6N_AAAAAAEMAAA=,Inbox,AI Needs Review,AI Skipped 2,Inbox,no,AI Needs Review;Entered in AI;AI HOLD;Entered with issues;AI Skipped 2;AI Skipped,move,,AAMkAGQyODM5ZWI1LTQ0NDAtNDZiOS1hYTIzLTdjOGM3NDRlNjQ4MgBGAAAAAAAggjN_BHG4TI2Iz-JKRqfaBwDXcyWbp23lSoY0i7GBv6N_AAAAAAEMAADXcyWbp23lSoY0i7GBv6N_AAOjGrrYAAA=,"Leave in Inbox. Remove category ""AI Needs Review""."
U211,Undo plan,2026-09-29 12:08,2026-09-29T17:08:24Z,Donna Goss,,,,Inbox,Inbox,AAMkAGQyODM5ZWI1LTQ0NDAtNDZiOS1hYTIzLTdjOGM3NDRlNjQ4MgAuAAAAAAAggjN_BHG4TI2Iz-JKRqfaAQDXcyWbp23lSoY0i7GBv6N_AAAAAAEMAAA=,Inbox,AI Needs Review,AI HOLD,Inbox,no,AI Needs Review;Entered in AI;AI HOLD;Entered with issues;AI Skipped 2;AI Skipped,move,,AAMkAGQyODM5ZWI1LTQ0NDAtNDZiOS1hYTIzLTdjOGM3NDRlNjQ4MgBGAAAAAAAggjN_BHG4TI2Iz-JKRqfaBwDXcyWbp23lSoY0i7GBv6N_AAAAAAEMAADXcyWbp23lSoY0i7GBv6N_AAOjGrrZAAA=,"Leave in Inbox. Remove category ""AI Needs Review""."
U212,Undo plan,2026-09-29 12:29,2026-09-29T17:29:42Z,Amazon.com,"Ordered: ""Amazon Basics Ultra Paper...""","Ordered: ""Amazon Basics Ultra Paper...""",,Inbox,Inbox,AAMkAGQyODM5ZWI1LTQ0NDAtNDZiOS1hYTIzLTdjOGM3NDRlNjQ4MgAuAAAAAAAggjN_BHG4TI2Iz-JKRqfaAQDXcyWbp23lSoY0i7GBv6N_AAAAAAEMAAA=,Inbox,AI Needs Review,AI Skipped 2,Inbox,no,AI Needs Review;Entered in AI;AI HOLD;Entered with issues;AI Skipped 2;AI Skipped,move,,AAMkAGQyODM5ZWI1LTQ0NDAtNDZiOS1hYTIzLTdjOGM3NDRlNjQ4MgBGAAAAAAAggjN_BHG4TI2Iz-JKRqfaBwDXcyWbp23lSoY0i7GBv6N_AAAAAAEMAADXcyWbp23lSoY0i7GBv6N_AAOjGrraAAA=,"Leave in Inbox. Remove category ""AI Needs Review""."
U213,Undo plan,2026-09-29 12:50,2026-09-29T17:50:15Z,Jessica Aubrey,Bring Offers - Machine Shop Tool Cart In Texas,Bring Offers - Machine Shop Tool Cart In Texas,,Inbox,Inbox,AAMkAGQyODM5ZWI1LTQ0NDAtNDZiOS1hYTIzLTdjOGM3NDRlNjQ4MgAuAAAAAAAggjN_BHG4TI2Iz-JKRqfaAQDXcyWbp23lSoY0i7GBv6N_AAAAAAEMAAA=,Inbox,AI Needs Review,AI Skipped 2,Inbox,no,AI Needs Review;Entered in AI;AI HOLD;Entered with issues;AI Skipped 2;AI Skipped,move,,AAMkAGQyODM5ZWI1LTQ0NDAtNDZiOS1hYTIzLTdjOGM3NDRlNjQ4MgBGAAAAAAAggjN_BHG4TI2Iz-JKRqfaBwDXcyWbp23lSoY0i7GBv6N_AAAAAAEMAADXcyWbp23lSoY0i7GBv6N_AAOjGrrbAAA=,"Leave in Inbox. Remove category ""AI Needs Review""."
U214,Undo plan,2026-09-29 13:49,2026-09-29T18:49:57Z,"Tex Industries, Inc",,,,Inbox,Inbox,AAMkAGQyODM5ZWI1LTQ0NDAtNDZiOS1hYTIzLTdjOGM3NDRlNjQ4MgAuAAAAAAAggjN_BHG4TI2Iz-JKRqfaAQDXcyWbp23lSoY0i7GBv6N_AAAAAAEMAAA=,Inbox,AI Needs Review,AI HOLD,Inbox,no,AI Needs Review;Entered in AI;AI HOLD;Entered with issues;AI Skipped 2;AI Skipped,move,,AAMkAGQyODM5ZWI1LTQ0NDAtNDZiOS1hYTIzLTdjOGM3NDRlNjQ4MgBGAAAAAAAggjN_BHG4TI2Iz-JKRqfaBwDXcyWbp23lSoY0i7GBv6N_AAAAAAEMAADXcyWbp23lSoY0i7GBv6N_AAOjGrrdAAA=,"Leave in Inbox. Remove category ""AI Needs Review""."
U215,Undo plan,2026-09-29 13:50,2026-09-29T18:50:59Z,"Tex Industries, Inc",,,,Inbox,Inbox,AAMkAGQyODM5ZWI1LTQ0NDAtNDZiOS1hYTIzLTdjOGM3NDRlNjQ4MgAuAAAAAAAggjN_BHG4TI2Iz-JKRqfaAQDXcyWbp23lSoY0i7GBv6N_AAAAAAEMAAA=,Inbox,AI Needs Review,AI HOLD,Inbox,no,AI Needs Review;Entered in AI;AI HOLD;Entered with issues;AI Skipped 2;AI Skipped,move,,AAMkAGQyODM5ZWI1LTQ0NDAtNDZiOS1hYTIzLTdjOGM3NDRlNjQ4MgBGAAAAAAAggjN_BHG4TI2Iz-JKRqfaBwDXcyWbp23lSoY0i7GBv6N_AAAAAAEMAADXcyWbp23lSoY0i7GBv6N_AAOjGrreAAA=,"Leave in Inbox. Remove category ""AI Needs Review""."
U216,Undo plan,2026-09-29 13:51,2026-09-29T18:51:22Z,INVOICE 470471          PO 59216,,,470471,Inbox,Inbox,AAMkAGQyODM5ZWI1LTQ0NDAtNDZiOS1hYTIzLTdjOGM3NDRlNjQ4MgAuAAAAAAAggjN_BHG4TI2Iz-JKRqfaAQDXcyWbp23lSoY0i7GBv6N_AAAAAAEMAAA=,Inbox,AI Needs Review,AI HOLD,Inbox,no,AI Needs Review;Entered in AI;AI HOLD;Entered with issues;AI Skipped 2;AI Skipped,move,,AAMkAGQyODM5ZWI1LTQ0NDAtNDZiOS1hYTIzLTdjOGM3NDRlNjQ4MgBGAAAAAAAggjN_BHG4TI2Iz-JKRqfaBwDXcyWbp23lSoY0i7GBv6N_AAAAAAEMAADXcyWbp23lSoY0i7GBv6N_AAOjGrrfAAA=,"Leave in Inbox. Remove category ""AI Needs Review""."
U217,Undo plan,2026-09-29 13:51,2026-09-29T18:51:42Z,"Tex Industries, Inc",,,,Inbox,Inbox,AAMkAGQyODM5ZWI1LTQ0NDAtNDZiOS1hYTIzLTdjOGM3NDRlNjQ4MgAuAAAAAAAggjN_BHG4TI2Iz-JKRqfaAQDXcyWbp23lSoY0i7GBv6N_AAAAAAEMAAA=,Inbox,AI Needs Review,AI HOLD,Inbox,no,AI Needs Review;Entered in AI;AI HOLD;Entered with issues;AI Skipped 2;AI Skipped,move,,AAMkAGQyODM5ZWI1LTQ0NDAtNDZiOS1hYTIzLTdjOGM3NDRlNjQ4MgBGAAAAAAAggjN_BHG4TI2Iz-JKRqfaBwDXcyWbp23lSoY0i7GBv6N_AAAAAAEMAADXcyWbp23lSoY0i7GBv6N_AAOjGrrgAAA=,"Leave in Inbox. Remove category ""AI Needs Review""."
U218,Undo plan,2026-09-29 15:25,2026-09-29T20:25:08Z,Greentree Packaging & Lumber,,,,Inbox,Inbox,AAMkAGQyODM5ZWI1LTQ0NDAtNDZiOS1hYTIzLTdjOGM3NDRlNjQ4MgAuAAAAAAAggjN_BHG4TI2Iz-JKRqfaAQDXcyWbp23lSoY0i7GBv6N_AAAAAAEMAAA=,Inbox,AI Needs Review,AI HOLD,Inbox,no,AI Needs Review;Entered in AI;AI HOLD;Entered with issues;AI Skipped 2;AI Skipped,move,,AAMkAGQyODM5ZWI1LTQ0NDAtNDZiOS1hYTIzLTdjOGM3NDRlNjQ4MgBGAAAAAAAggjN_BHG4TI2Iz-JKRqfaBwDXcyWbp23lSoY0i7GBv6N_AAAAAAEMAADXcyWbp23lSoY0i7GBv6N_AAOjGrrmAAA=,"Leave in Inbox. Remove category ""AI Needs Review""."
U219,Undo plan,2026-09-29 18:01,2026-09-29T23:01:58Z,RMP Industrial Supply Inc,,,1474316,Inbox,Inbox,AAMkAGQyODM5ZWI1LTQ0NDAtNDZiOS1hYTIzLTdjOGM3NDRlNjQ4MgAuAAAAAAAggjN_BHG4TI2Iz-JKRqfaAQDXcyWbp23lSoY0i7GBv6N_AAAAAAEMAAA=,Inbox,AI Needs Review,AI HOLD,Inbox,no,AI Needs Review;Entered in AI;AI HOLD;Entered with issues;AI Skipped 2;AI Skipped,move,,AAMkAGQyODM5ZWI1LTQ0NDAtNDZiOS1hYTIzLTdjOGM3NDRlNjQ4MgBGAAAAAAAggjN_BHG4TI2Iz-JKRqfaBwDXcyWbp23lSoY0i7GBv6N_AAAAAAEMAADXcyWbp23lSoY0i7GBv6N_AAOjGrrpAAA=,"Leave in Inbox. Remove category ""AI Needs Review""."
U220,Undo plan,2026-09-30 01:50,2026-09-30T06:50:32Z,McMaster-Carr,,,,Inbox,Inbox,AAMkAGQyODM5ZWI1LTQ0NDAtNDZiOS1hYTIzLTdjOGM3NDRlNjQ4MgAuAAAAAAAggjN_BHG4TI2Iz-JKRqfaAQDXcyWbp23lSoY0i7GBv6N_AAAAAAEMAAA=,Inbox,AI Needs Review,AI HOLD,Inbox,no,AI Needs Review;Entered in AI;AI HOLD;Entered with issues;AI Skipped 2;AI Skipped,move,AAMkAGQyODM5ZWI1LTQ0NDAtNDZiOS1hYTIzLTdjOGM3NDRlNjQ4MgBGAAAAAAAggjN_BHG4TI2Iz-JKRqfaBwDXcyWbp23lSoY0i7GBv6N_AAAAAAEMAADXcyWbp23lSoY0i7GBv6N_AAOoEEDgAAA=;AAMkAGQyODM5ZWI1LTQ0NDAtNDZiOS1hYTIzLTdjOGM3NDRlNjQ4MgBGAAAAAAAggjN_BHG4TI2Iz-JKRqfaBwDXcyWbp23lSoY0i7GBv6N_AAAAAAEMAADXcyWbp23lSoY0i7GBv6N_AAOoEEDhAAA=,AAMkAGQyODM5ZWI1LTQ0NDAtNDZiOS1hYTIzLTdjOGM3NDRlNjQ4MgBGAAAAAAAggjN_BHG4TI2Iz-JKRqfaBwDXcyWbp23lSoY0i7GBv6N_AAAAAAEMAADXcyWbp23lSoY0i7GBv6N_AAOjGrruAAA=,"Leave in Inbox. Remove category ""AI Needs Review""."
U221,Undo plan,2026-09-30 01:50,2026-09-30T06:50:32Z,McMaster-Carr,,,,Inbox,Inbox,AAMkAGQyODM5ZWI1LTQ0NDAtNDZiOS1hYTIzLTdjOGM3NDRlNjQ4MgAuAAAAAAAggjN_BHG4TI2Iz-JKRqfaAQDXcyWbp23lSoY0i7GBv6N_AAAAAAEMAAA=,Inbox,AI Needs Review,AI HOLD,Inbox,no,AI Needs Review;Entered in AI;AI HOLD;Entered with issues;AI Skipped 2;AI Skipped,move,AAMkAGQyODM5ZWI1LTQ0NDAtNDZiOS1hYTIzLTdjOGM3NDRlNjQ4MgBGAAAAAAAggjN_BHG4TI2Iz-JKRqfaBwDXcyWbp23lSoY0i7GBv6N_AAAAAAEMAADXcyWbp23lSoY0i7GBv6N_AAOoEEDgAAA=;AAMkAGQyODM5ZWI1LTQ0NDAtNDZiOS1hYTIzLTdjOGM3NDRlNjQ4MgBGAAAAAAAggjN_BHG4TI2Iz-JKRqfaBwDXcyWbp23lSoY0i7GBv6N_AAAAAAEMAADXcyWbp23lSoY0i7GBv6N_AAOoEEDhAAA=,AAMkAGQyODM5ZWI1LTQ0NDAtNDZiOS1hYTIzLTdjOGM3NDRlNjQ4MgBGAAAAAAAggjN_BHG4TI2Iz-JKRqfaBwDXcyWbp23lSoY0i7GBv6N_AAAAAAEMAADXcyWbp23lSoY0i7GBv6N_AAOjGrrvAAA=,"Leave in Inbox. Remove category ""AI Needs Review""."
U222,Undo plan,2026-09-30 08:02,2026-09-30T13:02:42Z,Safety-Kleen,Closing Soon: Don’t Miss Your Chance to Weigh In,Closing Soon: Don’t Miss Your Chance to Weigh In,,Inbox,Inbox,AAMkAGQyODM5ZWI1LTQ0NDAtNDZiOS1hYTIzLTdjOGM3NDRlNjQ4MgAuAAAAAAAggjN_BHG4TI2Iz-JKRqfaAQDXcyWbp23lSoY0i7GBv6N_AAAAAAEMAAA=,Inbox,AI Needs Review,AI Skipped 2,Inbox,no,AI Needs Review;Entered in AI;AI HOLD;Entered with issues;AI Skipped 2;AI Skipped,move,,AAMkAGQyODM5ZWI1LTQ0NDAtNDZiOS1hYTIzLTdjOGM3NDRlNjQ4MgBGAAAAAAAggjN_BHG4TI2Iz-JKRqfaBwDXcyWbp23lSoY0i7GBv6N_AAAAAAEMAADXcyWbp23lSoY0i7GBv6N_AAOkEBjuAAA=,"Leave in Inbox. Remove category ""AI Needs Review""."
U223,Undo plan,2026-09-30 08:49,2026-09-30T13:49:29Z,Rolled Alloys,Clearance Deals at Rolled Alloys!,Clearance Deals at Rolled Alloys!,,Inbox,Inbox,AAMkAGQyODM5ZWI1LTQ0NDAtNDZiOS1hYTIzLTdjOGM3NDRlNjQ4MgAuAAAAAAAggjN_BHG4TI2Iz-JKRqfaAQDXcyWbp23lSoY0i7GBv6N_AAAAAAEMAAA=,Inbox,AI Needs Review,AI Skipped 2,Inbox,no,AI Needs Review;Entered in AI;AI HOLD;Entered with issues;AI Skipped 2;AI Skipped,move,,AAMkAGQyODM5ZWI1LTQ0NDAtNDZiOS1hYTIzLTdjOGM3NDRlNjQ4MgBGAAAAAAAggjN_BHG4TI2Iz-JKRqfaBwDXcyWbp23lSoY0i7GBv6N_AAAAAAEMAADXcyWbp23lSoY0i7GBv6N_AAOkEBjvAAA=,"Leave in Inbox. Remove category ""AI Needs Review""."
U224,Undo plan,2026-09-30 09:07,2026-09-30T14:07:39Z,McNICHOLS CO.,Enhance Performance with McNICHOLS® Finishing Services!,Enhance Performance with McNICHOLS® Finishing Services!,,Inbox,Inbox,AAMkAGQyODM5ZWI1LTQ0NDAtNDZiOS1hYTIzLTdjOGM3NDRlNjQ4MgAuAAAAAAAggjN_BHG4TI2Iz-JKRqfaAQDXcyWbp23lSoY0i7GBv6N_AAAAAAEMAAA=,Inbox,AI Needs Review,AI Skipped 2,Inbox,no,AI Needs Review;Entered in AI;AI HOLD;Entered with issues;AI Skipped 2;AI Skipped,move,,AAMkAGQyODM5ZWI1LTQ0NDAtNDZiOS1hYTIzLTdjOGM3NDRlNjQ4MgBGAAAAAAAggjN_BHG4TI2Iz-JKRqfaBwDXcyWbp23lSoY0i7GBv6N_AAAAAAEMAADXcyWbp23lSoY0i7GBv6N_AAOkEBjyAAA=,"Leave in Inbox. Remove category ""AI Needs Review""."
U225,Undo plan,2026-09-30 09:18,2026-09-30T14:18:03Z,Riley Armstrong,Losing Money on Your CNC Machines? Get A Cash Offer,Losing Money on Your CNC Machines? Get A Cash Offer,,Inbox,Inbox,AAMkAGQyODM5ZWI1LTQ0NDAtNDZiOS1hYTIzLTdjOGM3NDRlNjQ4MgAuAAAAAAAggjN_BHG4TI2Iz-JKRqfaAQDXcyWbp23lSoY0i7GBv6N_AAAAAAEMAAA=,Inbox,AI Needs Review,AI Skipped 2,Inbox,no,AI Needs Review;Entered in AI;AI HOLD;Entered with issues;AI Skipped 2;AI Skipped,move,,AAMkAGQyODM5ZWI1LTQ0NDAtNDZiOS1hYTIzLTdjOGM3NDRlNjQ4MgBGAAAAAAAggjN_BHG4TI2Iz-JKRqfaBwDXcyWbp23lSoY0i7GBv6N_AAAAAAEMAADXcyWbp23lSoY0i7GBv6N_AAOkEBjzAAA=,"Leave in Inbox. Remove category ""AI Needs Review""."
U226,Undo plan,2026-09-30 09:49,2026-09-30T14:49:45Z,Amazon.com,"Ordered: ""Logitech MK955 Signature..."" and 1 more item","Ordered: ""Logitech MK955 Signature..."" and 1 more item",,Inbox,Inbox,AAMkAGQyODM5ZWI1LTQ0NDAtNDZiOS1hYTIzLTdjOGM3NDRlNjQ4MgAuAAAAAAAggjN_BHG4TI2Iz-JKRqfaAQDXcyWbp23lSoY0i7GBv6N_AAAAAAEMAAA=,Inbox,AI Needs Review,AI Skipped 2,Inbox,no,AI Needs Review;Entered in AI;AI HOLD;Entered with issues;AI Skipped 2;AI Skipped,move,,AAMkAGQyODM5ZWI1LTQ0NDAtNDZiOS1hYTIzLTdjOGM3NDRlNjQ4MgBGAAAAAAAggjN_BHG4TI2Iz-JKRqfaBwDXcyWbp23lSoY0i7GBv6N_AAAAAAEMAADXcyWbp23lSoY0i7GBv6N_AAOkEBj0AAA=,"Leave in Inbox. Remove category ""AI Needs Review""."
U227,Undo plan,2026-09-30 11:35,2026-09-30T16:35:59Z,"Meridian Finance, Llc",,,,Inbox,Inbox,AAMkAGQyODM5ZWI1LTQ0NDAtNDZiOS1hYTIzLTdjOGM3NDRlNjQ4MgAuAAAAAAAggjN_BHG4TI2Iz-JKRqfaAQDXcyWbp23lSoY0i7GBv6N_AAAAAAEMAAA=,Inbox,AI Needs Review,AI HOLD,Inbox,no,AI Needs Review;Entered in AI;AI HOLD;Entered with issues;AI Skipped 2;AI Skipped,move,,AAMkAGQyODM5ZWI1LTQ0NDAtNDZiOS1hYTIzLTdjOGM3NDRlNjQ4MgBGAAAAAAAggjN_BHG4TI2Iz-JKRqfaBwDXcyWbp23lSoY0i7GBv6N_AAAAAAEMAADXcyWbp23lSoY0i7GBv6N_AAOkEBj3AAA=,"Leave in Inbox. Remove category ""AI Needs Review""."
U228,Undo plan,2026-09-30 13:13,2026-09-30T18:13:31Z,Resell CNC Auctions,$3M CNC Auction Ends Tomorrow,$3M CNC Auction Ends Tomorrow,,Inbox,Inbox,AAMkAGQyODM5ZWI1LTQ0NDAtNDZiOS1hYTIzLTdjOGM3NDRlNjQ4MgAuAAAAAAAggjN_BHG4TI2Iz-JKRqfaAQDXcyWbp23lSoY0i7GBv6N_AAAAAAEMAAA=,Inbox,AI Needs Review,AI Skipped 2,Inbox,no,AI Needs Review;Entered in AI;AI HOLD;Entered with issues;AI Skipped 2;AI Skipped,move,,AAMkAGQyODM5ZWI1LTQ0NDAtNDZiOS1hYTIzLTdjOGM3NDRlNjQ4MgBGAAAAAAAggjN_BHG4TI2Iz-JKRqfaBwDXcyWbp23lSoY0i7GBv6N_AAAAAAEMAADXcyWbp23lSoY0i7GBv6N_AAOkEBj7AAA=,"Leave in Inbox. Remove category ""AI Needs Review""."
U229,Undo plan,2026-09-30 13:58,2026-09-30T18:58:43Z,RMP Industrial Supply Inc,,,1474409,Inbox,Inbox,AAMkAGQyODM5ZWI1LTQ0NDAtNDZiOS1hYTIzLTdjOGM3NDRlNjQ4MgAuAAAAAAAggjN_BHG4TI2Iz-JKRqfaAQDXcyWbp23lSoY0i7GBv6N_AAAAAAEMAAA=,Inbox,AI Needs Review,AI HOLD,Inbox,no,AI Needs Review;Entered in AI;AI HOLD;Entered with issues;AI Skipped 2;AI Skipped,move,,AAMkAGQyODM5ZWI1LTQ0NDAtNDZiOS1hYTIzLTdjOGM3NDRlNjQ4MgBGAAAAAAAggjN_BHG4TI2Iz-JKRqfaBwDXcyWbp23lSoY0i7GBv6N_AAAAAAEMAADXcyWbp23lSoY0i7GBv6N_AAOkEBj8AAA=,"Leave in Inbox. Remove category ""AI Needs Review""."
U230,Undo plan,2026-09-30 14:39,2026-09-30T19:39:42Z,Precision Fabrication Services,,,,Inbox,Inbox,AAMkAGQyODM5ZWI1LTQ0NDAtNDZiOS1hYTIzLTdjOGM3NDRlNjQ4MgAuAAAAAAAggjN_BHG4TI2Iz-JKRqfaAQDXcyWbp23lSoY0i7GBv6N_AAAAAAEMAAA=,Inbox,AI Needs Review,AI HOLD,Inbox,no,AI Needs Review;Entered in AI;AI HOLD;Entered with issues;AI Skipped 2;AI Skipped,move,,AAMkAGQyODM5ZWI1LTQ0NDAtNDZiOS1hYTIzLTdjOGM3NDRlNjQ4MgBGAAAAAAAggjN_BHG4TI2Iz-JKRqfaBwDXcyWbp23lSoY0i7GBv6N_AAAAAAEMAADXcyWbp23lSoY0i7GBv6N_AAOkEBkDAAA=,"Leave in Inbox. Remove category ""AI Needs Review""."
U231,Undo plan,2026-09-30 16:49,2026-09-30T21:49:20Z,Kristen Powers,,,389070,Inbox,Inbox,AAMkAGQyODM5ZWI1LTQ0NDAtNDZiOS1hYTIzLTdjOGM3NDRlNjQ4MgAuAAAAAAAggjN_BHG4TI2Iz-JKRqfaAQDXcyWbp23lSoY0i7GBv6N_AAAAAAEMAAA=,Inbox,AI Needs Review,AI HOLD,Inbox,no,AI Needs Review;Entered in AI;AI HOLD;Entered with issues;AI Skipped 2;AI Skipped,move,,AAMkAGQyODM5ZWI1LTQ0NDAtNDZiOS1hYTIzLTdjOGM3NDRlNjQ4MgBGAAAAAAAggjN_BHG4TI2Iz-JKRqfaBwDXcyWbp23lSoY0i7GBv6N_AAAAAAEMAADXcyWbp23lSoY0i7GBv6N_AAOkEBkFAAA=,"Leave in Inbox. Remove category ""AI Needs Review""."
U232,Undo plan,2026-09-30 22:34,2026-10-01T03:34:41Z,Amada America,,,IN0000183743,Inbox,Inbox,AAMkAGQyODM5ZWI1LTQ0NDAtNDZiOS1hYTIzLTdjOGM3NDRlNjQ4MgAuAAAAAAAggjN_BHG4TI2Iz-JKRqfaAQDXcyWbp23lSoY0i7GBv6N_AAAAAAEMAAA=,Inbox,AI Needs Review,AI HOLD,Inbox,no,AI Needs Review;Entered in AI;AI HOLD;Entered with issues;AI Skipped 2;AI Skipped,move,,AAMkAGQyODM5ZWI1LTQ0NDAtNDZiOS1hYTIzLTdjOGM3NDRlNjQ4MgBGAAAAAAAggjN_BHG4TI2Iz-JKRqfaBwDXcyWbp23lSoY0i7GBv6N_AAAAAAEMAADXcyWbp23lSoY0i7GBv6N_AAOkEBkNAAA=,"Leave in Inbox. Remove category ""AI Needs Review""."
U233,Undo plan,2026-09-30 23:29,2026-10-01T04:29:10Z,O'Neal Steel - Dallas (GP),,,15486572 | 15486598 | 15486600 | 15486770 | 15486823 | 15486842 | 15487245,Inbox,Inbox,AAMkAGQyODM5ZWI1LTQ0NDAtNDZiOS1hYTIzLTdjOGM3NDRlNjQ4MgAuAAAAAAAggjN_BHG4TI2Iz-JKRqfaAQDXcyWbp23lSoY0i7GBv6N_AAAAAAEMAAA=,Inbox,AI Needs Review,Entered with issues,Inbox,no,AI Needs Review;Entered in AI;AI HOLD;Entered with issues;AI Skipped 2;AI Skipped,move,,AAMkAGQyODM5ZWI1LTQ0NDAtNDZiOS1hYTIzLTdjOGM3NDRlNjQ4MgBGAAAAAAAggjN_BHG4TI2Iz-JKRqfaBwDXcyWbp23lSoY0i7GBv6N_AAAAAAEMAADXcyWbp23lSoY0i7GBv6N_AAOkEBkOAAA=,"Leave in Inbox. Remove category ""AI Needs Review""."
N001,Not restored,2026-09-01 00:01,2026-09-01T05:01:13Z,Kloeckner Metals Corporation,,,15206713,9 - FORT WORTH ARCHIVE,9 - FORT WORTH ARCHIVE,AAMkAGQyODM5ZWI1LTQ0NDAtNDZiOS1hYTIzLTdjOGM3NDRlNjQ4MgAuAAAAAAAggjN_BHG4TI2Iz-JKRqfaAQDXcyWbp23lSoY0i7GBv6N_AACDH-y1AAA=,9 - FORT WORTH ARCHIVE,Entered in AI,Entered in AI,9 - FORT WORTH ARCHIVE,no,AI Needs Review;Entered in AI;AI HOLD;Entered with issues;AI Skipped 2;AI Skipped,not restored,,AAMkAGQyODM5ZWI1LTQ0NDAtNDZiOS1hYTIzLTdjOGM3NDRlNjQ4MgBGAAAAAAAggjN_BHG4TI2Iz-JKRqfaBwDXcyWbp23lSoY0i7GBv6N_AACDH-y1AADYQg2wXX_9SqOyqyAymhzKAAKTTHW7AAA=,Leave in FW; clear Entered in AI
N002,Not restored,2026-09-01 01:59,2026-09-01T06:59:02Z,Marmon/Keystone,,,2582319,9 - FORT WORTH ARCHIVE,9 - FORT WORTH ARCHIVE,AAMkAGQyODM5ZWI1LTQ0NDAtNDZiOS1hYTIzLTdjOGM3NDRlNjQ4MgAuAAAAAAAggjN_BHG4TI2Iz-JKRqfaAQDXcyWbp23lSoY0i7GBv6N_AACDH-y1AAA=,9 - FORT WORTH ARCHIVE,Entered in AI,Entered in AI,9 - FORT WORTH ARCHIVE,no,AI Needs Review;Entered in AI;AI HOLD;Entered with issues;AI Skipped 2;AI Skipped,not restored,,AAMkAGQyODM5ZWI1LTQ0NDAtNDZiOS1hYTIzLTdjOGM3NDRlNjQ4MgBGAAAAAAAggjN_BHG4TI2Iz-JKRqfaBwDXcyWbp23lSoY0i7GBv6N_AACDH-y1AADYQg2wXX_9SqOyqyAymhzKAAKTTHW8AAA=,Leave in FW; clear Entered in AI
N003,Not restored,2026-09-01 02:39,2026-09-01T07:39:15Z,Marmon/Keystone,,,,9 - FORT WORTH ARCHIVE,9 - FORT WORTH ARCHIVE,AAMkAGQyODM5ZWI1LTQ0NDAtNDZiOS1hYTIzLTdjOGM3NDRlNjQ4MgAuAAAAAAAggjN_BHG4TI2Iz-JKRqfaAQDXcyWbp23lSoY0i7GBv6N_AACDH-y1AAA=,9 - FORT WORTH ARCHIVE,AI Skipped 2,AI Skipped 2,9 - FORT WORTH ARCHIVE,no,AI Needs Review;Entered in AI;AI HOLD;Entered with issues;AI Skipped 2;AI Skipped,not restored,,AAMkAGQyODM5ZWI1LTQ0NDAtNDZiOS1hYTIzLTdjOGM3NDRlNjQ4MgBGAAAAAAAggjN_BHG4TI2Iz-JKRqfaBwDXcyWbp23lSoY0i7GBv6N_AACDH-y1AADYQg2wXX_9SqOyqyAymhzKAAKTTHW9AAA=,Leave in FW; clear AI Skipped 2
N004,Not restored,2026-09-01 07:25,2026-09-01T12:25:06Z,Premium Alloys,,,23173,9 - FORT WORTH ARCHIVE,9 - FORT WORTH ARCHIVE,AAMkAGQyODM5ZWI1LTQ0NDAtNDZiOS1hYTIzLTdjOGM3NDRlNjQ4MgAuAAAAAAAggjN_BHG4TI2Iz-JKRqfaAQDXcyWbp23lSoY0i7GBv6N_AACDH-y1AAA=,9 - FORT WORTH ARCHIVE,Entered in AI,Entered in AI,9 - FORT WORTH ARCHIVE,no,AI Needs Review;Entered in AI;AI HOLD;Entered with issues;AI Skipped 2;AI Skipped,not restored,,AAMkAGQyODM5ZWI1LTQ0NDAtNDZiOS1hYTIzLTdjOGM3NDRlNjQ4MgBGAAAAAAAggjN_BHG4TI2Iz-JKRqfaBwDXcyWbp23lSoY0i7GBv6N_AACDH-y1AADYQg2wXX_9SqOyqyAymhzKAAKTTHW_AAA=,Leave in FW; clear Entered in AI
N005,Not restored,2026-09-01 07:30,2026-09-01T12:30:45Z,fortworth@Metalsupermarkets.com,Statement of Account,Statement of Account,,9 - FORT WORTH ARCHIVE,9 - FORT WORTH ARCHIVE,AAMkAGQyODM5ZWI1LTQ0NDAtNDZiOS1hYTIzLTdjOGM3NDRlNjQ4MgAuAAAAAAAggjN_BHG4TI2Iz-JKRqfaAQDXcyWbp23lSoY0i7GBv6N_AACDH-y1AAA=,9 - FORT WORTH ARCHIVE,AI Skipped 2,AI Skipped 2,9 - FORT WORTH ARCHIVE,no,AI Needs Review;Entered in AI;AI HOLD;Entered with issues;AI Skipped 2;AI Skipped,not restored,,AAMkAGQyODM5ZWI1LTQ0NDAtNDZiOS1hYTIzLTdjOGM3NDRlNjQ4MgBGAAAAAAAggjN_BHG4TI2Iz-JKRqfaBwDXcyWbp23lSoY0i7GBv6N_AACDH-y1AADYQg2wXX_9SqOyqyAymhzKAAKTTHXAAAA=,Leave in FW; clear AI Skipped 2
N006,Not restored,2026-09-01 07:41,2026-09-01T12:41:06Z,Shoppa's Material Handling,,,PSI-001229081,9 - FORT WORTH ARCHIVE,9 - FORT WORTH ARCHIVE,AAMkAGQyODM5ZWI1LTQ0NDAtNDZiOS1hYTIzLTdjOGM3NDRlNjQ4MgAuAAAAAAAggjN_BHG4TI2Iz-JKRqfaAQDXcyWbp23lSoY0i7GBv6N_AACDH-y1AAA=,9 - FORT WORTH ARCHIVE,Entered in AI,Entered in AI,9 - FORT WORTH ARCHIVE,no,AI Needs Review;Entered in AI;AI HOLD;Entered with issues;AI Skipped 2;AI Skipped,not restored,,AAMkAGQyODM5ZWI1LTQ0NDAtNDZiOS1hYTIzLTdjOGM3NDRlNjQ4MgBGAAAAAAAggjN_BHG4TI2Iz-JKRqfaBwDXcyWbp23lSoY0i7GBv6N_AACDH-y1AADYQg2wXX_9SqOyqyAymhzKAAKTTHXBAAA=,Leave in FW; clear Entered in AI
N007,Not restored,2026-09-01 08:10,2026-09-01T13:10:50Z,Priority1 Statement,KANNON MANUFACTURING (230230-P1) Statement from Priority1 is attached,KANNON MANUFACTURING (230230-P1) Statement from Priority1 is attached,,9 - FORT WORTH ARCHIVE,9 - FORT WORTH ARCHIVE,AAMkAGQyODM5ZWI1LTQ0NDAtNDZiOS1hYTIzLTdjOGM3NDRlNjQ4MgAuAAAAAAAggjN_BHG4TI2Iz-JKRqfaAQDXcyWbp23lSoY0i7GBv6N_AACDH-y1AAA=,9 - FORT WORTH ARCHIVE,AI Skipped 2,AI Skipped 2,9 - FORT WORTH ARCHIVE,no,AI Needs Review;Entered in AI;AI HOLD;Entered with issues;AI Skipped 2;AI Skipped,not restored,,AAMkAGQyODM5ZWI1LTQ0NDAtNDZiOS1hYTIzLTdjOGM3NDRlNjQ4MgBGAAAAAAAggjN_BHG4TI2Iz-JKRqfaBwDXcyWbp23lSoY0i7GBv6N_AACDH-y1AADYQg2wXX_9SqOyqyAymhzKAAKTTHXCAAA=,Leave in FW; clear AI Skipped 2
N008,Not restored,2026-09-01 09:05,2026-09-01T14:05:59Z,Christina Gersten,019586   KANNON MANUFACTURING INC,019586   KANNON MANUFACTURING INC,,9 - FORT WORTH ARCHIVE,9 - FORT WORTH ARCHIVE,AAMkAGQyODM5ZWI1LTQ0NDAtNDZiOS1hYTIzLTdjOGM3NDRlNjQ4MgAuAAAAAAAggjN_BHG4TI2Iz-JKRqfaAQDXcyWbp23lSoY0i7GBv6N_AACDH-y1AAA=,9 - FORT WORTH ARCHIVE,AI Skipped 2,AI Skipped 2,9 - FORT WORTH ARCHIVE,no,AI Needs Review;Entered in AI;AI HOLD;Entered with issues;AI Skipped 2;AI Skipped,not restored,,AAMkAGQyODM5ZWI1LTQ0NDAtNDZiOS1hYTIzLTdjOGM3NDRlNjQ4MgBGAAAAAAAggjN_BHG4TI2Iz-JKRqfaBwDXcyWbp23lSoY0i7GBv6N_AACDH-y1AADYQg2wXX_9SqOyqyAymhzKAAKTTHXHAAA=,Leave in FW; clear AI Skipped 2
N009,Not restored,2026-09-01 09:24,2026-09-01T14:24:48Z,ptsbilling@pts-tools.com,PTSolutions Monthly Statement,PTSolutions Monthly Statement,,9 - FORT WORTH ARCHIVE,9 - FORT WORTH ARCHIVE,AAMkAGQyODM5ZWI1LTQ0NDAtNDZiOS1hYTIzLTdjOGM3NDRlNjQ4MgAuAAAAAAAggjN_BHG4TI2Iz-JKRqfaAQDXcyWbp23lSoY0i7GBv6N_AACDH-y1AAA=,9 - FORT WORTH ARCHIVE,AI Skipped 2,AI Skipped 2,9 - FORT WORTH ARCHIVE,no,AI Needs Review;Entered in AI;AI HOLD;Entered with issues;AI Skipped 2;AI Skipped,not restored,,AAMkAGQyODM5ZWI1LTQ0NDAtNDZiOS1hYTIzLTdjOGM3NDRlNjQ4MgBGAAAAAAAggjN_BHG4TI2Iz-JKRqfaBwDXcyWbp23lSoY0i7GBv6N_AACDH-y1AADYQg2wXX_9SqOyqyAymhzKAAKTTHXIAAA=,Leave in FW; clear AI Skipped 2
N010,Not restored,2026-09-01 10:50,2026-09-01T15:50:19Z,Hudson Energy,,,2609000773,9 - FORT WORTH ARCHIVE,9 - FORT WORTH ARCHIVE,AAMkAGQyODM5ZWI1LTQ0NDAtNDZiOS1hYTIzLTdjOGM3NDRlNjQ4MgAuAAAAAAAggjN_BHG4TI2Iz-JKRqfaAQDXcyWbp23lSoY0i7GBv6N_AACDH-y1AAA=,9 - FORT WORTH ARCHIVE,Entered with issues,Entered with issues,9 - FORT WORTH ARCHIVE,no,AI Needs Review;Entered in AI;AI HOLD;Entered with issues;AI Skipped 2;AI Skipped,not restored,,AAMkAGQyODM5ZWI1LTQ0NDAtNDZiOS1hYTIzLTdjOGM3NDRlNjQ4MgBGAAAAAAAggjN_BHG4TI2Iz-JKRqfaBwDXcyWbp23lSoY0i7GBv6N_AACDH-y1AADYQg2wXX_9SqOyqyAymhzKAAKTTHXMAAA=,Leave in FW; clear Entered with issues
N011,Not restored,2026-09-01 10:55,2026-09-01T15:55:15Z,Clear Kut Engraving,,,V009914,9 - FORT WORTH ARCHIVE,9 - FORT WORTH ARCHIVE,AAMkAGQyODM5ZWI1LTQ0NDAtNDZiOS1hYTIzLTdjOGM3NDRlNjQ4MgAuAAAAAAAggjN_BHG4TI2Iz-JKRqfaAQDXcyWbp23lSoY0i7GBv6N_AACDH-y1AAA=,9 - FORT WORTH ARCHIVE,Entered in AI,Entered in AI,9 - FORT WORTH ARCHIVE,no,AI Needs Review;Entered in AI;AI HOLD;Entered with issues;AI Skipped 2;AI Skipped,not restored,,AAMkAGQyODM5ZWI1LTQ0NDAtNDZiOS1hYTIzLTdjOGM3NDRlNjQ4MgBGAAAAAAAggjN_BHG4TI2Iz-JKRqfaBwDXcyWbp23lSoY0i7GBv6N_AACDH-y1AADYQg2wXX_9SqOyqyAymhzKAAKTTHXNAAA=,Leave in FW; clear Entered in AI
N012,Not restored,2026-09-01 10:56,2026-09-01T15:56:09Z,Clear Kut Engraving,,,V009928,9 - FORT WORTH ARCHIVE,9 - FORT WORTH ARCHIVE,AAMkAGQyODM5ZWI1LTQ0NDAtNDZiOS1hYTIzLTdjOGM3NDRlNjQ4MgAuAAAAAAAggjN_BHG4TI2Iz-JKRqfaAQDXcyWbp23lSoY0i7GBv6N_AACDH-y1AAA=,9 - FORT WORTH ARCHIVE,Entered in AI,Entered in AI,9 - FORT WORTH ARCHIVE,no,AI Needs Review;Entered in AI;AI HOLD;Entered with issues;AI Skipped 2;AI Skipped,not restored,,AAMkAGQyODM5ZWI1LTQ0NDAtNDZiOS1hYTIzLTdjOGM3NDRlNjQ4MgBGAAAAAAAggjN_BHG4TI2Iz-JKRqfaBwDXcyWbp23lSoY0i7GBv6N_AACDH-y1AADYQg2wXX_9SqOyqyAymhzKAAKTTHXOAAA=,Leave in FW; clear Entered in AI
N013,Not restored,2026-09-01 11:03,2026-09-01T16:03:01Z,Accounts Receivables,Nat'l Bolt & Ind'l Sply Mthly EM Cust Stmts,Nat'l Bolt & Ind'l Sply Mthly EM Cust Stmts,,9 - FORT WORTH ARCHIVE,9 - FORT WORTH ARCHIVE,AAMkAGQyODM5ZWI1LTQ0NDAtNDZiOS1hYTIzLTdjOGM3NDRlNjQ4MgAuAAAAAAAggjN_BHG4TI2Iz-JKRqfaAQDXcyWbp23lSoY0i7GBv6N_AACDH-y1AAA=,9 - FORT WORTH ARCHIVE,AI Skipped 2,AI Skipped 2,9 - FORT WORTH ARCHIVE,no,AI Needs Review;Entered in AI;AI HOLD;Entered with issues;AI Skipped 2;AI Skipped,not restored,,AAMkAGQyODM5ZWI1LTQ0NDAtNDZiOS1hYTIzLTdjOGM3NDRlNjQ4MgBGAAAAAAAggjN_BHG4TI2Iz-JKRqfaBwDXcyWbp23lSoY0i7GBv6N_AACDH-y1AADYQg2wXX_9SqOyqyAymhzKAAKTTHXPAAA=,Leave in FW; clear AI Skipped 2
N014,Not restored,2026-09-01 12:08,2026-09-01T17:08:00Z,Shoppa's Material Handling,Shoppa's Material Handling LTD. - Account Statement as of 09-01-26,Shoppa's Material Handling LTD. - Account Statement as of 09-01-26,,9 - FORT WORTH ARCHIVE,9 - FORT WORTH ARCHIVE,AAMkAGQyODM5ZWI1LTQ0NDAtNDZiOS1hYTIzLTdjOGM3NDRlNjQ4MgAuAAAAAAAggjN_BHG4TI2Iz-JKRqfaAQDXcyWbp23lSoY0i7GBv6N_AACDH-y1AAA=,9 - FORT WORTH ARCHIVE,AI Skipped 2,AI Skipped 2,9 - FORT WORTH ARCHIVE,no,AI Needs Review;Entered in AI;AI HOLD;Entered with issues;AI Skipped 2;AI Skipped,not restored,,AAMkAGQyODM5ZWI1LTQ0NDAtNDZiOS1hYTIzLTdjOGM3NDRlNjQ4MgBGAAAAAAAggjN_BHG4TI2Iz-JKRqfaBwDXcyWbp23lSoY0i7GBv6N_AACDH-y1AADYQg2wXX_9SqOyqyAymhzKAAKTTHXRAAA=,Leave in FW; clear AI Skipped 2
N015,Not restored,2026-09-01 12:22,2026-09-01T17:22:13Z,Shelby Hart,Premium Alloys Statement,Premium Alloys Statement,,9 - FORT WORTH ARCHIVE,9 - FORT WORTH ARCHIVE,AAMkAGQyODM5ZWI1LTQ0NDAtNDZiOS1hYTIzLTdjOGM3NDRlNjQ4MgAuAAAAAAAggjN_BHG4TI2Iz-JKRqfaAQDXcyWbp23lSoY0i7GBv6N_AACDH-y1AAA=,9 - FORT WORTH ARCHIVE,AI Skipped 2,AI Skipped 2,9 - FORT WORTH ARCHIVE,no,AI Needs Review;Entered in AI;AI HOLD;Entered with issues;AI Skipped 2;AI Skipped,not restored,,AAMkAGQyODM5ZWI1LTQ0NDAtNDZiOS1hYTIzLTdjOGM3NDRlNjQ4MgBGAAAAAAAggjN_BHG4TI2Iz-JKRqfaBwDXcyWbp23lSoY0i7GBv6N_AACDH-y1AADYQg2wXX_9SqOyqyAymhzKAAKTTHXSAAA=,Leave in FW; clear AI Skipped 2
N016,Not restored,2026-09-01 13:20,2026-09-01T18:20:05Z,Erica@specialtysteelsupply.com,Statement of account from Specialty Steel Supply,Statement of account from Specialty Steel Supply,,9 - FORT WORTH ARCHIVE,9 - FORT WORTH ARCHIVE,AAMkAGQyODM5ZWI1LTQ0NDAtNDZiOS1hYTIzLTdjOGM3NDRlNjQ4MgAuAAAAAAAggjN_BHG4TI2Iz-JKRqfaAQDXcyWbp23lSoY0i7GBv6N_AACDH-y1AAA=,9 - FORT WORTH ARCHIVE,AI Skipped 2,AI Skipped 2,9 - FORT WORTH ARCHIVE,no,AI Needs Review;Entered in AI;AI HOLD;Entered with issues;AI Skipped 2;AI Skipped,not restored,,AAMkAGQyODM5ZWI1LTQ0NDAtNDZiOS1hYTIzLTdjOGM3NDRlNjQ4MgBGAAAAAAAggjN_BHG4TI2Iz-JKRqfaBwDXcyWbp23lSoY0i7GBv6N_AACDH-y1AADYQg2wXX_9SqOyqyAymhzKAAKTTHXVAAA=,Leave in FW; clear AI Skipped 2
N017,Not restored,2026-09-01 13:24,2026-09-01T18:24:22Z,3P,,,142176,9 - FORT WORTH ARCHIVE,9 - FORT WORTH ARCHIVE,AAMkAGQyODM5ZWI1LTQ0NDAtNDZiOS1hYTIzLTdjOGM3NDRlNjQ4MgAuAAAAAAAggjN_BHG4TI2Iz-JKRqfaAQDXcyWbp23lSoY0i7GBv6N_AACDH-y1AAA=,9 - FORT WORTH ARCHIVE,Entered in AI,Entered in AI,9 - FORT WORTH ARCHIVE,no,AI Needs Review;Entered in AI;AI HOLD;Entered with issues;AI Skipped 2;AI Skipped,not restored,,AAMkAGQyODM5ZWI1LTQ0NDAtNDZiOS1hYTIzLTdjOGM3NDRlNjQ4MgBGAAAAAAAggjN_BHG4TI2Iz-JKRqfaBwDXcyWbp23lSoY0i7GBv6N_AACDH-y1AADXcyWbp23lSoY0i7GBv6N_AAOfybzjAAA=,Leave in FW; clear Entered in AI
N018,Not restored,2026-09-01 13:42,2026-09-01T18:42:01Z,3P,,,142179,9 - FORT WORTH ARCHIVE,9 - FORT WORTH ARCHIVE,AAMkAGQyODM5ZWI1LTQ0NDAtNDZiOS1hYTIzLTdjOGM3NDRlNjQ4MgAuAAAAAAAggjN_BHG4TI2Iz-JKRqfaAQDXcyWbp23lSoY0i7GBv6N_AACDH-y1AAA=,9 - FORT WORTH ARCHIVE,Entered in AI,Entered in AI,9 - FORT WORTH ARCHIVE,no,AI Needs Review;Entered in AI;AI HOLD;Entered with issues;AI Skipped 2;AI Skipped,not restored,,AAMkAGQyODM5ZWI1LTQ0NDAtNDZiOS1hYTIzLTdjOGM3NDRlNjQ4MgBGAAAAAAAggjN_BHG4TI2Iz-JKRqfaBwDXcyWbp23lSoY0i7GBv6N_AACDH-y1AADXcyWbp23lSoY0i7GBv6N_AAOfybzkAAA=,Leave in FW; clear Entered in AI
N019,Not restored,2026-09-01 14:24,2026-09-01T19:24:56Z,3P,,,142188,9 - FORT WORTH ARCHIVE,9 - FORT WORTH ARCHIVE,AAMkAGQyODM5ZWI1LTQ0NDAtNDZiOS1hYTIzLTdjOGM3NDRlNjQ4MgAuAAAAAAAggjN_BHG4TI2Iz-JKRqfaAQDXcyWbp23lSoY0i7GBv6N_AACDH-y1AAA=,9 - FORT WORTH ARCHIVE,Entered in AI,Entered in AI,9 - FORT WORTH ARCHIVE,no,AI Needs Review;Entered in AI;AI HOLD;Entered with issues;AI Skipped 2;AI Skipped,not restored,,AAMkAGQyODM5ZWI1LTQ0NDAtNDZiOS1hYTIzLTdjOGM3NDRlNjQ4MgBGAAAAAAAggjN_BHG4TI2Iz-JKRqfaBwDXcyWbp23lSoY0i7GBv6N_AACDH-y1AADXcyWbp23lSoY0i7GBv6N_AAOfybzlAAA=,Leave in FW; clear Entered in AI
N020,Not restored,2026-09-01 14:44,2026-09-01T19:44:27Z,"Invoices from Trace Metal Industries, Inc",,,237704 | 237705,9 - FORT WORTH ARCHIVE,9 - FORT WORTH ARCHIVE,AAMkAGQyODM5ZWI1LTQ0NDAtNDZiOS1hYTIzLTdjOGM3NDRlNjQ4MgAuAAAAAAAggjN_BHG4TI2Iz-JKRqfaAQDXcyWbp23lSoY0i7GBv6N_AACDH-y1AAA=,9 - FORT WORTH ARCHIVE,Entered in AI,Entered in AI,9 - FORT WORTH ARCHIVE,no,AI Needs Review;Entered in AI;AI HOLD;Entered with issues;AI Skipped 2;AI Skipped,not restored,,AAMkAGQyODM5ZWI1LTQ0NDAtNDZiOS1hYTIzLTdjOGM3NDRlNjQ4MgBGAAAAAAAggjN_BHG4TI2Iz-JKRqfaBwDXcyWbp23lSoY0i7GBv6N_AACDH-y1AADYQg2wXX_9SqOyqyAymhzKAAKTTHXWAAA=,Leave in FW; clear Entered in AI
N021,Not restored,2026-09-01 15:48,2026-09-01T20:48:52Z,Gigi Pineda,Re: Past Due Notice for Account G1378,Re: Past Due Notice for Account G1378,,Inbox,Inbox,AAMkAGQyODM5ZWI1LTQ0NDAtNDZiOS1hYTIzLTdjOGM3NDRlNjQ4MgAuAAAAAAAggjN_BHG4TI2Iz-JKRqfaAQDXcyWbp23lSoY0i7GBv6N_AAAAAAEMAAA=,9 - FORT WORTH ARCHIVE,AI Skipped 2,AI Skipped 2,Inbox,yes,AI Needs Review;Entered in AI;AI HOLD;Entered with issues;AI Skipped 2;AI Skipped,not restored,,AAMkAGQyODM5ZWI1LTQ0NDAtNDZiOS1hYTIzLTdjOGM3NDRlNjQ4MgBGAAAAAAAggjN_BHG4TI2Iz-JKRqfaBwDXcyWbp23lSoY0i7GBv6N_AAAAAAEMAADXcyWbp23lSoY0i7GBv6N_AAOQsGWvAAA=,Move back to Inbox; clear AI Skipped 2
N022,Not restored,2026-09-01 17:10,2026-09-01T22:10:10Z,billings@e.mcnichols.com,Statement of Account,Statement of Account,,9 - FORT WORTH ARCHIVE,9 - FORT WORTH ARCHIVE,AAMkAGQyODM5ZWI1LTQ0NDAtNDZiOS1hYTIzLTdjOGM3NDRlNjQ4MgAuAAAAAAAggjN_BHG4TI2Iz-JKRqfaAQDXcyWbp23lSoY0i7GBv6N_AACDH-y1AAA=,9 - FORT WORTH ARCHIVE,AI Skipped 2,AI Skipped 2,9 - FORT WORTH ARCHIVE,no,AI Needs Review;Entered in AI;AI HOLD;Entered with issues;AI Skipped 2;AI Skipped,not restored,,AAMkAGQyODM5ZWI1LTQ0NDAtNDZiOS1hYTIzLTdjOGM3NDRlNjQ4MgBGAAAAAAAggjN_BHG4TI2Iz-JKRqfaBwDXcyWbp23lSoY0i7GBv6N_AACDH-y1AADYQg2wXX_9SqOyqyAymhzKAAKTTHXZAAA=,Leave in FW; clear AI Skipped 2
N023,Not restored,2026-09-01 18:23,2026-09-01T23:23:21Z,Willbanks Metals,,,213082,9 - FORT WORTH ARCHIVE,9 - FORT WORTH ARCHIVE,AAMkAGQyODM5ZWI1LTQ0NDAtNDZiOS1hYTIzLTdjOGM3NDRlNjQ4MgAuAAAAAAAggjN_BHG4TI2Iz-JKRqfaAQDXcyWbp23lSoY0i7GBv6N_AACDH-y1AAA=,9 - FORT WORTH ARCHIVE,Entered in AI,Entered in AI,9 - FORT WORTH ARCHIVE,no,AI Needs Review;Entered in AI;AI HOLD;Entered with issues;AI Skipped 2;AI Skipped,not restored,,AAMkAGQyODM5ZWI1LTQ0NDAtNDZiOS1hYTIzLTdjOGM3NDRlNjQ4MgBGAAAAAAAggjN_BHG4TI2Iz-JKRqfaBwDXcyWbp23lSoY0i7GBv6N_AACDH-y1AADYQg2wXX_9SqOyqyAymhzKAAKTTHXcAAA=,Leave in FW; clear Entered in AI
N024,Not restored,2026-09-01 21:26,2026-09-02T02:26:40Z,Fastenal Company,,,TXFT4100300,9 - FORT WORTH ARCHIVE,9 - FORT WORTH ARCHIVE,AAMkAGQyODM5ZWI1LTQ0NDAtNDZiOS1hYTIzLTdjOGM3NDRlNjQ4MgAuAAAAAAAggjN_BHG4TI2Iz-JKRqfaAQDXcyWbp23lSoY0i7GBv6N_AACDH-y1AAA=,9 - FORT WORTH ARCHIVE,Entered in AI,Entered in AI,9 - FORT WORTH ARCHIVE,no,AI Needs Review;Entered in AI;AI HOLD;Entered with issues;AI Skipped 2;AI Skipped,not restored,,AAMkAGQyODM5ZWI1LTQ0NDAtNDZiOS1hYTIzLTdjOGM3NDRlNjQ4MgBGAAAAAAAggjN_BHG4TI2Iz-JKRqfaBwDXcyWbp23lSoY0i7GBv6N_AACDH-y1AADYQg2wXX_9SqOyqyAymhzKAAKTTHXdAAA=,Leave in FW; clear Entered in AI
N025,Not restored,2026-09-01 22:15,2026-09-02T03:15:01Z,Earle M. Jorgensen Co,,,T607311432,9 - FORT WORTH ARCHIVE,9 - FORT WORTH ARCHIVE,AAMkAGQyODM5ZWI1LTQ0NDAtNDZiOS1hYTIzLTdjOGM3NDRlNjQ4MgAuAAAAAAAggjN_BHG4TI2Iz-JKRqfaAQDXcyWbp23lSoY0i7GBv6N_AACDH-y1AAA=,9 - FORT WORTH ARCHIVE,Entered in AI,Entered in AI,9 - FORT WORTH ARCHIVE,no,AI Needs Review;Entered in AI;AI HOLD;Entered with issues;AI Skipped 2;AI Skipped,not restored,,AAMkAGQyODM5ZWI1LTQ0NDAtNDZiOS1hYTIzLTdjOGM3NDRlNjQ4MgBGAAAAAAAggjN_BHG4TI2Iz-JKRqfaBwDXcyWbp23lSoY0i7GBv6N_AACDH-y1AADYQg2wXX_9SqOyqyAymhzKAAKTTHXeAAA=,Leave in FW; clear Entered in AI
N026,Not restored,2026-09-02 07:11,2026-09-02T12:11:45Z,KIMCO Accounting,Past Due Invoice - Please provide payment status as soon as possible.,Past Due Invoice - Please provide payment status as soon as possible.,,9 - FORT WORTH ARCHIVE,9 - FORT WORTH ARCHIVE,AAMkAGQyODM5ZWI1LTQ0NDAtNDZiOS1hYTIzLTdjOGM3NDRlNjQ4MgAuAAAAAAAggjN_BHG4TI2Iz-JKRqfaAQDXcyWbp23lSoY0i7GBv6N_AACDH-y1AAA=,9 - FORT WORTH ARCHIVE,AI Skipped 2,AI Skipped 2,9 - FORT WORTH ARCHIVE,no,AI Needs Review;Entered in AI;AI HOLD;Entered with issues;AI Skipped 2;AI Skipped,not restored,,AAMkAGQyODM5ZWI1LTQ0NDAtNDZiOS1hYTIzLTdjOGM3NDRlNjQ4MgBGAAAAAAAggjN_BHG4TI2Iz-JKRqfaBwDXcyWbp23lSoY0i7GBv6N_AACDH-y1AADYQg2wXX_9SqOyqyAymhzKAAKTTHXfAAA=,Leave in FW; clear AI Skipped 2
N027,Not restored,2026-09-02 07:26,2026-09-02T12:26:31Z,Gexpro Services,,,,9 - FORT WORTH ARCHIVE,9 - FORT WORTH ARCHIVE,AAMkAGQyODM5ZWI1LTQ0NDAtNDZiOS1hYTIzLTdjOGM3NDRlNjQ4MgAuAAAAAAAggjN_BHG4TI2Iz-JKRqfaAQDXcyWbp23lSoY0i7GBv6N_AACDH-y1AAA=,9 - FORT WORTH ARCHIVE,AI Skipped 2,AI Skipped 2,9 - FORT WORTH ARCHIVE,no,AI Needs Review;Entered in AI;AI HOLD;Entered with issues;AI Skipped 2;AI Skipped,not restored,,AAMkAGQyODM5ZWI1LTQ0NDAtNDZiOS1hYTIzLTdjOGM3NDRlNjQ4MgBGAAAAAAAggjN_BHG4TI2Iz-JKRqfaBwDXcyWbp23lSoY0i7GBv6N_AACDH-y1AADYQg2wXX_9SqOyqyAymhzKAAKTTHXgAAA=,Leave in FW; clear AI Skipped 2
N028,Not restored,2026-09-02 08:12,2026-09-02T13:12:26Z,Erica Barrett,Statement,Statement,,9 - FORT WORTH ARCHIVE,9 - FORT WORTH ARCHIVE,AAMkAGQyODM5ZWI1LTQ0NDAtNDZiOS1hYTIzLTdjOGM3NDRlNjQ4MgAuAAAAAAAggjN_BHG4TI2Iz-JKRqfaAQDXcyWbp23lSoY0i7GBv6N_AACDH-y1AAA=,9 - FORT WORTH ARCHIVE,AI Skipped 2,AI Skipped 2,9 - FORT WORTH ARCHIVE,no,AI Needs Review;Entered in AI;AI HOLD;Entered with issues;AI Skipped 2;AI Skipped,not restored,,AAMkAGQyODM5ZWI1LTQ0NDAtNDZiOS1hYTIzLTdjOGM3NDRlNjQ4MgBGAAAAAAAggjN_BHG4TI2Iz-JKRqfaBwDXcyWbp23lSoY0i7GBv6N_AACDH-y1AADYQg2wXX_9SqOyqyAymhzKAAKTTHXhAAA=,Leave in FW; clear AI Skipped 2
N029,Not restored,2026-09-02 08:33,2026-09-02T13:33:31Z,Crosslink Powder Coating,,,27633,9 - FORT WORTH ARCHIVE,9 - FORT WORTH ARCHIVE,AAMkAGQyODM5ZWI1LTQ0NDAtNDZiOS1hYTIzLTdjOGM3NDRlNjQ4MgAuAAAAAAAggjN_BHG4TI2Iz-JKRqfaAQDXcyWbp23lSoY0i7GBv6N_AACDH-y1AAA=,9 - FORT WORTH ARCHIVE,Entered in AI,Entered in AI,9 - FORT WORTH ARCHIVE,no,AI Needs Review;Entered in AI;AI HOLD;Entered with issues;AI Skipped 2;AI Skipped,not restored,,AAMkAGQyODM5ZWI1LTQ0NDAtNDZiOS1hYTIzLTdjOGM3NDRlNjQ4MgBGAAAAAAAggjN_BHG4TI2Iz-JKRqfaBwDXcyWbp23lSoY0i7GBv6N_AACDH-y1AADYQg2wXX_9SqOyqyAymhzKAAKTTHXiAAA=,Leave in FW; clear Entered in AI
N030,Not restored,2026-09-02 08:33,2026-09-02T13:33:52Z,Crosslink Powder Coating,,,27642,9 - FORT WORTH ARCHIVE,9 - FORT WORTH ARCHIVE,AAMkAGQyODM5ZWI1LTQ0NDAtNDZiOS1hYTIzLTdjOGM3NDRlNjQ4MgAuAAAAAAAggjN_BHG4TI2Iz-JKRqfaAQDXcyWbp23lSoY0i7GBv6N_AACDH-y1AAA=,9 - FORT WORTH ARCHIVE,Entered in AI,Entered in AI,9 - FORT WORTH ARCHIVE,no,AI Needs Review;Entered in AI;AI HOLD;Entered with issues;AI Skipped 2;AI Skipped,not restored,,AAMkAGQyODM5ZWI1LTQ0NDAtNDZiOS1hYTIzLTdjOGM3NDRlNjQ4MgBGAAAAAAAggjN_BHG4TI2Iz-JKRqfaBwDXcyWbp23lSoY0i7GBv6N_AACDH-y1AADYQg2wXX_9SqOyqyAymhzKAAKTTHXjAAA=,Leave in FW; clear Entered in AI
N031,Not restored,2026-09-02 08:34,2026-09-02T13:34:35Z,Crosslink Powder Coating,,,27634,9 - FORT WORTH ARCHIVE,9 - FORT WORTH ARCHIVE,AAMkAGQyODM5ZWI1LTQ0NDAtNDZiOS1hYTIzLTdjOGM3NDRlNjQ4MgAuAAAAAAAggjN_BHG4TI2Iz-JKRqfaAQDXcyWbp23lSoY0i7GBv6N_AACDH-y1AAA=,9 - FORT WORTH ARCHIVE,Entered in AI,Entered in AI,9 - FORT WORTH ARCHIVE,no,AI Needs Review;Entered in AI;AI HOLD;Entered with issues;AI Skipped 2;AI Skipped,not restored,,AAMkAGQyODM5ZWI1LTQ0NDAtNDZiOS1hYTIzLTdjOGM3NDRlNjQ4MgBGAAAAAAAggjN_BHG4TI2Iz-JKRqfaBwDXcyWbp23lSoY0i7GBv6N_AACDH-y1AADYQg2wXX_9SqOyqyAymhzKAAKTTHXkAAA=,Leave in FW; clear Entered in AI
N032,Not restored,2026-09-02 08:39,2026-09-02T13:39:58Z,Crosslink Powder Coating of Texas,"Friendly payment reminder, as your account with us now appears as past due","Friendly payment reminder, as your account with us now appears as past due",,9 - FORT WORTH ARCHIVE,9 - FORT WORTH ARCHIVE,AAMkAGQyODM5ZWI1LTQ0NDAtNDZiOS1hYTIzLTdjOGM3NDRlNjQ4MgAuAAAAAAAggjN_BHG4TI2Iz-JKRqfaAQDXcyWbp23lSoY0i7GBv6N_AACDH-y1AAA=,9 - FORT WORTH ARCHIVE,AI Skipped 2,AI Skipped 2,9 - FORT WORTH ARCHIVE,no,AI Needs Review;Entered in AI;AI HOLD;Entered with issues;AI Skipped 2;AI Skipped,not restored,,AAMkAGQyODM5ZWI1LTQ0NDAtNDZiOS1hYTIzLTdjOGM3NDRlNjQ4MgBGAAAAAAAggjN_BHG4TI2Iz-JKRqfaBwDXcyWbp23lSoY0i7GBv6N_AACDH-y1AADYQg2wXX_9SqOyqyAymhzKAAKTTHXlAAA=,Leave in FW; clear AI Skipped 2
N033,Not restored,2026-09-02 10:49,2026-09-02T15:49:37Z,GRM Information Management Services,,,00013035,9 - FORT WORTH ARCHIVE,9 - FORT WORTH ARCHIVE,AAMkAGQyODM5ZWI1LTQ0NDAtNDZiOS1hYTIzLTdjOGM3NDRlNjQ4MgAuAAAAAAAggjN_BHG4TI2Iz-JKRqfaAQDXcyWbp23lSoY0i7GBv6N_AACDH-y1AAA=,9 - FORT WORTH ARCHIVE,Entered in AI,Entered in AI,9 - FORT WORTH ARCHIVE,no,AI Needs Review;Entered in AI;AI HOLD;Entered with issues;AI Skipped 2;AI Skipped,not restored,,AAMkAGQyODM5ZWI1LTQ0NDAtNDZiOS1hYTIzLTdjOGM3NDRlNjQ4MgBGAAAAAAAggjN_BHG4TI2Iz-JKRqfaBwDXcyWbp23lSoY0i7GBv6N_AACDH-y1AADYQg2wXX_9SqOyqyAymhzKAAKTTHXqAAA=,Leave in FW; clear Entered in AI
N034,Not restored,2026-09-02 10:55,2026-09-02T15:55:13Z,Techni-Tool,,,S1387370.001,9 - FORT WORTH ARCHIVE,9 - FORT WORTH ARCHIVE,AAMkAGQyODM5ZWI1LTQ0NDAtNDZiOS1hYTIzLTdjOGM3NDRlNjQ4MgAuAAAAAAAggjN_BHG4TI2Iz-JKRqfaAQDXcyWbp23lSoY0i7GBv6N_AACDH-y1AAA=,9 - FORT WORTH ARCHIVE,AI Skipped 2,AI Skipped 2,9 - FORT WORTH ARCHIVE,no,AI Needs Review;Entered in AI;AI HOLD;Entered with issues;AI Skipped 2;AI Skipped,not restored,,AAMkAGQyODM5ZWI1LTQ0NDAtNDZiOS1hYTIzLTdjOGM3NDRlNjQ4MgBGAAAAAAAggjN_BHG4TI2Iz-JKRqfaBwDXcyWbp23lSoY0i7GBv6N_AACDH-y1AADYQg2wXX_9SqOyqyAymhzKAAKTTHXtAAA=,Leave in FW; clear AI Skipped 2
N035,Not restored,2026-09-02 10:55,2026-09-02T15:55:22Z,Techni-Tool,"TECHNI-TOOL, INC. DALLAS Statement for account 251","TECHNI-TOOL, INC. DALLAS Statement for account 251",S1387370.001,9 - FORT WORTH ARCHIVE,9 - FORT WORTH ARCHIVE,AAMkAGQyODM5ZWI1LTQ0NDAtNDZiOS1hYTIzLTdjOGM3NDRlNjQ4MgAuAAAAAAAggjN_BHG4TI2Iz-JKRqfaAQDXcyWbp23lSoY0i7GBv6N_AACDH-y1AAA=,9 - FORT WORTH ARCHIVE,Entered in AI,Entered in AI,9 - FORT WORTH ARCHIVE,no,AI Needs Review;Entered in AI;AI HOLD;Entered with issues;AI Skipped 2;AI Skipped,not restored,,AAMkAGQyODM5ZWI1LTQ0NDAtNDZiOS1hYTIzLTdjOGM3NDRlNjQ4MgBGAAAAAAAggjN_BHG4TI2Iz-JKRqfaBwDXcyWbp23lSoY0i7GBv6N_AACDH-y1AADYQg2wXX_9SqOyqyAymhzKAAKTTHXuAAA=,Leave in FW; clear Entered in AI
N036,Not restored,2026-09-02 11:34,2026-09-02T16:34:15Z,Green Valley Compressor LLC,,,2158,9 - FORT WORTH ARCHIVE,9 - FORT WORTH ARCHIVE,AAMkAGQyODM5ZWI1LTQ0NDAtNDZiOS1hYTIzLTdjOGM3NDRlNjQ4MgAuAAAAAAAggjN_BHG4TI2Iz-JKRqfaAQDXcyWbp23lSoY0i7GBv6N_AACDH-y1AAA=,9 - FORT WORTH ARCHIVE,Entered in AI,Entered in AI,9 - FORT WORTH ARCHIVE,no,AI Needs Review;Entered in AI;AI HOLD;Entered with issues;AI Skipped 2;AI Skipped,not restored,,AAMkAGQyODM5ZWI1LTQ0NDAtNDZiOS1hYTIzLTdjOGM3NDRlNjQ4MgBGAAAAAAAggjN_BHG4TI2Iz-JKRqfaBwDXcyWbp23lSoY0i7GBv6N_AACDH-y1AADYQg2wXX_9SqOyqyAymhzKAAKTTHXvAAA=,Leave in FW; clear Entered in AI
N037,Not restored,2026-09-02 11:40,2026-09-02T16:40:00Z,Earle M. Jorgensen Co,,,S810458432,9 - FORT WORTH ARCHIVE,9 - FORT WORTH ARCHIVE,AAMkAGQyODM5ZWI1LTQ0NDAtNDZiOS1hYTIzLTdjOGM3NDRlNjQ4MgAuAAAAAAAggjN_BHG4TI2Iz-JKRqfaAQDXcyWbp23lSoY0i7GBv6N_AACDH-y1AAA=,9 - FORT WORTH ARCHIVE,Entered in AI,Entered in AI,9 - FORT WORTH ARCHIVE,no,AI Needs Review;Entered in AI;AI HOLD;Entered with issues;AI Skipped 2;AI Skipped,not restored,,AAMkAGQyODM5ZWI1LTQ0NDAtNDZiOS1hYTIzLTdjOGM3NDRlNjQ4MgBGAAAAAAAggjN_BHG4TI2Iz-JKRqfaBwDXcyWbp23lSoY0i7GBv6N_AACDH-y1AADYQg2wXX_9SqOyqyAymhzKAAKTTHXwAAA=,Leave in FW; clear Entered in AI
N038,Not restored,2026-09-02 11:49,2026-09-02T16:49:57Z,ken@a1image.com,Your Work Order with A-1 IMAGE INC. is completed,Your Work Order with A-1 IMAGE INC. is completed,,9 - FORT WORTH ARCHIVE,9 - FORT WORTH ARCHIVE,AAMkAGQyODM5ZWI1LTQ0NDAtNDZiOS1hYTIzLTdjOGM3NDRlNjQ4MgAuAAAAAAAggjN_BHG4TI2Iz-JKRqfaAQDXcyWbp23lSoY0i7GBv6N_AACDH-y1AAA=,9 - FORT WORTH ARCHIVE,AI Skipped 2,AI Skipped 2,9 - FORT WORTH ARCHIVE,no,AI Needs Review;Entered in AI;AI HOLD;Entered with issues;AI Skipped 2;AI Skipped,not restored,,AAMkAGQyODM5ZWI1LTQ0NDAtNDZiOS1hYTIzLTdjOGM3NDRlNjQ4MgBGAAAAAAAggjN_BHG4TI2Iz-JKRqfaBwDXcyWbp23lSoY0i7GBv6N_AACDH-y1AADYQg2wXX_9SqOyqyAymhzKAAKTTHXxAAA=,Leave in FW; clear AI Skipped 2
N039,Not restored,2026-09-02 12:35,2026-09-02T17:35:23Z,Julie Hencke,Past Due Invoices,Past Due Invoices,,9 - FORT WORTH ARCHIVE,9 - FORT WORTH ARCHIVE,AAMkAGQyODM5ZWI1LTQ0NDAtNDZiOS1hYTIzLTdjOGM3NDRlNjQ4MgAuAAAAAAAggjN_BHG4TI2Iz-JKRqfaAQDXcyWbp23lSoY0i7GBv6N_AACDH-y1AAA=,9 - FORT WORTH ARCHIVE,AI Skipped 2,AI Skipped 2,9 - FORT WORTH ARCHIVE,no,AI Needs Review;Entered in AI;AI HOLD;Entered with issues;AI Skipped 2;AI Skipped,not restored,,AAMkAGQyODM5ZWI1LTQ0NDAtNDZiOS1hYTIzLTdjOGM3NDRlNjQ4MgBGAAAAAAAggjN_BHG4TI2Iz-JKRqfaBwDXcyWbp23lSoY0i7GBv6N_AACDH-y1AADYQg2wXX_9SqOyqyAymhzKAAKTTHXyAAA=,Leave in FW; clear AI Skipped 2
N040,Not restored,2026-09-02 12:54,2026-09-02T17:54:22Z,Crosslink Powder Coating,"Reminder: Invoice SH:27642 from Crosslink Powder Coating of TX, LLC","Reminder: Invoice SH:27642 from Crosslink Powder Coating of TX, LLC",27642,9 - FORT WORTH ARCHIVE,9 - FORT WORTH ARCHIVE,AAMkAGQyODM5ZWI1LTQ0NDAtNDZiOS1hYTIzLTdjOGM3NDRlNjQ4MgAuAAAAAAAggjN_BHG4TI2Iz-JKRqfaAQDXcyWbp23lSoY0i7GBv6N_AACDH-y1AAA=,9 - FORT WORTH ARCHIVE,Entered in AI,Entered in AI,9 - FORT WORTH ARCHIVE,no,AI Needs Review;Entered in AI;AI HOLD;Entered with issues;AI Skipped 2;AI Skipped,not restored,,AAMkAGQyODM5ZWI1LTQ0NDAtNDZiOS1hYTIzLTdjOGM3NDRlNjQ4MgBGAAAAAAAggjN_BHG4TI2Iz-JKRqfaBwDXcyWbp23lSoY0i7GBv6N_AACDH-y1AADYQg2wXX_9SqOyqyAymhzKAAKTTHX0AAA=,Leave in FW; clear Entered in AI
N041,Not restored,2026-09-02 13:53,2026-09-02T18:53:07Z,"Invoice Tricor Industrial, Inc",,,000444279/1/202659035,UNNAMED (FID 0x376dc5ed3),UNNAMED (FID 0x376dc5ed3),AAMkAGQyODM5ZWI1LTQ0NDAtNDZiOS1hYTIzLTdjOGM3NDRlNjQ4MgAuAAAAAAAggjN_BHG4TI2Iz-JKRqfaAQDXcyWbp23lSoY0i7GBv6N_AAN23F7TAAA=,9 - FORT WORTH ARCHIVE,Entered with issues,Entered with issues,UNNAMED (FID 0x376dc5ed3),yes,AI Needs Review;Entered in AI;AI HOLD;Entered with issues;AI Skipped 2;AI Skipped,not restored,,AAMkAGQyODM5ZWI1LTQ0NDAtNDZiOS1hYTIzLTdjOGM3NDRlNjQ4MgBGAAAAAAAggjN_BHG4TI2Iz-JKRqfaBwDXcyWbp23lSoY0i7GBv6N_AAN23F7TAADYQg2wXX_9SqOyqyAymhzKAAKTTHEQAAA=,"Move back to Other user folder (FID 0x376dc5ed3, name not in logs); clear Entered with issues"
N042,Not restored,2026-09-02 14:32,2026-09-02T19:32:58Z,Terry Regan,PAST DUE INVOICES,PAST DUE INVOICES,,9 - FORT WORTH ARCHIVE,9 - FORT WORTH ARCHIVE,AAMkAGQyODM5ZWI1LTQ0NDAtNDZiOS1hYTIzLTdjOGM3NDRlNjQ4MgAuAAAAAAAggjN_BHG4TI2Iz-JKRqfaAQDXcyWbp23lSoY0i7GBv6N_AACDH-y1AAA=,9 - FORT WORTH ARCHIVE,AI Skipped 2,AI Skipped 2,9 - FORT WORTH ARCHIVE,no,AI Needs Review;Entered in AI;AI HOLD;Entered with issues;AI Skipped 2;AI Skipped,not restored,,AAMkAGQyODM5ZWI1LTQ0NDAtNDZiOS1hYTIzLTdjOGM3NDRlNjQ4MgBGAAAAAAAggjN_BHG4TI2Iz-JKRqfaBwDXcyWbp23lSoY0i7GBv6N_AACDH-y1AADYQg2wXX_9SqOyqyAymhzKAAKTTHX7AAA=,Leave in FW; clear AI Skipped 2
N043,Not restored,2026-09-02 14:57,2026-09-02T19:57:58Z,Derek Spomer,TUBE SUPPLY Statement () Transmission for KANNON MANUFACTURING INC,TUBE SUPPLY Statement () Transmission for KANNON MANUFACTURING INC,,9 - FORT WORTH ARCHIVE,9 - FORT WORTH ARCHIVE,AAMkAGQyODM5ZWI1LTQ0NDAtNDZiOS1hYTIzLTdjOGM3NDRlNjQ4MgAuAAAAAAAggjN_BHG4TI2Iz-JKRqfaAQDXcyWbp23lSoY0i7GBv6N_AACDH-y1AAA=,9 - FORT WORTH ARCHIVE,AI Skipped 2,AI Skipped 2,9 - FORT WORTH ARCHIVE,no,AI Needs Review;Entered in AI;AI HOLD;Entered with issues;AI Skipped 2;AI Skipped,not restored,,AAMkAGQyODM5ZWI1LTQ0NDAtNDZiOS1hYTIzLTdjOGM3NDRlNjQ4MgBGAAAAAAAggjN_BHG4TI2Iz-JKRqfaBwDXcyWbp23lSoY0i7GBv6N_AACDH-y1AADYQg2wXX_9SqOyqyAymhzKAAKTTHX9AAA=,Leave in FW; clear AI Skipped 2
N044,Not restored,2026-09-02 16:11,2026-09-02T21:11:36Z,Christina Gersten,RE: 019586   KANNON MANUFACTURING INC,RE: 019586   KANNON MANUFACTURING INC,,9 - FORT WORTH ARCHIVE,9 - FORT WORTH ARCHIVE,AAMkAGQyODM5ZWI1LTQ0NDAtNDZiOS1hYTIzLTdjOGM3NDRlNjQ4MgAuAAAAAAAggjN_BHG4TI2Iz-JKRqfaAQDXcyWbp23lSoY0i7GBv6N_AACDH-y1AAA=,9 - FORT WORTH ARCHIVE,AI Skipped 2,AI Skipped 2,9 - FORT WORTH ARCHIVE,no,AI Needs Review;Entered in AI;AI HOLD;Entered with issues;AI Skipped 2;AI Skipped,not restored,,AAMkAGQyODM5ZWI1LTQ0NDAtNDZiOS1hYTIzLTdjOGM3NDRlNjQ4MgBGAAAAAAAggjN_BHG4TI2Iz-JKRqfaBwDXcyWbp23lSoY0i7GBv6N_AACDH-y1AADYQg2wXX_9SqOyqyAymhzKAAKTTHYAAAA=,Leave in FW; clear AI Skipped 2
N045,Not restored,2026-09-02 20:10,2026-09-03T01:10:15Z,Purvis Industries,,,32646177,9 - FORT WORTH ARCHIVE,9 - FORT WORTH ARCHIVE,AAMkAGQyODM5ZWI1LTQ0NDAtNDZiOS1hYTIzLTdjOGM3NDRlNjQ4MgAuAAAAAAAggjN_BHG4TI2Iz-JKRqfaAQDXcyWbp23lSoY0i7GBv6N_AACDH-y1AAA=,9 - FORT WORTH ARCHIVE,Entered in AI,Entered in AI,9 - FORT WORTH ARCHIVE,no,AI Needs Review;Entered in AI;AI HOLD;Entered with issues;AI Skipped 2;AI Skipped,not restored,,AAMkAGQyODM5ZWI1LTQ0NDAtNDZiOS1hYTIzLTdjOGM3NDRlNjQ4MgBGAAAAAAAggjN_BHG4TI2Iz-JKRqfaBwDXcyWbp23lSoY0i7GBv6N_AACDH-y1AADYQg2wXX_9SqOyqyAymhzKAAKTTHYCAAA=,Leave in FW; clear Entered in AI
N046,Not restored,2026-09-02 21:25,2026-09-03T02:25:01Z,Do Not Reply,NOTICE OF PAYMENT DUE for KANNON MANUFACTURING INC - TXH-F22041 - HIGGINBOTHAM - FORT WORTH - 9/2/2026 - Imperial PFS® Forms/Letters.,NOTICE OF PAYMENT DUE for KANNON MANUFACTURING INC - TXH-F22041 - HIGGINBOTHAM - FORT WORTH - 9/2/2026 - Imperial PFS® Forms/Letters.,,Inbox,Inbox,AAMkAGQyODM5ZWI1LTQ0NDAtNDZiOS1hYTIzLTdjOGM3NDRlNjQ4MgAuAAAAAAAggjN_BHG4TI2Iz-JKRqfaAQDXcyWbp23lSoY0i7GBv6N_AAAAAAEMAAA=,9 - FORT WORTH ARCHIVE,AI Skipped 2,AI Skipped 2,Inbox,yes,AI Needs Review;Entered in AI;AI HOLD;Entered with issues;AI Skipped 2;AI Skipped,not restored,,AAMkAGQyODM5ZWI1LTQ0NDAtNDZiOS1hYTIzLTdjOGM3NDRlNjQ4MgBGAAAAAAAggjN_BHG4TI2Iz-JKRqfaBwDXcyWbp23lSoY0i7GBv6N_AAAAAAEMAADXcyWbp23lSoY0i7GBv6N_AAOQsGXpAAA=,Move back to Inbox; clear AI Skipped 2
N047,Not restored,2026-09-02 23:07,2026-09-03T04:07:30Z,Kloeckner Metals Corporation,,,15206781,9 - FORT WORTH ARCHIVE,9 - FORT WORTH ARCHIVE,AAMkAGQyODM5ZWI1LTQ0NDAtNDZiOS1hYTIzLTdjOGM3NDRlNjQ4MgAuAAAAAAAggjN_BHG4TI2Iz-JKRqfaAQDXcyWbp23lSoY0i7GBv6N_AACDH-y1AAA=,9 - FORT WORTH ARCHIVE,Entered in AI,Entered in AI,9 - FORT WORTH ARCHIVE,no,AI Needs Review;Entered in AI;AI HOLD;Entered with issues;AI Skipped 2;AI Skipped,not restored,,AAMkAGQyODM5ZWI1LTQ0NDAtNDZiOS1hYTIzLTdjOGM3NDRlNjQ4MgBGAAAAAAAggjN_BHG4TI2Iz-JKRqfaBwDXcyWbp23lSoY0i7GBv6N_AACDH-y1AADYQg2wXX_9SqOyqyAymhzKAAKTTHYDAAA=,Leave in FW; clear Entered in AI
N048,Not restored,2026-09-03 05:11,2026-09-03T10:11:52Z,OLP5190@WASTECONNECTIONS.COM,WC Lone Star - Haltom City - Approved Automatic Payment,WC Lone Star - Haltom City - Approved Automatic Payment,,9 - FORT WORTH ARCHIVE,9 - FORT WORTH ARCHIVE,AAMkAGQyODM5ZWI1LTQ0NDAtNDZiOS1hYTIzLTdjOGM3NDRlNjQ4MgAuAAAAAAAggjN_BHG4TI2Iz-JKRqfaAQDXcyWbp23lSoY0i7GBv6N_AACDH-y1AAA=,9 - FORT WORTH ARCHIVE,AI Skipped 2,AI Skipped 2,9 - FORT WORTH ARCHIVE,no,AI Needs Review;Entered in AI;AI HOLD;Entered with issues;AI Skipped 2;AI Skipped,not restored,,AAMkAGQyODM5ZWI1LTQ0NDAtNDZiOS1hYTIzLTdjOGM3NDRlNjQ4MgBGAAAAAAAggjN_BHG4TI2Iz-JKRqfaBwDXcyWbp23lSoY0i7GBv6N_AACDH-y1AADYQg2wXX_9SqOyqyAymhzKAAKTTHYEAAA=,Leave in FW; clear AI Skipped 2
N049,Not restored,2026-09-03 09:34,2026-09-03T14:34:13Z,"Net Due Upon Receipt Of Invoice Arrow Personnel, Llc",,,183233,9 - FORT WORTH ARCHIVE,9 - FORT WORTH ARCHIVE,AAMkAGQyODM5ZWI1LTQ0NDAtNDZiOS1hYTIzLTdjOGM3NDRlNjQ4MgAuAAAAAAAggjN_BHG4TI2Iz-JKRqfaAQDXcyWbp23lSoY0i7GBv6N_AACDH-y1AAA=,9 - FORT WORTH ARCHIVE,Entered in AI,Entered in AI,9 - FORT WORTH ARCHIVE,no,AI Needs Review;Entered in AI;AI HOLD;Entered with issues;AI Skipped 2;AI Skipped,not restored,,AAMkAGQyODM5ZWI1LTQ0NDAtNDZiOS1hYTIzLTdjOGM3NDRlNjQ4MgBGAAAAAAAggjN_BHG4TI2Iz-JKRqfaBwDXcyWbp23lSoY0i7GBv6N_AACDH-y1AADYQg2wXX_9SqOyqyAymhzKAAKTTHYGAAA=,Leave in FW; clear Entered in AI
N050,Not restored,2026-09-03 09:56,2026-09-03T14:56:26Z,Yolanda Taylor,RE: 019586   KANNON MANUFACTURING INC,RE: 019586   KANNON MANUFACTURING INC,,9 - FORT WORTH ARCHIVE,9 - FORT WORTH ARCHIVE,AAMkAGQyODM5ZWI1LTQ0NDAtNDZiOS1hYTIzLTdjOGM3NDRlNjQ4MgAuAAAAAAAggjN_BHG4TI2Iz-JKRqfaAQDXcyWbp23lSoY0i7GBv6N_AACDH-y1AAA=,9 - FORT WORTH ARCHIVE,AI Skipped 2,AI Skipped 2,9 - FORT WORTH ARCHIVE,no,AI Needs Review;Entered in AI;AI HOLD;Entered with issues;AI Skipped 2;AI Skipped,not restored,,AAMkAGQyODM5ZWI1LTQ0NDAtNDZiOS1hYTIzLTdjOGM3NDRlNjQ4MgBGAAAAAAAggjN_BHG4TI2Iz-JKRqfaBwDXcyWbp23lSoY0i7GBv6N_AACDH-y1AADYQg2wXX_9SqOyqyAymhzKAAKTTHYHAAA=,Leave in FW; clear AI Skipped 2
N051,Not restored,2026-09-03 11:51,2026-09-03T16:51:08Z,Treyce Wegmann,RE: Auto-Email of A/R Statement,RE: Auto-Email of A/R Statement,,9 - FORT WORTH ARCHIVE,9 - FORT WORTH ARCHIVE,AAMkAGQyODM5ZWI1LTQ0NDAtNDZiOS1hYTIzLTdjOGM3NDRlNjQ4MgAuAAAAAAAggjN_BHG4TI2Iz-JKRqfaAQDXcyWbp23lSoY0i7GBv6N_AACDH-y1AAA=,9 - FORT WORTH ARCHIVE,AI Skipped 2,AI Skipped 2,9 - FORT WORTH ARCHIVE,no,AI Needs Review;Entered in AI;AI HOLD;Entered with issues;AI Skipped 2;AI Skipped,not restored,,AAMkAGQyODM5ZWI1LTQ0NDAtNDZiOS1hYTIzLTdjOGM3NDRlNjQ4MgBGAAAAAAAggjN_BHG4TI2Iz-JKRqfaBwDXcyWbp23lSoY0i7GBv6N_AACDH-y1AADYQg2wXX_9SqOyqyAymhzKAAKTTHYKAAA=,Leave in FW; clear AI Skipped 2
N052,Not restored,2026-09-03 12:17,2026-09-03T17:17:49Z,Michelle Dalton,"K-T Galvanizing Venus, Tx Price Adjustment Effective 9 15 2026  $0.04 per pound","K-T Galvanizing Venus, Tx Price Adjustment Effective 9 15 2026  $0.04 per pound",,9 - FORT WORTH ARCHIVE,9 - FORT WORTH ARCHIVE,AAMkAGQyODM5ZWI1LTQ0NDAtNDZiOS1hYTIzLTdjOGM3NDRlNjQ4MgAuAAAAAAAggjN_BHG4TI2Iz-JKRqfaAQDXcyWbp23lSoY0i7GBv6N_AACDH-y1AAA=,9 - FORT WORTH ARCHIVE,AI Skipped 2,AI Skipped 2,9 - FORT WORTH ARCHIVE,no,AI Needs Review;Entered in AI;AI HOLD;Entered with issues;AI Skipped 2;AI Skipped,not restored,,AAMkAGQyODM5ZWI1LTQ0NDAtNDZiOS1hYTIzLTdjOGM3NDRlNjQ4MgBGAAAAAAAggjN_BHG4TI2Iz-JKRqfaBwDXcyWbp23lSoY0i7GBv6N_AACDH-y1AADYQg2wXX_9SqOyqyAymhzKAAKTTHYLAAA=,Leave in FW; clear AI Skipped 2
N053,Not restored,2026-09-03 13:27,2026-09-03T18:27:33Z,Treyce Wegmann,RE: Account Statement,RE: Account Statement,,9 - FORT WORTH ARCHIVE,9 - FORT WORTH ARCHIVE,AAMkAGQyODM5ZWI1LTQ0NDAtNDZiOS1hYTIzLTdjOGM3NDRlNjQ4MgAuAAAAAAAggjN_BHG4TI2Iz-JKRqfaAQDXcyWbp23lSoY0i7GBv6N_AACDH-y1AAA=,9 - FORT WORTH ARCHIVE,AI Skipped 2,AI Skipped 2,9 - FORT WORTH ARCHIVE,no,AI Needs Review;Entered in AI;AI HOLD;Entered with issues;AI Skipped 2;AI Skipped,not restored,,AAMkAGQyODM5ZWI1LTQ0NDAtNDZiOS1hYTIzLTdjOGM3NDRlNjQ4MgBGAAAAAAAggjN_BHG4TI2Iz-JKRqfaBwDXcyWbp23lSoY0i7GBv6N_AACDH-y1AADYQg2wXX_9SqOyqyAymhzKAAKTTHYMAAA=,Leave in FW; clear AI Skipped 2
N054,Not restored,2026-09-03 14:12,2026-09-03T19:12:53Z,Phoenixmetals,,,9110627,9 - FORT WORTH ARCHIVE,9 - FORT WORTH ARCHIVE,AAMkAGQyODM5ZWI1LTQ0NDAtNDZiOS1hYTIzLTdjOGM3NDRlNjQ4MgAuAAAAAAAggjN_BHG4TI2Iz-JKRqfaAQDXcyWbp23lSoY0i7GBv6N_AACDH-y1AAA=,9 - FORT WORTH ARCHIVE,Entered in AI,Entered in AI,9 - FORT WORTH ARCHIVE,no,AI Needs Review;Entered in AI;AI HOLD;Entered with issues;AI Skipped 2;AI Skipped,not restored,,AAMkAGQyODM5ZWI1LTQ0NDAtNDZiOS1hYTIzLTdjOGM3NDRlNjQ4MgBGAAAAAAAggjN_BHG4TI2Iz-JKRqfaBwDXcyWbp23lSoY0i7GBv6N_AACDH-y1AADYQg2wXX_9SqOyqyAymhzKAAKTTHYOAAA=,Leave in FW; clear Entered in AI
N055,Not restored,2026-09-03 15:41,2026-09-03T20:41:31Z,gigi.pineda@gasandsupply.com,,,,9 - FORT WORTH ARCHIVE,9 - FORT WORTH ARCHIVE,AAMkAGQyODM5ZWI1LTQ0NDAtNDZiOS1hYTIzLTdjOGM3NDRlNjQ4MgAuAAAAAAAggjN_BHG4TI2Iz-JKRqfaAQDXcyWbp23lSoY0i7GBv6N_AACDH-y1AAA=,9 - FORT WORTH ARCHIVE,AI Skipped 2,AI Skipped 2,9 - FORT WORTH ARCHIVE,no,AI Needs Review;Entered in AI;AI HOLD;Entered with issues;AI Skipped 2;AI Skipped,not restored,,AAMkAGQyODM5ZWI1LTQ0NDAtNDZiOS1hYTIzLTdjOGM3NDRlNjQ4MgBGAAAAAAAggjN_BHG4TI2Iz-JKRqfaBwDXcyWbp23lSoY0i7GBv6N_AACDH-y1AADYQg2wXX_9SqOyqyAymhzKAAKTTHYPAAA=,Leave in FW; clear AI Skipped 2
N056,Not restored,2026-09-03 16:06,2026-09-03T21:06:38Z,AR TEAM,Sept Statement,Sept Statement,,9 - FORT WORTH ARCHIVE,9 - FORT WORTH ARCHIVE,AAMkAGQyODM5ZWI1LTQ0NDAtNDZiOS1hYTIzLTdjOGM3NDRlNjQ4MgAuAAAAAAAggjN_BHG4TI2Iz-JKRqfaAQDXcyWbp23lSoY0i7GBv6N_AACDH-y1AAA=,9 - FORT WORTH ARCHIVE,AI Skipped 2,AI Skipped 2,9 - FORT WORTH ARCHIVE,no,AI Needs Review;Entered in AI;AI HOLD;Entered with issues;AI Skipped 2;AI Skipped,not restored,,AAMkAGQyODM5ZWI1LTQ0NDAtNDZiOS1hYTIzLTdjOGM3NDRlNjQ4MgBGAAAAAAAggjN_BHG4TI2Iz-JKRqfaBwDXcyWbp23lSoY0i7GBv6N_AACDH-y1AADYQg2wXX_9SqOyqyAymhzKAAKTTHYQAAA=,Leave in FW; clear AI Skipped 2
N057,Not restored,2026-09-03 16:11,2026-09-03T21:11:15Z,Globe Life,Payment Submitted,Payment Submitted,,9 - FORT WORTH ARCHIVE,9 - FORT WORTH ARCHIVE,AAMkAGQyODM5ZWI1LTQ0NDAtNDZiOS1hYTIzLTdjOGM3NDRlNjQ4MgAuAAAAAAAggjN_BHG4TI2Iz-JKRqfaAQDXcyWbp23lSoY0i7GBv6N_AACDH-y1AAA=,9 - FORT WORTH ARCHIVE,AI Skipped 2,AI Skipped 2,9 - FORT WORTH ARCHIVE,no,AI Needs Review;Entered in AI;AI HOLD;Entered with issues;AI Skipped 2;AI Skipped,not restored,,AAMkAGQyODM5ZWI1LTQ0NDAtNDZiOS1hYTIzLTdjOGM3NDRlNjQ4MgBGAAAAAAAggjN_BHG4TI2Iz-JKRqfaBwDXcyWbp23lSoY0i7GBv6N_AACDH-y1AADYQg2wXX_9SqOyqyAymhzKAAKTTHYRAAA=,Leave in FW; clear AI Skipped 2
N058,Not restored,2026-09-03 16:22,2026-09-03T21:22:13Z,FastenalReporting@fastenal.com,A Fastenal statement has been generated for you.,A Fastenal statement has been generated for you.,,9 - FORT WORTH ARCHIVE,9 - FORT WORTH ARCHIVE,AAMkAGQyODM5ZWI1LTQ0NDAtNDZiOS1hYTIzLTdjOGM3NDRlNjQ4MgAuAAAAAAAggjN_BHG4TI2Iz-JKRqfaAQDXcyWbp23lSoY0i7GBv6N_AACDH-y1AAA=,9 - FORT WORTH ARCHIVE,AI Skipped 2,AI Skipped 2,9 - FORT WORTH ARCHIVE,no,AI Needs Review;Entered in AI;AI HOLD;Entered with issues;AI Skipped 2;AI Skipped,not restored,,AAMkAGQyODM5ZWI1LTQ0NDAtNDZiOS1hYTIzLTdjOGM3NDRlNjQ4MgBGAAAAAAAggjN_BHG4TI2Iz-JKRqfaBwDXcyWbp23lSoY0i7GBv6N_AACDH-y1AADYQg2wXX_9SqOyqyAymhzKAAKTTHYSAAA=,Leave in FW; clear AI Skipped 2
N059,Not restored,2026-09-03 16:23,2026-09-03T21:23:36Z,Antoinette Sanchez,Fastenal Past due,Fastenal Past due,,9 - FORT WORTH ARCHIVE,9 - FORT WORTH ARCHIVE,AAMkAGQyODM5ZWI1LTQ0NDAtNDZiOS1hYTIzLTdjOGM3NDRlNjQ4MgAuAAAAAAAggjN_BHG4TI2Iz-JKRqfaAQDXcyWbp23lSoY0i7GBv6N_AACDH-y1AAA=,9 - FORT WORTH ARCHIVE,AI Skipped 2,AI Skipped 2,9 - FORT WORTH ARCHIVE,no,AI Needs Review;Entered in AI;AI HOLD;Entered with issues;AI Skipped 2;AI Skipped,not restored,,AAMkAGQyODM5ZWI1LTQ0NDAtNDZiOS1hYTIzLTdjOGM3NDRlNjQ4MgBGAAAAAAAggjN_BHG4TI2Iz-JKRqfaBwDXcyWbp23lSoY0i7GBv6N_AACDH-y1AADYQg2wXX_9SqOyqyAymhzKAAKTTHYTAAA=,Leave in FW; clear AI Skipped 2
N060,Not restored,2026-09-03 16:50,2026-09-03T21:50:21Z,Globe Life,Payment Submitted,Payment Submitted,,9 - FORT WORTH ARCHIVE,9 - FORT WORTH ARCHIVE,AAMkAGQyODM5ZWI1LTQ0NDAtNDZiOS1hYTIzLTdjOGM3NDRlNjQ4MgAuAAAAAAAggjN_BHG4TI2Iz-JKRqfaAQDXcyWbp23lSoY0i7GBv6N_AACDH-y1AAA=,9 - FORT WORTH ARCHIVE,AI Skipped 2,AI Skipped 2,9 - FORT WORTH ARCHIVE,no,AI Needs Review;Entered in AI;AI HOLD;Entered with issues;AI Skipped 2;AI Skipped,not restored,,AAMkAGQyODM5ZWI1LTQ0NDAtNDZiOS1hYTIzLTdjOGM3NDRlNjQ4MgBGAAAAAAAggjN_BHG4TI2Iz-JKRqfaBwDXcyWbp23lSoY0i7GBv6N_AACDH-y1AADYQg2wXX_9SqOyqyAymhzKAAKTTHYUAAA=,Leave in FW; clear AI Skipped 2
N061,Not restored,2026-09-03 17:04,2026-09-03T22:04:48Z,autoinvoices@austinhardware.com,17566 - Kannon Manufacturing Inc Statement,17566 - Kannon Manufacturing Inc Statement,,9 - FORT WORTH ARCHIVE,9 - FORT WORTH ARCHIVE,AAMkAGQyODM5ZWI1LTQ0NDAtNDZiOS1hYTIzLTdjOGM3NDRlNjQ4MgAuAAAAAAAggjN_BHG4TI2Iz-JKRqfaAQDXcyWbp23lSoY0i7GBv6N_AACDH-y1AAA=,9 - FORT WORTH ARCHIVE,AI Skipped 2,AI Skipped 2,9 - FORT WORTH ARCHIVE,no,AI Needs Review;Entered in AI;AI HOLD;Entered with issues;AI Skipped 2;AI Skipped,not restored,,AAMkAGQyODM5ZWI1LTQ0NDAtNDZiOS1hYTIzLTdjOGM3NDRlNjQ4MgBGAAAAAAAggjN_BHG4TI2Iz-JKRqfaBwDXcyWbp23lSoY0i7GBv6N_AACDH-y1AADYQg2wXX_9SqOyqyAymhzKAAKTTHYVAAA=,Leave in FW; clear AI Skipped 2
N062,Not restored,2026-09-04 09:42,2026-09-04T14:42:15Z,Tejas Transportation,,,523858,9 - FORT WORTH ARCHIVE,9 - FORT WORTH ARCHIVE,AAMkAGQyODM5ZWI1LTQ0NDAtNDZiOS1hYTIzLTdjOGM3NDRlNjQ4MgAuAAAAAAAggjN_BHG4TI2Iz-JKRqfaAQDXcyWbp23lSoY0i7GBv6N_AACDH-y1AAA=,9 - FORT WORTH ARCHIVE,Entered in AI,Entered in AI,9 - FORT WORTH ARCHIVE,no,AI Needs Review;Entered in AI;AI HOLD;Entered with issues;AI Skipped 2;AI Skipped,not restored,,AAMkAGQyODM5ZWI1LTQ0NDAtNDZiOS1hYTIzLTdjOGM3NDRlNjQ4MgBGAAAAAAAggjN_BHG4TI2Iz-JKRqfaBwDXcyWbp23lSoY0i7GBv6N_AACDH-y1AADYQg2wXX_9SqOyqyAymhzKAAKTTHYYAAA=,Leave in FW; clear Entered in AI
N063,Not restored,2026-09-04 10:03,2026-09-04T15:03:16Z,Mike Drake,"ID 2434, past due invoices","ID 2434, past due invoices",,9 - FORT WORTH ARCHIVE,9 - FORT WORTH ARCHIVE,AAMkAGQyODM5ZWI1LTQ0NDAtNDZiOS1hYTIzLTdjOGM3NDRlNjQ4MgAuAAAAAAAggjN_BHG4TI2Iz-JKRqfaAQDXcyWbp23lSoY0i7GBv6N_AACDH-y1AAA=,9 - FORT WORTH ARCHIVE,AI Skipped 2,AI Skipped 2,9 - FORT WORTH ARCHIVE,no,AI Needs Review;Entered in AI;AI HOLD;Entered with issues;AI Skipped 2;AI Skipped,not restored,,AAMkAGQyODM5ZWI1LTQ0NDAtNDZiOS1hYTIzLTdjOGM3NDRlNjQ4MgBGAAAAAAAggjN_BHG4TI2Iz-JKRqfaBwDXcyWbp23lSoY0i7GBv6N_AACDH-y1AADYQg2wXX_9SqOyqyAymhzKAAKTTHYZAAA=,Leave in FW; clear AI Skipped 2
N064,Not restored,2026-09-04 12:11,2026-09-04T17:11:56Z,Shawn McKibben,Check# 18553,Check# 18553,,9 - FORT WORTH ARCHIVE,9 - FORT WORTH ARCHIVE,AAMkAGQyODM5ZWI1LTQ0NDAtNDZiOS1hYTIzLTdjOGM3NDRlNjQ4MgAuAAAAAAAggjN_BHG4TI2Iz-JKRqfaAQDXcyWbp23lSoY0i7GBv6N_AACDH-y1AAA=,9 - FORT WORTH ARCHIVE,AI Skipped 2,AI Skipped 2,9 - FORT WORTH ARCHIVE,no,AI Needs Review;Entered in AI;AI HOLD;Entered with issues;AI Skipped 2;AI Skipped,not restored,,AAMkAGQyODM5ZWI1LTQ0NDAtNDZiOS1hYTIzLTdjOGM3NDRlNjQ4MgBGAAAAAAAggjN_BHG4TI2Iz-JKRqfaBwDXcyWbp23lSoY0i7GBv6N_AACDH-y1AADYQg2wXX_9SqOyqyAymhzKAAKTTHYaAAA=,Leave in FW; clear AI Skipped 2
N065,Not restored,2026-09-04 12:19,2026-09-04T17:19:40Z,ar@onealsteel.com,Payment Confirmation,Payment Confirmation,,9 - FORT WORTH ARCHIVE,9 - FORT WORTH ARCHIVE,AAMkAGQyODM5ZWI1LTQ0NDAtNDZiOS1hYTIzLTdjOGM3NDRlNjQ4MgAuAAAAAAAggjN_BHG4TI2Iz-JKRqfaAQDXcyWbp23lSoY0i7GBv6N_AACDH-y1AAA=,9 - FORT WORTH ARCHIVE,AI Skipped 2,AI Skipped 2,9 - FORT WORTH ARCHIVE,no,AI Needs Review;Entered in AI;AI HOLD;Entered with issues;AI Skipped 2;AI Skipped,not restored,,AAMkAGQyODM5ZWI1LTQ0NDAtNDZiOS1hYTIzLTdjOGM3NDRlNjQ4MgBGAAAAAAAggjN_BHG4TI2Iz-JKRqfaBwDXcyWbp23lSoY0i7GBv6N_AACDH-y1AADYQg2wXX_9SqOyqyAymhzKAAKTTHYbAAA=,Leave in FW; clear AI Skipped 2
N066,Not restored,2026-09-04 14:13,2026-09-04T19:13:41Z,Morgan Steel,,,129320,9 - FORT WORTH ARCHIVE,9 - FORT WORTH ARCHIVE,AAMkAGQyODM5ZWI1LTQ0NDAtNDZiOS1hYTIzLTdjOGM3NDRlNjQ4MgAuAAAAAAAggjN_BHG4TI2Iz-JKRqfaAQDXcyWbp23lSoY0i7GBv6N_AACDH-y1AAA=,9 - FORT WORTH ARCHIVE,Entered in AI,Entered in AI,9 - FORT WORTH ARCHIVE,no,AI Needs Review;Entered in AI;AI HOLD;Entered with issues;AI Skipped 2;AI Skipped,not restored,,AAMkAGQyODM5ZWI1LTQ0NDAtNDZiOS1hYTIzLTdjOGM3NDRlNjQ4MgBGAAAAAAAggjN_BHG4TI2Iz-JKRqfaBwDXcyWbp23lSoY0i7GBv6N_AACDH-y1AADYQg2wXX_9SqOyqyAymhzKAAKTTHYeAAA=,Leave in FW; clear Entered in AI
N067,Not restored,2026-09-04 14:58,2026-09-04T19:58:13Z,3P,,,142216,9 - FORT WORTH ARCHIVE,9 - FORT WORTH ARCHIVE,AAMkAGQyODM5ZWI1LTQ0NDAtNDZiOS1hYTIzLTdjOGM3NDRlNjQ4MgAuAAAAAAAggjN_BHG4TI2Iz-JKRqfaAQDXcyWbp23lSoY0i7GBv6N_AACDH-y1AAA=,9 - FORT WORTH ARCHIVE,Entered in AI,Entered in AI,9 - FORT WORTH ARCHIVE,no,AI Needs Review;Entered in AI;AI HOLD;Entered with issues;AI Skipped 2;AI Skipped,not restored,,AAMkAGQyODM5ZWI1LTQ0NDAtNDZiOS1hYTIzLTdjOGM3NDRlNjQ4MgBGAAAAAAAggjN_BHG4TI2Iz-JKRqfaBwDXcyWbp23lSoY0i7GBv6N_AACDH-y1AADXcyWbp23lSoY0i7GBv6N_AAOfybznAAA=,Leave in FW; clear Entered in AI
N068,Not restored,2026-09-04 16:06,2026-09-04T21:06:20Z,Accounting,Past Due Statement Reminder - KANNON - 08/31/2026,Past Due Statement Reminder - KANNON - 08/31/2026,,9 - FORT WORTH ARCHIVE,9 - FORT WORTH ARCHIVE,AAMkAGQyODM5ZWI1LTQ0NDAtNDZiOS1hYTIzLTdjOGM3NDRlNjQ4MgAuAAAAAAAggjN_BHG4TI2Iz-JKRqfaAQDXcyWbp23lSoY0i7GBv6N_AACDH-y1AAA=,9 - FORT WORTH ARCHIVE,AI Skipped 2,AI Skipped 2,9 - FORT WORTH ARCHIVE,no,AI Needs Review;Entered in AI;AI HOLD;Entered with issues;AI Skipped 2;AI Skipped,not restored,,AAMkAGQyODM5ZWI1LTQ0NDAtNDZiOS1hYTIzLTdjOGM3NDRlNjQ4MgBGAAAAAAAggjN_BHG4TI2Iz-JKRqfaBwDXcyWbp23lSoY0i7GBv6N_AACDH-y1AADYQg2wXX_9SqOyqyAymhzKAAKTTHYhAAA=,Leave in FW; clear AI Skipped 2
N069,Not restored,2026-09-04 16:26,2026-09-04T21:26:07Z,DoNotReply@invoices.mscdirect.com,MSC Past Due Notification     (DXED#202624717232246358DC),MSC Past Due Notification     (DXED#202624717232246358DC),,Inbox,Inbox,AAMkAGQyODM5ZWI1LTQ0NDAtNDZiOS1hYTIzLTdjOGM3NDRlNjQ4MgAuAAAAAAAggjN_BHG4TI2Iz-JKRqfaAQDXcyWbp23lSoY0i7GBv6N_AAAAAAEMAAA=,9 - FORT WORTH ARCHIVE,AI Skipped 2,AI Skipped 2,Inbox,yes,AI Needs Review;Entered in AI;AI HOLD;Entered with issues;AI Skipped 2;AI Skipped,not restored,,AAMkAGQyODM5ZWI1LTQ0NDAtNDZiOS1hYTIzLTdjOGM3NDRlNjQ4MgBGAAAAAAAggjN_BHG4TI2Iz-JKRqfaBwDXcyWbp23lSoY0i7GBv6N_AAAAAAEMAADXcyWbp23lSoY0i7GBv6N_AAOQsGYiAAA=,Move back to Inbox; clear AI Skipped 2
N070,Not restored,2026-09-05 01:21,2026-09-05T06:21:34Z,McMaster-Carr,Credit from Your Order 58889,Credit from Your Order 58889,,Inbox,Inbox,AAMkAGQyODM5ZWI1LTQ0NDAtNDZiOS1hYTIzLTdjOGM3NDRlNjQ4MgAuAAAAAAAggjN_BHG4TI2Iz-JKRqfaAQDXcyWbp23lSoY0i7GBv6N_AAAAAAEMAAA=,9 - FORT WORTH ARCHIVE,AI Skipped 2,AI Skipped 2,Inbox,yes,AI Needs Review;Entered in AI;AI HOLD;Entered with issues;AI Skipped 2;AI Skipped,not restored,,AAMkAGQyODM5ZWI1LTQ0NDAtNDZiOS1hYTIzLTdjOGM3NDRlNjQ4MgBGAAAAAAAggjN_BHG4TI2Iz-JKRqfaBwDXcyWbp23lSoY0i7GBv6N_AAAAAAEMAADXcyWbp23lSoY0i7GBv6N_AAOQsGYoAAA=,Move back to Inbox; clear AI Skipped 2
N071,Not restored,2026-09-05 01:29,2026-09-05T06:29:32Z,"Joseph T. Ryerson & Son, Inc",,,9307057099,Inbox,Inbox,AAMkAGQyODM5ZWI1LTQ0NDAtNDZiOS1hYTIzLTdjOGM3NDRlNjQ4MgAuAAAAAAAggjN_BHG4TI2Iz-JKRqfaAQDXcyWbp23lSoY0i7GBv6N_AAAAAAEMAAA=,9 - FORT WORTH ARCHIVE,Entered in AI,Entered in AI,Inbox,yes,AI Needs Review;Entered in AI;AI HOLD;Entered with issues;AI Skipped 2;AI Skipped,not restored,,AAMkAGQyODM5ZWI1LTQ0NDAtNDZiOS1hYTIzLTdjOGM3NDRlNjQ4MgBGAAAAAAAggjN_BHG4TI2Iz-JKRqfaBwDXcyWbp23lSoY0i7GBv6N_AAAAAAEMAADXcyWbp23lSoY0i7GBv6N_AAOQsGYqAAA=,Move back to Inbox; clear Entered in AI
N072,Not restored,2026-09-05 06:14,2026-09-05T11:14:06Z,Green Valley Compressor LLC,Finish your payment to Green Valley Compressor LLC,Finish your payment to Green Valley Compressor LLC,2158,Inbox,Inbox,AAMkAGQyODM5ZWI1LTQ0NDAtNDZiOS1hYTIzLTdjOGM3NDRlNjQ4MgAuAAAAAAAggjN_BHG4TI2Iz-JKRqfaAQDXcyWbp23lSoY0i7GBv6N_AAAAAAEMAAA=,9 - FORT WORTH ARCHIVE,Entered in AI,Entered in AI,Inbox,yes,AI Needs Review;Entered in AI;AI HOLD;Entered with issues;AI Skipped 2;AI Skipped,not restored,,AAMkAGQyODM5ZWI1LTQ0NDAtNDZiOS1hYTIzLTdjOGM3NDRlNjQ4MgBGAAAAAAAggjN_BHG4TI2Iz-JKRqfaBwDXcyWbp23lSoY0i7GBv6N_AAAAAAEMAADXcyWbp23lSoY0i7GBv6N_AAOQsGYuAAA=,Move back to Inbox; clear Entered in AI
N073,Not restored,2026-09-05 06:14,2026-09-05T11:14:06Z,Green Valley Compressor LLC,Finish your payment to Green Valley Compressor LLC,Finish your payment to Green Valley Compressor LLC,2158,Inbox,Inbox,AAMkAGQyODM5ZWI1LTQ0NDAtNDZiOS1hYTIzLTdjOGM3NDRlNjQ4MgAuAAAAAAAggjN_BHG4TI2Iz-JKRqfaAQDXcyWbp23lSoY0i7GBv6N_AAAAAAEMAAA=,9 - FORT WORTH ARCHIVE,Entered in AI,Entered in AI,Inbox,yes,AI Needs Review;Entered in AI;AI HOLD;Entered with issues;AI Skipped 2;AI Skipped,not restored,,AAMkAGQyODM5ZWI1LTQ0NDAtNDZiOS1hYTIzLTdjOGM3NDRlNjQ4MgBGAAAAAAAggjN_BHG4TI2Iz-JKRqfaBwDXcyWbp23lSoY0i7GBv6N_AAAAAAEMAADXcyWbp23lSoY0i7GBv6N_AAOQsGYvAAA=,Move back to Inbox; clear Entered in AI
N074,Not restored,2026-09-05 07:03,2026-09-05T12:03:55Z,mansfieldtx@alarm-billing.com,Mansfield False Alarm Reduction Program,Mansfield False Alarm Reduction Program,,Inbox,Inbox,AAMkAGQyODM5ZWI1LTQ0NDAtNDZiOS1hYTIzLTdjOGM3NDRlNjQ4MgAuAAAAAAAggjN_BHG4TI2Iz-JKRqfaAQDXcyWbp23lSoY0i7GBv6N_AAAAAAEMAAA=,9 - FORT WORTH ARCHIVE,AI Skipped 2,AI Skipped 2,Inbox,yes,AI Needs Review;Entered in AI;AI HOLD;Entered with issues;AI Skipped 2;AI Skipped,not restored,,AAMkAGQyODM5ZWI1LTQ0NDAtNDZiOS1hYTIzLTdjOGM3NDRlNjQ4MgBGAAAAAAAggjN_BHG4TI2Iz-JKRqfaBwDXcyWbp23lSoY0i7GBv6N_AAAAAAEMAADXcyWbp23lSoY0i7GBv6N_AAOQsGYwAAA=,Move back to Inbox; clear AI Skipped 2
N075,Not restored,2026-09-05 07:08,2026-09-05T12:08:31Z,ARNotifications@versalift.com,"C06512 KANNON MANUFACTURING INC: Second Reminder - $8,029.22 due          Ref:0003082671","C06512 KANNON MANUFACTURING INC: Second Reminder - $8,029.22 due          Ref:0003082671",,Inbox,Inbox,AAMkAGQyODM5ZWI1LTQ0NDAtNDZiOS1hYTIzLTdjOGM3NDRlNjQ4MgAuAAAAAAAggjN_BHG4TI2Iz-JKRqfaAQDXcyWbp23lSoY0i7GBv6N_AAAAAAEMAAA=,9 - FORT WORTH ARCHIVE,AI Skipped 2,AI Skipped 2,Inbox,yes,AI Needs Review;Entered in AI;AI HOLD;Entered with issues;AI Skipped 2;AI Skipped,not restored,,AAMkAGQyODM5ZWI1LTQ0NDAtNDZiOS1hYTIzLTdjOGM3NDRlNjQ4MgBGAAAAAAAggjN_BHG4TI2Iz-JKRqfaBwDXcyWbp23lSoY0i7GBv6N_AAAAAAEMAADXcyWbp23lSoY0i7GBv6N_AAOQsGYxAAA=,Move back to Inbox; clear AI Skipped 2
N076,Not restored,2026-09-05 07:14,2026-09-05T12:14:25Z,ARNotifications@versalift.com,C06512 KANNON MANUFACTURING INC: Statement          Ref:0003082102,C06512 KANNON MANUFACTURING INC: Statement          Ref:0003082102,,Inbox,Inbox,AAMkAGQyODM5ZWI1LTQ0NDAtNDZiOS1hYTIzLTdjOGM3NDRlNjQ4MgAuAAAAAAAggjN_BHG4TI2Iz-JKRqfaAQDXcyWbp23lSoY0i7GBv6N_AAAAAAEMAAA=,9 - FORT WORTH ARCHIVE,AI Skipped 2,AI Skipped 2,Inbox,yes,AI Needs Review;Entered in AI;AI HOLD;Entered with issues;AI Skipped 2;AI Skipped,not restored,,AAMkAGQyODM5ZWI1LTQ0NDAtNDZiOS1hYTIzLTdjOGM3NDRlNjQ4MgBGAAAAAAAggjN_BHG4TI2Iz-JKRqfaBwDXcyWbp23lSoY0i7GBv6N_AAAAAAEMAADXcyWbp23lSoY0i7GBv6N_AAOQsGYyAAA=,Move back to Inbox; clear AI Skipped 2
N077,Not restored,2026-09-05 09:40,2026-09-05T14:40:39Z,autoline printer BACKGROUND,Mitsubishi Electric Account Statement,Mitsubishi Electric Account Statement,,Inbox,Inbox,AAMkAGQyODM5ZWI1LTQ0NDAtNDZiOS1hYTIzLTdjOGM3NDRlNjQ4MgAuAAAAAAAggjN_BHG4TI2Iz-JKRqfaAQDXcyWbp23lSoY0i7GBv6N_AAAAAAEMAAA=,9 - FORT WORTH ARCHIVE,AI Skipped 2,AI Skipped 2,Inbox,yes,AI Needs Review;Entered in AI;AI HOLD;Entered with issues;AI Skipped 2;AI Skipped,not restored,,AAMkAGQyODM5ZWI1LTQ0NDAtNDZiOS1hYTIzLTdjOGM3NDRlNjQ4MgBGAAAAAAAggjN_BHG4TI2Iz-JKRqfaBwDXcyWbp23lSoY0i7GBv6N_AAAAAAEMAADXcyWbp23lSoY0i7GBv6N_AAOQsGYzAAA=,Move back to Inbox; clear AI Skipped 2
N078,Not restored,2026-09-06 08:39,2026-09-06T13:39:10Z,Crosslink Powder Coating of Texas,"Friendly payment reminder, as your account with us now appears as past due","Friendly payment reminder, as your account with us now appears as past due",,Inbox,Inbox,AAMkAGQyODM5ZWI1LTQ0NDAtNDZiOS1hYTIzLTdjOGM3NDRlNjQ4MgAuAAAAAAAggjN_BHG4TI2Iz-JKRqfaAQDXcyWbp23lSoY0i7GBv6N_AAAAAAEMAAA=,9 - FORT WORTH ARCHIVE,AI Skipped 2,AI Skipped 2,Inbox,yes,AI Needs Review;Entered in AI;AI HOLD;Entered with issues;AI Skipped 2;AI Skipped,not restored,,AAMkAGQyODM5ZWI1LTQ0NDAtNDZiOS1hYTIzLTdjOGM3NDRlNjQ4MgBGAAAAAAAggjN_BHG4TI2Iz-JKRqfaBwDXcyWbp23lSoY0i7GBv6N_AAAAAAEMAADXcyWbp23lSoY0i7GBv6N_AAOUBShVAAA=,Move back to Inbox; clear AI Skipped 2
N079,Not restored,2026-09-06 08:39,2026-09-06T13:39:11Z,Crosslink Powder Coating of Texas,"Friendly payment reminder, as your account with us now appears as past due","Friendly payment reminder, as your account with us now appears as past due",,Inbox,Inbox,AAMkAGQyODM5ZWI1LTQ0NDAtNDZiOS1hYTIzLTdjOGM3NDRlNjQ4MgAuAAAAAAAggjN_BHG4TI2Iz-JKRqfaAQDXcyWbp23lSoY0i7GBv6N_AAAAAAEMAAA=,9 - FORT WORTH ARCHIVE,AI Skipped 2,AI Skipped 2,Inbox,yes,AI Needs Review;Entered in AI;AI HOLD;Entered with issues;AI Skipped 2;AI Skipped,not restored,,AAMkAGQyODM5ZWI1LTQ0NDAtNDZiOS1hYTIzLTdjOGM3NDRlNjQ4MgBGAAAAAAAggjN_BHG4TI2Iz-JKRqfaBwDXcyWbp23lSoY0i7GBv6N_AAAAAAEMAADXcyWbp23lSoY0i7GBv6N_AAOUBShWAAA=,Move back to Inbox; clear AI Skipped 2
N080,Not restored,2026-09-06 12:28,2026-09-06T17:28:21Z,Ally Auto,Reminder: 9/8/2026 is your scheduled payment date,Reminder: 9/8/2026 is your scheduled payment date,,Inbox,Inbox,AAMkAGQyODM5ZWI1LTQ0NDAtNDZiOS1hYTIzLTdjOGM3NDRlNjQ4MgAuAAAAAAAggjN_BHG4TI2Iz-JKRqfaAQDXcyWbp23lSoY0i7GBv6N_AAAAAAEMAAA=,9 - FORT WORTH ARCHIVE,AI Skipped 2,AI Skipped 2,Inbox,yes,AI Needs Review;Entered in AI;AI HOLD;Entered with issues;AI Skipped 2;AI Skipped,not restored,,AAMkAGQyODM5ZWI1LTQ0NDAtNDZiOS1hYTIzLTdjOGM3NDRlNjQ4MgBGAAAAAAAggjN_BHG4TI2Iz-JKRqfaBwDXcyWbp23lSoY0i7GBv6N_AAAAAAEMAADXcyWbp23lSoY0i7GBv6N_AAOUBShXAAA=,Move back to Inbox; clear AI Skipped 2
N081,Not restored,2026-09-06 18:04,2026-09-06T23:04:25Z,Insight Controller Services,,,1814,Inbox,Inbox,AAMkAGQyODM5ZWI1LTQ0NDAtNDZiOS1hYTIzLTdjOGM3NDRlNjQ4MgAuAAAAAAAggjN_BHG4TI2Iz-JKRqfaAQDXcyWbp23lSoY0i7GBv6N_AAAAAAEMAAA=,9 - FORT WORTH ARCHIVE,Entered in AI,Entered in AI,Inbox,yes,AI Needs Review;Entered in AI;AI HOLD;Entered with issues;AI Skipped 2;AI Skipped,not restored,,AAMkAGQyODM5ZWI1LTQ0NDAtNDZiOS1hYTIzLTdjOGM3NDRlNjQ4MgBGAAAAAAAggjN_BHG4TI2Iz-JKRqfaBwDXcyWbp23lSoY0i7GBv6N_AAAAAAEMAADXcyWbp23lSoY0i7GBv6N_AAOUBShYAAA=,Move back to Inbox; clear Entered in AI
N082,Not restored,2026-09-08 07:02,2026-09-08T12:02:16Z,Andrea Sylvester,271319-Curbell Plastics Notice of Past Due Balance,271319-Curbell Plastics Notice of Past Due Balance,,Inbox,Inbox,AAMkAGQyODM5ZWI1LTQ0NDAtNDZiOS1hYTIzLTdjOGM3NDRlNjQ4MgAuAAAAAAAggjN_BHG4TI2Iz-JKRqfaAQDXcyWbp23lSoY0i7GBv6N_AAAAAAEMAAA=,9 - FORT WORTH ARCHIVE,AI Skipped 2,AI Skipped 2,Inbox,yes,AI Needs Review;Entered in AI;AI HOLD;Entered with issues;AI Skipped 2;AI Skipped,not restored,,AAMkAGQyODM5ZWI1LTQ0NDAtNDZiOS1hYTIzLTdjOGM3NDRlNjQ4MgBGAAAAAAAggjN_BHG4TI2Iz-JKRqfaBwDXcyWbp23lSoY0i7GBv6N_AAAAAAEMAADXcyWbp23lSoY0i7GBv6N_AAOVX22nAAA=,Move back to Inbox; clear AI Skipped 2
N083,Not restored,2026-09-08 09:04,2026-09-08T14:04:00Z,Colonial Life,Simplify your payments,Simplify your payments,,Inbox,Inbox,AAMkAGQyODM5ZWI1LTQ0NDAtNDZiOS1hYTIzLTdjOGM3NDRlNjQ4MgAuAAAAAAAggjN_BHG4TI2Iz-JKRqfaAQDXcyWbp23lSoY0i7GBv6N_AAAAAAEMAAA=,AutoPay Archive,AI Skipped,AI Skipped,Inbox,yes,AI Needs Review;Entered in AI;AI HOLD;Entered with issues;AI Skipped 2;AI Skipped,not restored,,AAMkAGQyODM5ZWI1LTQ0NDAtNDZiOS1hYTIzLTdjOGM3NDRlNjQ4MgBGAAAAAAAggjN_BHG4TI2Iz-JKRqfaBwDXcyWbp23lSoY0i7GBv6N_AAAAAAEMAADXcyWbp23lSoY0i7GBv6N_AAOVX22oAAA=,Move back to Inbox; clear AI Skipped
N084,Not restored,2026-09-08 10:10,2026-09-08T15:10:49Z,Fw: Energy Invoice,,,0204730,Inbox,Inbox,AAMkAGQyODM5ZWI1LTQ0NDAtNDZiOS1hYTIzLTdjOGM3NDRlNjQ4MgAuAAAAAAAggjN_BHG4TI2Iz-JKRqfaAQDXcyWbp23lSoY0i7GBv6N_AAAAAAEMAAA=,9 - FORT WORTH ARCHIVE,Entered in AI,Entered in AI,Inbox,yes,AI Needs Review;Entered in AI;AI HOLD;Entered with issues;AI Skipped 2;AI Skipped,not restored,,AAMkAGQyODM5ZWI1LTQ0NDAtNDZiOS1hYTIzLTdjOGM3NDRlNjQ4MgBGAAAAAAAggjN_BHG4TI2Iz-JKRqfaBwDXcyWbp23lSoY0i7GBv6N_AAAAAAEMAADXcyWbp23lSoY0i7GBv6N_AAOVX22qAAA=,Move back to Inbox; clear Entered in AI
N085,Not restored,2026-09-08 10:24,2026-09-08T15:24:38Z,Crosslink Powder Coating,,,27756,Inbox,Inbox,AAMkAGQyODM5ZWI1LTQ0NDAtNDZiOS1hYTIzLTdjOGM3NDRlNjQ4MgAuAAAAAAAggjN_BHG4TI2Iz-JKRqfaAQDXcyWbp23lSoY0i7GBv6N_AAAAAAEMAAA=,9 - FORT WORTH ARCHIVE,Entered in AI,Entered in AI,Inbox,yes,AI Needs Review;Entered in AI;AI HOLD;Entered with issues;AI Skipped 2;AI Skipped,not restored,,AAMkAGQyODM5ZWI1LTQ0NDAtNDZiOS1hYTIzLTdjOGM3NDRlNjQ4MgBGAAAAAAAggjN_BHG4TI2Iz-JKRqfaBwDXcyWbp23lSoY0i7GBv6N_AAAAAAEMAADXcyWbp23lSoY0i7GBv6N_AAOVX22sAAA=,Move back to Inbox; clear Entered in AI
N086,Not restored,2026-09-08 10:25,2026-09-08T15:25:13Z,Crosslink Powder Coating,,,27755,Inbox,Inbox,AAMkAGQyODM5ZWI1LTQ0NDAtNDZiOS1hYTIzLTdjOGM3NDRlNjQ4MgAuAAAAAAAggjN_BHG4TI2Iz-JKRqfaAQDXcyWbp23lSoY0i7GBv6N_AAAAAAEMAAA=,9 - FORT WORTH ARCHIVE,Entered in AI,Entered in AI,Inbox,yes,AI Needs Review;Entered in AI;AI HOLD;Entered with issues;AI Skipped 2;AI Skipped,not restored,,AAMkAGQyODM5ZWI1LTQ0NDAtNDZiOS1hYTIzLTdjOGM3NDRlNjQ4MgBGAAAAAAAggjN_BHG4TI2Iz-JKRqfaBwDXcyWbp23lSoY0i7GBv6N_AAAAAAEMAADXcyWbp23lSoY0i7GBv6N_AAOVX22tAAA=,Move back to Inbox; clear Entered in AI
N087,Not restored,2026-09-08 10:30,2026-09-08T15:30:08Z,"Crosslink Powder Coating of TX, LLC","Statement from Crosslink Powder Coating of TX, LLC","Statement from Crosslink Powder Coating of TX, LLC",,Inbox,Inbox,AAMkAGQyODM5ZWI1LTQ0NDAtNDZiOS1hYTIzLTdjOGM3NDRlNjQ4MgAuAAAAAAAggjN_BHG4TI2Iz-JKRqfaAQDXcyWbp23lSoY0i7GBv6N_AAAAAAEMAAA=,9 - FORT WORTH ARCHIVE,AI Skipped 2,AI Skipped 2,Inbox,yes,AI Needs Review;Entered in AI;AI HOLD;Entered with issues;AI Skipped 2;AI Skipped,not restored,,AAMkAGQyODM5ZWI1LTQ0NDAtNDZiOS1hYTIzLTdjOGM3NDRlNjQ4MgBGAAAAAAAggjN_BHG4TI2Iz-JKRqfaBwDXcyWbp23lSoY0i7GBv6N_AAAAAAEMAADXcyWbp23lSoY0i7GBv6N_AAOVX22wAAA=,Move back to Inbox; clear AI Skipped 2
N088,Not restored,2026-09-08 11:03,2026-09-08T16:03:43Z,Freepoint Solution Customer Relations,,,0204730,Inbox,Inbox,AAMkAGQyODM5ZWI1LTQ0NDAtNDZiOS1hYTIzLTdjOGM3NDRlNjQ4MgAuAAAAAAAggjN_BHG4TI2Iz-JKRqfaAQDXcyWbp23lSoY0i7GBv6N_AAAAAAEMAAA=,9 - FORT WORTH ARCHIVE,Entered in AI,Entered in AI,Inbox,yes,AI Needs Review;Entered in AI;AI HOLD;Entered with issues;AI Skipped 2;AI Skipped,not restored,,AAMkAGQyODM5ZWI1LTQ0NDAtNDZiOS1hYTIzLTdjOGM3NDRlNjQ4MgBGAAAAAAAggjN_BHG4TI2Iz-JKRqfaBwDXcyWbp23lSoY0i7GBv6N_AAAAAAEMAADXcyWbp23lSoY0i7GBv6N_AAOVX22xAAA=,Move back to Inbox; clear Entered in AI
N089,Not restored,2026-09-08 12:00,2026-09-08T17:00:26Z,Christina Gersten,RE: 019586   KANNON MANUFACTURING INC,RE: 019586   KANNON MANUFACTURING INC,,Inbox,Inbox,AAMkAGQyODM5ZWI1LTQ0NDAtNDZiOS1hYTIzLTdjOGM3NDRlNjQ4MgAuAAAAAAAggjN_BHG4TI2Iz-JKRqfaAQDXcyWbp23lSoY0i7GBv6N_AAAAAAEMAAA=,9 - FORT WORTH ARCHIVE,AI Skipped 2,AI Skipped 2,Inbox,yes,AI Needs Review;Entered in AI;AI HOLD;Entered with issues;AI Skipped 2;AI Skipped,not restored,,AAMkAGQyODM5ZWI1LTQ0NDAtNDZiOS1hYTIzLTdjOGM3NDRlNjQ4MgBGAAAAAAAggjN_BHG4TI2Iz-JKRqfaBwDXcyWbp23lSoY0i7GBv6N_AAAAAAEMAADXcyWbp23lSoY0i7GBv6N_AAOVX223AAA=,Move back to Inbox; clear AI Skipped 2
N090,Not restored,2026-09-08 13:05,2026-09-08T18:05:38Z,Gigi Pineda,,,,Inbox,Inbox,AAMkAGQyODM5ZWI1LTQ0NDAtNDZiOS1hYTIzLTdjOGM3NDRlNjQ4MgAuAAAAAAAggjN_BHG4TI2Iz-JKRqfaAQDXcyWbp23lSoY0i7GBv6N_AAAAAAEMAAA=,9 - FORT WORTH ARCHIVE,AI Skipped 2,AI Skipped 2,Inbox,yes,AI Needs Review;Entered in AI;AI HOLD;Entered with issues;AI Skipped 2;AI Skipped,not restored,,AAMkAGQyODM5ZWI1LTQ0NDAtNDZiOS1hYTIzLTdjOGM3NDRlNjQ4MgBGAAAAAAAggjN_BHG4TI2Iz-JKRqfaBwDXcyWbp23lSoY0i7GBv6N_AAAAAAEMAADXcyWbp23lSoY0i7GBv6N_AAOVX226AAA=,Move back to Inbox; clear AI Skipped 2
N091,Not restored,2026-09-08 13:06,2026-09-08T18:06:09Z,Gigi Pineda,,,,Inbox,Inbox,AAMkAGQyODM5ZWI1LTQ0NDAtNDZiOS1hYTIzLTdjOGM3NDRlNjQ4MgAuAAAAAAAggjN_BHG4TI2Iz-JKRqfaAQDXcyWbp23lSoY0i7GBv6N_AAAAAAEMAAA=,9 - FORT WORTH ARCHIVE,AI Skipped 2,AI Skipped 2,Inbox,yes,AI Needs Review;Entered in AI;AI HOLD;Entered with issues;AI Skipped 2;AI Skipped,not restored,,AAMkAGQyODM5ZWI1LTQ0NDAtNDZiOS1hYTIzLTdjOGM3NDRlNjQ4MgBGAAAAAAAggjN_BHG4TI2Iz-JKRqfaBwDXcyWbp23lSoY0i7GBv6N_AAAAAAEMAADXcyWbp23lSoY0i7GBv6N_AAOVX227AAA=,Move back to Inbox; clear AI Skipped 2
N092,Not restored,2026-09-08 13:06,2026-09-08T18:06:27Z,Gigi Pineda,,,,Inbox,Inbox,AAMkAGQyODM5ZWI1LTQ0NDAtNDZiOS1hYTIzLTdjOGM3NDRlNjQ4MgAuAAAAAAAggjN_BHG4TI2Iz-JKRqfaAQDXcyWbp23lSoY0i7GBv6N_AAAAAAEMAAA=,9 - FORT WORTH ARCHIVE,AI Skipped 2,AI Skipped 2,Inbox,yes,AI Needs Review;Entered in AI;AI HOLD;Entered with issues;AI Skipped 2;AI Skipped,not restored,,AAMkAGQyODM5ZWI1LTQ0NDAtNDZiOS1hYTIzLTdjOGM3NDRlNjQ4MgBGAAAAAAAggjN_BHG4TI2Iz-JKRqfaBwDXcyWbp23lSoY0i7GBv6N_AAAAAAEMAADXcyWbp23lSoY0i7GBv6N_AAOVX228AAA=,Move back to Inbox; clear AI Skipped 2
N093,Not restored,2026-09-08 14:36,2026-09-08T19:36:38Z,Misty McCoy,FW: Ryerson | Payment Due,FW: Ryerson | Payment Due,,Inbox,Inbox,AAMkAGQyODM5ZWI1LTQ0NDAtNDZiOS1hYTIzLTdjOGM3NDRlNjQ4MgAuAAAAAAAggjN_BHG4TI2Iz-JKRqfaAQDXcyWbp23lSoY0i7GBv6N_AAAAAAEMAAA=,9 - FORT WORTH ARCHIVE,AI Skipped 2,AI Skipped 2,Inbox,yes,AI Needs Review;Entered in AI;AI HOLD;Entered with issues;AI Skipped 2;AI Skipped,not restored,,AAMkAGQyODM5ZWI1LTQ0NDAtNDZiOS1hYTIzLTdjOGM3NDRlNjQ4MgBGAAAAAAAggjN_BHG4TI2Iz-JKRqfaBwDXcyWbp23lSoY0i7GBv6N_AAAAAAEMAADXcyWbp23lSoY0i7GBv6N_AAOVX22_AAA=,Move back to Inbox; clear AI Skipped 2
N094,Not restored,2026-09-08 17:18,2026-09-08T22:18:11Z,Insight Controller Services,Reminder: Invoice 1814 from Insight Controller Services,Reminder: Invoice 1814 from Insight Controller Services,1814,Inbox,Inbox,AAMkAGQyODM5ZWI1LTQ0NDAtNDZiOS1hYTIzLTdjOGM3NDRlNjQ4MgAuAAAAAAAggjN_BHG4TI2Iz-JKRqfaAQDXcyWbp23lSoY0i7GBv6N_AAAAAAEMAAA=,9 - FORT WORTH ARCHIVE,Entered in AI,Entered in AI,Inbox,yes,AI Needs Review;Entered in AI;AI HOLD;Entered with issues;AI Skipped 2;AI Skipped,not restored,,AAMkAGQyODM5ZWI1LTQ0NDAtNDZiOS1hYTIzLTdjOGM3NDRlNjQ4MgBGAAAAAAAggjN_BHG4TI2Iz-JKRqfaBwDXcyWbp23lSoY0i7GBv6N_AAAAAAEMAADXcyWbp23lSoY0i7GBv6N_AAOVX23DAAA=,Move back to Inbox; clear Entered in AI
N095,Not restored,2026-09-08 17:18,2026-09-08T22:18:13Z,Insight Controller Services,Finish your payment to Insight Controller Services,Finish your payment to Insight Controller Services,1814,Inbox,Inbox,AAMkAGQyODM5ZWI1LTQ0NDAtNDZiOS1hYTIzLTdjOGM3NDRlNjQ4MgAuAAAAAAAggjN_BHG4TI2Iz-JKRqfaAQDXcyWbp23lSoY0i7GBv6N_AAAAAAEMAAA=,9 - FORT WORTH ARCHIVE,Entered in AI,Entered in AI,Inbox,yes,AI Needs Review;Entered in AI;AI HOLD;Entered with issues;AI Skipped 2;AI Skipped,not restored,,AAMkAGQyODM5ZWI1LTQ0NDAtNDZiOS1hYTIzLTdjOGM3NDRlNjQ4MgBGAAAAAAAggjN_BHG4TI2Iz-JKRqfaBwDXcyWbp23lSoY0i7GBv6N_AAAAAAEMAADXcyWbp23lSoY0i7GBv6N_AAOVX23EAAA=,Move back to Inbox; clear Entered in AI
N096,Not restored,2026-09-08 19:46,2026-09-09T00:46:39Z,Martha Beecher,Auto-Email of A/R Statement,Auto-Email of A/R Statement,,Inbox,Inbox,AAMkAGQyODM5ZWI1LTQ0NDAtNDZiOS1hYTIzLTdjOGM3NDRlNjQ4MgAuAAAAAAAggjN_BHG4TI2Iz-JKRqfaAQDXcyWbp23lSoY0i7GBv6N_AAAAAAEMAAA=,9 - FORT WORTH ARCHIVE,AI Skipped 2,AI Skipped 2,Inbox,yes,AI Needs Review;Entered in AI;AI HOLD;Entered with issues;AI Skipped 2;AI Skipped,not restored,,AAMkAGQyODM5ZWI1LTQ0NDAtNDZiOS1hYTIzLTdjOGM3NDRlNjQ4MgBGAAAAAAAggjN_BHG4TI2Iz-JKRqfaBwDXcyWbp23lSoY0i7GBv6N_AAAAAAEMAADXcyWbp23lSoY0i7GBv6N_AAOVX23FAAA=,Move back to Inbox; clear AI Skipped 2
N097,Not restored,2026-09-09 08:37,2026-09-09T13:37:08Z,Crosslink Powder Coating of Texas,"Friendly payment reminder, as your account with us now appears as past due","Friendly payment reminder, as your account with us now appears as past due",,Inbox,Inbox,AAMkAGQyODM5ZWI1LTQ0NDAtNDZiOS1hYTIzLTdjOGM3NDRlNjQ4MgAuAAAAAAAggjN_BHG4TI2Iz-JKRqfaAQDXcyWbp23lSoY0i7GBv6N_AAAAAAEMAAA=,9 - FORT WORTH ARCHIVE,AI Skipped 2,AI Skipped 2,Inbox,yes,AI Needs Review;Entered in AI;AI HOLD;Entered with issues;AI Skipped 2;AI Skipped,not restored,,AAMkAGQyODM5ZWI1LTQ0NDAtNDZiOS1hYTIzLTdjOGM3NDRlNjQ4MgBGAAAAAAAggjN_BHG4TI2Iz-JKRqfaBwDXcyWbp23lSoY0i7GBv6N_AAAAAAEMAADXcyWbp23lSoY0i7GBv6N_AAOVX23MAAA=,Move back to Inbox; clear AI Skipped 2
N098,Not restored,2026-09-09 08:37,2026-09-09T13:37:08Z,Crosslink Powder Coating of Texas,"Friendly payment reminder, as your account with us now appears as past due","Friendly payment reminder, as your account with us now appears as past due",,Inbox,Inbox,AAMkAGQyODM5ZWI1LTQ0NDAtNDZiOS1hYTIzLTdjOGM3NDRlNjQ4MgAuAAAAAAAggjN_BHG4TI2Iz-JKRqfaAQDXcyWbp23lSoY0i7GBv6N_AAAAAAEMAAA=,9 - FORT WORTH ARCHIVE,AI Skipped 2,AI Skipped 2,Inbox,yes,AI Needs Review;Entered in AI;AI HOLD;Entered with issues;AI Skipped 2;AI Skipped,not restored,,AAMkAGQyODM5ZWI1LTQ0NDAtNDZiOS1hYTIzLTdjOGM3NDRlNjQ4MgBGAAAAAAAggjN_BHG4TI2Iz-JKRqfaBwDXcyWbp23lSoY0i7GBv6N_AAAAAAEMAADXcyWbp23lSoY0i7GBv6N_AAOVX23NAAA=,Move back to Inbox; clear AI Skipped 2
N099,Not restored,2026-09-09 08:37,2026-09-09T13:37:09Z,Crosslink Powder Coating of Texas,"Friendly payment reminder, as your account with us now appears as past due","Friendly payment reminder, as your account with us now appears as past due",,Inbox,Inbox,AAMkAGQyODM5ZWI1LTQ0NDAtNDZiOS1hYTIzLTdjOGM3NDRlNjQ4MgAuAAAAAAAggjN_BHG4TI2Iz-JKRqfaAQDXcyWbp23lSoY0i7GBv6N_AAAAAAEMAAA=,9 - FORT WORTH ARCHIVE,AI Skipped 2,AI Skipped 2,Inbox,yes,AI Needs Review;Entered in AI;AI HOLD;Entered with issues;AI Skipped 2;AI Skipped,not restored,,AAMkAGQyODM5ZWI1LTQ0NDAtNDZiOS1hYTIzLTdjOGM3NDRlNjQ4MgBGAAAAAAAggjN_BHG4TI2Iz-JKRqfaBwDXcyWbp23lSoY0i7GBv6N_AAAAAAEMAADXcyWbp23lSoY0i7GBv6N_AAOVX23OAAA=,Move back to Inbox; clear AI Skipped 2
N100,Not restored,2026-09-09 10:17,2026-09-09T15:17:11Z,accounting@tracemetalindustries.com,"Statement from TRACE METAL INDUSTRIES, INC..","Statement from TRACE METAL INDUSTRIES, INC..",,Inbox,Inbox,AAMkAGQyODM5ZWI1LTQ0NDAtNDZiOS1hYTIzLTdjOGM3NDRlNjQ4MgAuAAAAAAAggjN_BHG4TI2Iz-JKRqfaAQDXcyWbp23lSoY0i7GBv6N_AAAAAAEMAAA=,9 - FORT WORTH ARCHIVE,AI Skipped 2,AI Skipped 2,Inbox,yes,AI Needs Review;Entered in AI;AI HOLD;Entered with issues;AI Skipped 2;AI Skipped,not restored,,AAMkAGQyODM5ZWI1LTQ0NDAtNDZiOS1hYTIzLTdjOGM3NDRlNjQ4MgBGAAAAAAAggjN_BHG4TI2Iz-JKRqfaBwDXcyWbp23lSoY0i7GBv6N_AAAAAAEMAADXcyWbp23lSoY0i7GBv6N_AAOVX23UAAA=,Move back to Inbox; clear AI Skipped 2
N101,Not restored,2026-09-09 10:27,2026-09-09T15:27:06Z,"Franklin, Frank J.",RE: Ryerson | Payment Due,RE: Ryerson | Payment Due,,Inbox,Inbox,AAMkAGQyODM5ZWI1LTQ0NDAtNDZiOS1hYTIzLTdjOGM3NDRlNjQ4MgAuAAAAAAAggjN_BHG4TI2Iz-JKRqfaAQDXcyWbp23lSoY0i7GBv6N_AAAAAAEMAAA=,9 - FORT WORTH ARCHIVE,AI Skipped 2,AI Skipped 2,Inbox,yes,AI Needs Review;Entered in AI;AI HOLD;Entered with issues;AI Skipped 2;AI Skipped,not restored,,AAMkAGQyODM5ZWI1LTQ0NDAtNDZiOS1hYTIzLTdjOGM3NDRlNjQ4MgBGAAAAAAAggjN_BHG4TI2Iz-JKRqfaBwDXcyWbp23lSoY0i7GBv6N_AAAAAAEMAADXcyWbp23lSoY0i7GBv6N_AAOVX23WAAA=,Move back to Inbox; clear AI Skipped 2
N102,Not restored,2026-09-09 11:26,2026-09-09T16:26:46Z,Accounts Payable,RE: Kannon Manufacturing - Past Due Invoices,RE: Kannon Manufacturing - Past Due Invoices,,Inbox,Inbox,AAMkAGQyODM5ZWI1LTQ0NDAtNDZiOS1hYTIzLTdjOGM3NDRlNjQ4MgAuAAAAAAAggjN_BHG4TI2Iz-JKRqfaAQDXcyWbp23lSoY0i7GBv6N_AAAAAAEMAAA=,9 - FORT WORTH ARCHIVE,AI Skipped 2,AI Skipped 2,Inbox,yes,AI Needs Review;Entered in AI;AI HOLD;Entered with issues;AI Skipped 2;AI Skipped,not restored,,AAMkAGQyODM5ZWI1LTQ0NDAtNDZiOS1hYTIzLTdjOGM3NDRlNjQ4MgBGAAAAAAAggjN_BHG4TI2Iz-JKRqfaBwDXcyWbp23lSoY0i7GBv6N_AAAAAAEMAADXcyWbp23lSoY0i7GBv6N_AAOVX23eAAA=,Move back to Inbox; clear AI Skipped 2
N103,Not restored,2026-09-09 11:46,2026-09-09T16:46:35Z,Metro Sprocket,Re: Statement from METRO SPROCKET AND GEAR INC,Re: Statement from METRO SPROCKET AND GEAR INC,,Inbox,Inbox,AAMkAGQyODM5ZWI1LTQ0NDAtNDZiOS1hYTIzLTdjOGM3NDRlNjQ4MgAuAAAAAAAggjN_BHG4TI2Iz-JKRqfaAQDXcyWbp23lSoY0i7GBv6N_AAAAAAEMAAA=,9 - FORT WORTH ARCHIVE,AI Skipped 2,AI Skipped 2,Inbox,yes,AI Needs Review;Entered in AI;AI HOLD;Entered with issues;AI Skipped 2;AI Skipped,not restored,,AAMkAGQyODM5ZWI1LTQ0NDAtNDZiOS1hYTIzLTdjOGM3NDRlNjQ4MgBGAAAAAAAggjN_BHG4TI2Iz-JKRqfaBwDXcyWbp23lSoY0i7GBv6N_AAAAAAEMAADXcyWbp23lSoY0i7GBv6N_AAOVX23hAAA=,Move back to Inbox; clear AI Skipped 2
N104,Not restored,2026-09-09 12:15,2026-09-09T17:15:03Z,Julie Hencke,Past Due Invoices,Past Due Invoices,,Inbox,Inbox,AAMkAGQyODM5ZWI1LTQ0NDAtNDZiOS1hYTIzLTdjOGM3NDRlNjQ4MgAuAAAAAAAggjN_BHG4TI2Iz-JKRqfaAQDXcyWbp23lSoY0i7GBv6N_AAAAAAEMAAA=,9 - FORT WORTH ARCHIVE,AI Skipped 2,AI Skipped 2,Inbox,yes,AI Needs Review;Entered in AI;AI HOLD;Entered with issues;AI Skipped 2;AI Skipped,not restored,,AAMkAGQyODM5ZWI1LTQ0NDAtNDZiOS1hYTIzLTdjOGM3NDRlNjQ4MgBGAAAAAAAggjN_BHG4TI2Iz-JKRqfaBwDXcyWbp23lSoY0i7GBv6N_AAAAAAEMAADXcyWbp23lSoY0i7GBv6N_AAOVX23nAAA=,Move back to Inbox; clear AI Skipped 2
N105,Not restored,2026-09-09 13:50,2026-09-09T18:50:31Z,Ben L. Jones,RE: Kannon Manufacturing - Past Due Invoices,RE: Kannon Manufacturing - Past Due Invoices,,Inbox,Inbox,AAMkAGQyODM5ZWI1LTQ0NDAtNDZiOS1hYTIzLTdjOGM3NDRlNjQ4MgAuAAAAAAAggjN_BHG4TI2Iz-JKRqfaAQDXcyWbp23lSoY0i7GBv6N_AAAAAAEMAAA=,9 - FORT WORTH ARCHIVE,AI Skipped 2,AI Skipped 2,Inbox,yes,AI Needs Review;Entered in AI;AI HOLD;Entered with issues;AI Skipped 2;AI Skipped,not restored,,AAMkAGQyODM5ZWI1LTQ0NDAtNDZiOS1hYTIzLTdjOGM3NDRlNjQ4MgBGAAAAAAAggjN_BHG4TI2Iz-JKRqfaBwDXcyWbp23lSoY0i7GBv6N_AAAAAAEMAADXcyWbp23lSoY0i7GBv6N_AAOVX23sAAA=,Move back to Inbox; clear AI Skipped 2
N106,Not restored,2026-09-09 14:37,2026-09-09T19:37:32Z,ken@a1image.com,Your Work Order with A-1 IMAGE INC. is completed,Your Work Order with A-1 IMAGE INC. is completed,,Inbox,Inbox,AAMkAGQyODM5ZWI1LTQ0NDAtNDZiOS1hYTIzLTdjOGM3NDRlNjQ4MgAuAAAAAAAggjN_BHG4TI2Iz-JKRqfaAQDXcyWbp23lSoY0i7GBv6N_AAAAAAEMAAA=,9 - FORT WORTH ARCHIVE,AI Skipped 2,AI Skipped 2,Inbox,yes,AI Needs Review;Entered in AI;AI HOLD;Entered with issues;AI Skipped 2;AI Skipped,not restored,,AAMkAGQyODM5ZWI1LTQ0NDAtNDZiOS1hYTIzLTdjOGM3NDRlNjQ4MgBGAAAAAAAggjN_BHG4TI2Iz-JKRqfaBwDXcyWbp23lSoY0i7GBv6N_AAAAAAEMAADXcyWbp23lSoY0i7GBv6N_AAOVX23uAAA=,Move back to Inbox; clear AI Skipped 2
N107,Not restored,2026-09-09 14:56,2026-09-09T19:56:50Z,Shawn McKibben,Fw: PAST DUE INVOICES,Fw: PAST DUE INVOICES,,Inbox,Inbox,AAMkAGQyODM5ZWI1LTQ0NDAtNDZiOS1hYTIzLTdjOGM3NDRlNjQ4MgAuAAAAAAAggjN_BHG4TI2Iz-JKRqfaAQDXcyWbp23lSoY0i7GBv6N_AAAAAAEMAAA=,9 - FORT WORTH ARCHIVE,AI Skipped 2,AI Skipped 2,Inbox,yes,AI Needs Review;Entered in AI;AI HOLD;Entered with issues;AI Skipped 2;AI Skipped,not restored,,AAMkAGQyODM5ZWI1LTQ0NDAtNDZiOS1hYTIzLTdjOGM3NDRlNjQ4MgBGAAAAAAAggjN_BHG4TI2Iz-JKRqfaBwDXcyWbp23lSoY0i7GBv6N_AAAAAAEMAADXcyWbp23lSoY0i7GBv6N_AAOVX23vAAA=,Move back to Inbox; clear AI Skipped 2
N108,Not restored,2026-09-09 16:04,2026-09-09T21:04:14Z,O'Neal Steel - Dallas (GP),,,15390604 | 15395841 | 15396202 | 15398467 | 15398891 | 15399796 | 15400210 | 15401860 | 15402415 | 15402927 | 15403449 | 15439109 | 15447737 | 15455556 | 15464367,Inbox,Inbox,AAMkAGQyODM5ZWI1LTQ0NDAtNDZiOS1hYTIzLTdjOGM3NDRlNjQ4MgAuAAAAAAAggjN_BHG4TI2Iz-JKRqfaAQDXcyWbp23lSoY0i7GBv6N_AAAAAAEMAAA=,9 - FORT WORTH ARCHIVE,Entered in AI,Entered in AI,Inbox,yes,AI Needs Review;Entered in AI;AI HOLD;Entered with issues;AI Skipped 2;AI Skipped,not restored,,AAMkAGQyODM5ZWI1LTQ0NDAtNDZiOS1hYTIzLTdjOGM3NDRlNjQ4MgBGAAAAAAAggjN_BHG4TI2Iz-JKRqfaBwDXcyWbp23lSoY0i7GBv6N_AAAAAAEMAADXcyWbp23lSoY0i7GBv6N_AAOVX23yAAA=,Move back to Inbox; clear Entered in AI
N109,Not restored,2026-09-09 16:26,2026-09-09T21:26:44Z,O'Neal Steel - Dallas (GP),Fw: ORDER PENDING PAYMENT STATUS - PLEASE ADVISE BUYER - 14748440,Fw: ORDER PENDING PAYMENT STATUS - PLEASE ADVISE BUYER - 14748440,15390604 | 15395841 | 15396202 | 15398467 | 15398891 | 15399796 | 15400210 | 15401860 | 15402415 | 15402927 | 15403449 | 15439109 | 15447737 | 15455556 | 15464367,Inbox,Inbox,AAMkAGQyODM5ZWI1LTQ0NDAtNDZiOS1hYTIzLTdjOGM3NDRlNjQ4MgAuAAAAAAAggjN_BHG4TI2Iz-JKRqfaAQDXcyWbp23lSoY0i7GBv6N_AAAAAAEMAAA=,9 - FORT WORTH ARCHIVE,Entered in AI,Entered in AI,Inbox,yes,AI Needs Review;Entered in AI;AI HOLD;Entered with issues;AI Skipped 2;AI Skipped,not restored,,AAMkAGQyODM5ZWI1LTQ0NDAtNDZiOS1hYTIzLTdjOGM3NDRlNjQ4MgBGAAAAAAAggjN_BHG4TI2Iz-JKRqfaBwDXcyWbp23lSoY0i7GBv6N_AAAAAAEMAADXcyWbp23lSoY0i7GBv6N_AAOVX23zAAA=,Move back to Inbox; clear Entered in AI
N110,Not restored,2026-09-09 19:01,2026-09-10T00:01:17Z,Eastern Metal Supply of Texas,,,819009,Inbox,Inbox,AAMkAGQyODM5ZWI1LTQ0NDAtNDZiOS1hYTIzLTdjOGM3NDRlNjQ4MgAuAAAAAAAggjN_BHG4TI2Iz-JKRqfaAQDXcyWbp23lSoY0i7GBv6N_AAAAAAEMAAA=,9 - FORT WORTH ARCHIVE,Entered in AI,Entered in AI,Inbox,yes,AI Needs Review;Entered in AI;AI HOLD;Entered with issues;AI Skipped 2;AI Skipped,not restored,,AAMkAGQyODM5ZWI1LTQ0NDAtNDZiOS1hYTIzLTdjOGM3NDRlNjQ4MgBGAAAAAAAggjN_BHG4TI2Iz-JKRqfaBwDXcyWbp23lSoY0i7GBv6N_AAAAAAEMAADXcyWbp23lSoY0i7GBv6N_AAOVX230AAA=,Move back to Inbox; clear Entered in AI
N111,Not restored,2026-09-09 20:58,2026-09-10T01:58:47Z,Crosslink Powder Coating,"Reminder: Invoice SH:27755 from Crosslink Powder Coating of TX, LLC","Reminder: Invoice SH:27755 from Crosslink Powder Coating of TX, LLC",27755,Inbox,Inbox,AAMkAGQyODM5ZWI1LTQ0NDAtNDZiOS1hYTIzLTdjOGM3NDRlNjQ4MgAuAAAAAAAggjN_BHG4TI2Iz-JKRqfaAQDXcyWbp23lSoY0i7GBv6N_AAAAAAEMAAA=,9 - FORT WORTH ARCHIVE,Entered in AI,Entered in AI,Inbox,yes,AI Needs Review;Entered in AI;AI HOLD;Entered with issues;AI Skipped 2;AI Skipped,not restored,,AAMkAGQyODM5ZWI1LTQ0NDAtNDZiOS1hYTIzLTdjOGM3NDRlNjQ4MgBGAAAAAAAggjN_BHG4TI2Iz-JKRqfaBwDXcyWbp23lSoY0i7GBv6N_AAAAAAEMAADXcyWbp23lSoY0i7GBv6N_AAOVX231AAA=,Move back to Inbox; clear Entered in AI
N112,Not restored,2026-09-09 20:58,2026-09-10T01:58:55Z,Crosslink Powder Coating,"Reminder: Invoice SH:27756 from Crosslink Powder Coating of TX, LLC","Reminder: Invoice SH:27756 from Crosslink Powder Coating of TX, LLC",27756,Inbox,Inbox,AAMkAGQyODM5ZWI1LTQ0NDAtNDZiOS1hYTIzLTdjOGM3NDRlNjQ4MgAuAAAAAAAggjN_BHG4TI2Iz-JKRqfaAQDXcyWbp23lSoY0i7GBv6N_AAAAAAEMAAA=,9 - FORT WORTH ARCHIVE,Entered in AI,Entered in AI,Inbox,yes,AI Needs Review;Entered in AI;AI HOLD;Entered with issues;AI Skipped 2;AI Skipped,not restored,,AAMkAGQyODM5ZWI1LTQ0NDAtNDZiOS1hYTIzLTdjOGM3NDRlNjQ4MgBGAAAAAAAggjN_BHG4TI2Iz-JKRqfaBwDXcyWbp23lSoY0i7GBv6N_AAAAAAEMAADXcyWbp23lSoY0i7GBv6N_AAOVX232AAA=,Move back to Inbox; clear Entered in AI
N113,Not restored,2026-09-10 04:12,2026-09-10T09:12:03Z,Service Experts,,,,Inbox,Inbox,AAMkAGQyODM5ZWI1LTQ0NDAtNDZiOS1hYTIzLTdjOGM3NDRlNjQ4MgAuAAAAAAAggjN_BHG4TI2Iz-JKRqfaAQDXcyWbp23lSoY0i7GBv6N_AAAAAAEMAAA=,9 - FORT WORTH ARCHIVE,AI Skipped 2,AI Skipped 2,Inbox,yes,AI Needs Review;Entered in AI;AI HOLD;Entered with issues;AI Skipped 2;AI Skipped,not restored,,AAMkAGQyODM5ZWI1LTQ0NDAtNDZiOS1hYTIzLTdjOGM3NDRlNjQ4MgBGAAAAAAAggjN_BHG4TI2Iz-JKRqfaBwDXcyWbp23lSoY0i7GBv6N_AAAAAAEMAADXcyWbp23lSoY0i7GBv6N_AAOVX237AAA=,Move back to Inbox; clear AI Skipped 2
N114,Not restored,2026-09-10 12:32,2026-09-10T17:32:54Z,Accounts Payable,RE: Auto-Email of A/R Statement,RE: Auto-Email of A/R Statement,,Inbox,Inbox,AAMkAGQyODM5ZWI1LTQ0NDAtNDZiOS1hYTIzLTdjOGM3NDRlNjQ4MgAuAAAAAAAggjN_BHG4TI2Iz-JKRqfaAQDXcyWbp23lSoY0i7GBv6N_AAAAAAEMAAA=,9 - FORT WORTH ARCHIVE,AI Skipped 2,AI Skipped 2,Inbox,yes,AI Needs Review;Entered in AI;AI HOLD;Entered with issues;AI Skipped 2;AI Skipped,not restored,,AAMkAGQyODM5ZWI1LTQ0NDAtNDZiOS1hYTIzLTdjOGM3NDRlNjQ4MgBGAAAAAAAggjN_BHG4TI2Iz-JKRqfaBwDXcyWbp23lSoY0i7GBv6N_AAAAAAEMAADXcyWbp23lSoY0i7GBv6N_AAOVX24HAAA=,Move back to Inbox; clear AI Skipped 2
N115,Not restored,2026-09-10 13:08,2026-09-10T18:08:14Z,Jim Saxon,RE: Check 184833,RE: Check 184833,,Inbox,Inbox,AAMkAGQyODM5ZWI1LTQ0NDAtNDZiOS1hYTIzLTdjOGM3NDRlNjQ4MgAuAAAAAAAggjN_BHG4TI2Iz-JKRqfaAQDXcyWbp23lSoY0i7GBv6N_AAAAAAEMAAA=,9 - FORT WORTH ARCHIVE,AI Skipped 2,AI Skipped 2,Inbox,yes,AI Needs Review;Entered in AI;AI HOLD;Entered with issues;AI Skipped 2;AI Skipped,not restored,,AAMkAGQyODM5ZWI1LTQ0NDAtNDZiOS1hYTIzLTdjOGM3NDRlNjQ4MgBGAAAAAAAggjN_BHG4TI2Iz-JKRqfaBwDXcyWbp23lSoY0i7GBv6N_AAAAAAEMAADXcyWbp23lSoY0i7GBv6N_AAOVX24JAAA=,Move back to Inbox; clear AI Skipped 2
N116,Not restored,2026-09-10 13:27,2026-09-10T18:27:01Z,3P,,,142281,9 - FORT WORTH ARCHIVE,9 - FORT WORTH ARCHIVE,AAMkAGQyODM5ZWI1LTQ0NDAtNDZiOS1hYTIzLTdjOGM3NDRlNjQ4MgAuAAAAAAAggjN_BHG4TI2Iz-JKRqfaAQDXcyWbp23lSoY0i7GBv6N_AACDH-y1AAA=,9 - FORT WORTH ARCHIVE,Entered in AI,Entered in AI,9 - FORT WORTH ARCHIVE,no,AI Needs Review;Entered in AI;AI HOLD;Entered with issues;AI Skipped 2;AI Skipped,not restored,,AAMkAGQyODM5ZWI1LTQ0NDAtNDZiOS1hYTIzLTdjOGM3NDRlNjQ4MgBGAAAAAAAggjN_BHG4TI2Iz-JKRqfaBwDXcyWbp23lSoY0i7GBv6N_AACDH-y1AADXcyWbp23lSoY0i7GBv6N_AAOfybzmAAA=,Leave in FW; clear Entered in AI
N117,Not restored,2026-09-10 13:58,2026-09-10T18:58:55Z,O'Neal Steel - Dallas (GP),ORDER PENDING PAYMENT STATUS - PLEASE ADVISE BUYER - 14748440,ORDER PENDING PAYMENT STATUS - PLEASE ADVISE BUYER - 14748440,15390604 | 15395841 | 15396202 | 15398467 | 15398891 | 15399796 | 15400210 | 15401860 | 15402415 | 15402927 | 15403449 | 15439109 | 15447737 | 15455556 | 15464367,Inbox,Inbox,AAMkAGQyODM5ZWI1LTQ0NDAtNDZiOS1hYTIzLTdjOGM3NDRlNjQ4MgAuAAAAAAAggjN_BHG4TI2Iz-JKRqfaAQDXcyWbp23lSoY0i7GBv6N_AAAAAAEMAAA=,9 - FORT WORTH ARCHIVE,Entered in AI,Entered in AI,Inbox,yes,AI Needs Review;Entered in AI;AI HOLD;Entered with issues;AI Skipped 2;AI Skipped,not restored,,AAMkAGQyODM5ZWI1LTQ0NDAtNDZiOS1hYTIzLTdjOGM3NDRlNjQ4MgBGAAAAAAAggjN_BHG4TI2Iz-JKRqfaBwDXcyWbp23lSoY0i7GBv6N_AAAAAAEMAADXcyWbp23lSoY0i7GBv6N_AAOVX24SAAA=,Move back to Inbox; clear Entered in AI
N118,Not restored,2026-09-10 15:53,2026-09-10T20:53:18Z,Antoinette Sanchez,Fastenal Past due,Fastenal Past due,,Inbox,Inbox,AAMkAGQyODM5ZWI1LTQ0NDAtNDZiOS1hYTIzLTdjOGM3NDRlNjQ4MgAuAAAAAAAggjN_BHG4TI2Iz-JKRqfaAQDXcyWbp23lSoY0i7GBv6N_AAAAAAEMAAA=,9 - FORT WORTH ARCHIVE,AI Skipped 2,AI Skipped 2,Inbox,yes,AI Needs Review;Entered in AI;AI HOLD;Entered with issues;AI Skipped 2;AI Skipped,not restored,,AAMkAGQyODM5ZWI1LTQ0NDAtNDZiOS1hYTIzLTdjOGM3NDRlNjQ4MgBGAAAAAAAggjN_BHG4TI2Iz-JKRqfaBwDXcyWbp23lSoY0i7GBv6N_AAAAAAEMAADXcyWbp23lSoY0i7GBv6N_AAOVX24WAAA=,Move back to Inbox; clear AI Skipped 2
N119,Not restored,2026-09-10 21:35,2026-09-11T02:35:01Z,noreply@amada.com,Amada America Inc - Customer Statement,Amada America Inc - Customer Statement,,Inbox,Inbox,AAMkAGQyODM5ZWI1LTQ0NDAtNDZiOS1hYTIzLTdjOGM3NDRlNjQ4MgAuAAAAAAAggjN_BHG4TI2Iz-JKRqfaAQDXcyWbp23lSoY0i7GBv6N_AAAAAAEMAAA=,9 - FORT WORTH ARCHIVE,AI Skipped 2,AI Skipped 2,Inbox,yes,AI Needs Review;Entered in AI;AI HOLD;Entered with issues;AI Skipped 2;AI Skipped,not restored,,AAMkAGQyODM5ZWI1LTQ0NDAtNDZiOS1hYTIzLTdjOGM3NDRlNjQ4MgBGAAAAAAAggjN_BHG4TI2Iz-JKRqfaBwDXcyWbp23lSoY0i7GBv6N_AAAAAAEMAADXcyWbp23lSoY0i7GBv6N_AAOXNiuEAAA=,Move back to Inbox; clear AI Skipped 2
N120,Not restored,2026-09-11 08:59,2026-09-11T13:59:01Z,ar@onealsteel.com,Payment Confirmation,Payment Confirmation,,Inbox,Inbox,AAMkAGQyODM5ZWI1LTQ0NDAtNDZiOS1hYTIzLTdjOGM3NDRlNjQ4MgAuAAAAAAAggjN_BHG4TI2Iz-JKRqfaAQDXcyWbp23lSoY0i7GBv6N_AAAAAAEMAAA=,9 - FORT WORTH ARCHIVE,AI Skipped 2,AI Skipped 2,Inbox,yes,AI Needs Review;Entered in AI;AI HOLD;Entered with issues;AI Skipped 2;AI Skipped,not restored,,AAMkAGQyODM5ZWI1LTQ0NDAtNDZiOS1hYTIzLTdjOGM3NDRlNjQ4MgBGAAAAAAAggjN_BHG4TI2Iz-JKRqfaBwDXcyWbp23lSoY0i7GBv6N_AAAAAAEMAADXcyWbp23lSoY0i7GBv6N_AAOXNiuOAAA=,Move back to Inbox; clear AI Skipped 2
N121,Not restored,2026-09-11 09:19,2026-09-11T14:19:36Z,Accounts Payable,RE: Kannon Manufacturing - Past Due Invoices,RE: Kannon Manufacturing - Past Due Invoices,,Inbox,Inbox,AAMkAGQyODM5ZWI1LTQ0NDAtNDZiOS1hYTIzLTdjOGM3NDRlNjQ4MgAuAAAAAAAggjN_BHG4TI2Iz-JKRqfaAQDXcyWbp23lSoY0i7GBv6N_AAAAAAEMAAA=,9 - FORT WORTH ARCHIVE,AI Skipped 2,AI Skipped 2,Inbox,yes,AI Needs Review;Entered in AI;AI HOLD;Entered with issues;AI Skipped 2;AI Skipped,not restored,,AAMkAGQyODM5ZWI1LTQ0NDAtNDZiOS1hYTIzLTdjOGM3NDRlNjQ4MgBGAAAAAAAggjN_BHG4TI2Iz-JKRqfaBwDXcyWbp23lSoY0i7GBv6N_AAAAAAEMAADXcyWbp23lSoY0i7GBv6N_AAOXNiuRAAA=,Move back to Inbox; clear AI Skipped 2
N122,Not restored,2026-09-11 09:27,2026-09-11T14:27:53Z,Ben L. Jones,RE: Kannon Manufacturing - Past Due Invoices,RE: Kannon Manufacturing - Past Due Invoices,,Inbox,Inbox,AAMkAGQyODM5ZWI1LTQ0NDAtNDZiOS1hYTIzLTdjOGM3NDRlNjQ4MgAuAAAAAAAggjN_BHG4TI2Iz-JKRqfaAQDXcyWbp23lSoY0i7GBv6N_AAAAAAEMAAA=,9 - FORT WORTH ARCHIVE,AI Skipped 2,AI Skipped 2,Inbox,yes,AI Needs Review;Entered in AI;AI HOLD;Entered with issues;AI Skipped 2;AI Skipped,not restored,,AAMkAGQyODM5ZWI1LTQ0NDAtNDZiOS1hYTIzLTdjOGM3NDRlNjQ4MgBGAAAAAAAggjN_BHG4TI2Iz-JKRqfaBwDXcyWbp23lSoY0i7GBv6N_AAAAAAEMAADXcyWbp23lSoY0i7GBv6N_AAOXNiuSAAA=,Move back to Inbox; clear AI Skipped 2
N123,Not restored,2026-09-11 10:54,2026-09-11T15:54:50Z,Billing,RE: Kannon Manufacturing - Past Due Invoices,RE: Kannon Manufacturing - Past Due Invoices,,Inbox,Inbox,AAMkAGQyODM5ZWI1LTQ0NDAtNDZiOS1hYTIzLTdjOGM3NDRlNjQ4MgAuAAAAAAAggjN_BHG4TI2Iz-JKRqfaAQDXcyWbp23lSoY0i7GBv6N_AAAAAAEMAAA=,9 - FORT WORTH ARCHIVE,AI Skipped 2,AI Skipped 2,Inbox,yes,AI Needs Review;Entered in AI;AI HOLD;Entered with issues;AI Skipped 2;AI Skipped,not restored,,AAMkAGQyODM5ZWI1LTQ0NDAtNDZiOS1hYTIzLTdjOGM3NDRlNjQ4MgBGAAAAAAAggjN_BHG4TI2Iz-JKRqfaBwDXcyWbp23lSoY0i7GBv6N_AAAAAAEMAADXcyWbp23lSoY0i7GBv6N_AAOXNiuVAAA=,Move back to Inbox; clear AI Skipped 2
N124,Not restored,2026-09-11 13:37,2026-09-11T18:37:18Z,Ally Auto,Your Ally billing statement is available,Your Ally billing statement is available,,Inbox,Inbox,AAMkAGQyODM5ZWI1LTQ0NDAtNDZiOS1hYTIzLTdjOGM3NDRlNjQ4MgAuAAAAAAAggjN_BHG4TI2Iz-JKRqfaAQDXcyWbp23lSoY0i7GBv6N_AAAAAAEMAAA=,9 - FORT WORTH ARCHIVE,AI Skipped 2,AI Skipped 2,Inbox,yes,AI Needs Review;Entered in AI;AI HOLD;Entered with issues;AI Skipped 2;AI Skipped,not restored,,AAMkAGQyODM5ZWI1LTQ0NDAtNDZiOS1hYTIzLTdjOGM3NDRlNjQ4MgBGAAAAAAAggjN_BHG4TI2Iz-JKRqfaBwDXcyWbp23lSoY0i7GBv6N_AAAAAAEMAADXcyWbp23lSoY0i7GBv6N_AAOXNiuXAAA=,Move back to Inbox; clear AI Skipped 2
N125,Not restored,2026-09-11 14:08,2026-09-11T19:08:36Z,Mark Henry,Statement of Account,Statement of Account,,Inbox,Inbox,AAMkAGQyODM5ZWI1LTQ0NDAtNDZiOS1hYTIzLTdjOGM3NDRlNjQ4MgAuAAAAAAAggjN_BHG4TI2Iz-JKRqfaAQDXcyWbp23lSoY0i7GBv6N_AAAAAAEMAAA=,9 - FORT WORTH ARCHIVE,AI Skipped 2,AI Skipped 2,Inbox,yes,AI Needs Review;Entered in AI;AI HOLD;Entered with issues;AI Skipped 2;AI Skipped,not restored,,AAMkAGQyODM5ZWI1LTQ0NDAtNDZiOS1hYTIzLTdjOGM3NDRlNjQ4MgBGAAAAAAAggjN_BHG4TI2Iz-JKRqfaBwDXcyWbp23lSoY0i7GBv6N_AAAAAAEMAADXcyWbp23lSoY0i7GBv6N_AAOXNiuZAAA=,Move back to Inbox; clear AI Skipped 2
N126,Not restored,2026-09-11 14:11,2026-09-11T19:11:40Z,"Capital Machine Technologies, Inc",,,PS-INV103317,Inbox,Inbox,AAMkAGQyODM5ZWI1LTQ0NDAtNDZiOS1hYTIzLTdjOGM3NDRlNjQ4MgAuAAAAAAAggjN_BHG4TI2Iz-JKRqfaAQDXcyWbp23lSoY0i7GBv6N_AAAAAAEMAAA=,9 - FORT WORTH ARCHIVE,Entered with issues,Entered with issues,Inbox,yes,AI Needs Review;Entered in AI;AI HOLD;Entered with issues;AI Skipped 2;AI Skipped,not restored,,AAMkAGQyODM5ZWI1LTQ0NDAtNDZiOS1hYTIzLTdjOGM3NDRlNjQ4MgBGAAAAAAAggjN_BHG4TI2Iz-JKRqfaBwDXcyWbp23lSoY0i7GBv6N_AAAAAAEMAADXcyWbp23lSoY0i7GBv6N_AAOXNiuaAAA=,Move back to Inbox; clear Entered with issues
N127,Not restored,2026-09-11 14:27,2026-09-11T19:27:52Z,Xcaliber Industrial LLC,Statement from Xcaliber Industrial LLC,Statement from Xcaliber Industrial LLC,,Inbox,Inbox,AAMkAGQyODM5ZWI1LTQ0NDAtNDZiOS1hYTIzLTdjOGM3NDRlNjQ4MgAuAAAAAAAggjN_BHG4TI2Iz-JKRqfaAQDXcyWbp23lSoY0i7GBv6N_AAAAAAEMAAA=,9 - FORT WORTH ARCHIVE,AI Skipped 2,AI Skipped 2,Inbox,yes,AI Needs Review;Entered in AI;AI HOLD;Entered with issues;AI Skipped 2;AI Skipped,not restored,,AAMkAGQyODM5ZWI1LTQ0NDAtNDZiOS1hYTIzLTdjOGM3NDRlNjQ4MgBGAAAAAAAggjN_BHG4TI2Iz-JKRqfaBwDXcyWbp23lSoY0i7GBv6N_AAAAAAEMAADXcyWbp23lSoY0i7GBv6N_AAOXNiucAAA=,Move back to Inbox; clear AI Skipped 2
N128,Not restored,2026-09-11 14:36,2026-09-11T19:36:12Z,Green Valley Compressor LLC,,,2216,Inbox,Inbox,AAMkAGQyODM5ZWI1LTQ0NDAtNDZiOS1hYTIzLTdjOGM3NDRlNjQ4MgAuAAAAAAAggjN_BHG4TI2Iz-JKRqfaAQDXcyWbp23lSoY0i7GBv6N_AAAAAAEMAAA=,9 - FORT WORTH ARCHIVE,Entered in AI,Entered in AI,Inbox,yes,AI Needs Review;Entered in AI;AI HOLD;Entered with issues;AI Skipped 2;AI Skipped,not restored,,AAMkAGQyODM5ZWI1LTQ0NDAtNDZiOS1hYTIzLTdjOGM3NDRlNjQ4MgBGAAAAAAAggjN_BHG4TI2Iz-JKRqfaBwDXcyWbp23lSoY0i7GBv6N_AAAAAAEMAADXcyWbp23lSoY0i7GBv6N_AAOXNiudAAA=,Move back to Inbox; clear Entered in AI
N129,Not restored,2026-09-11 16:06,2026-09-11T21:06:02Z,Accounting,Past Due Statement Reminder - KANNON - 08/31/2026,Past Due Statement Reminder - KANNON - 08/31/2026,,Inbox,Inbox,AAMkAGQyODM5ZWI1LTQ0NDAtNDZiOS1hYTIzLTdjOGM3NDRlNjQ4MgAuAAAAAAAggjN_BHG4TI2Iz-JKRqfaAQDXcyWbp23lSoY0i7GBv6N_AAAAAAEMAAA=,9 - FORT WORTH ARCHIVE,AI Skipped 2,AI Skipped 2,Inbox,yes,AI Needs Review;Entered in AI;AI HOLD;Entered with issues;AI Skipped 2;AI Skipped,not restored,,AAMkAGQyODM5ZWI1LTQ0NDAtNDZiOS1hYTIzLTdjOGM3NDRlNjQ4MgBGAAAAAAAggjN_BHG4TI2Iz-JKRqfaBwDXcyWbp23lSoY0i7GBv6N_AAAAAAEMAADXcyWbp23lSoY0i7GBv6N_AAOXNiugAAA=,Move back to Inbox; clear AI Skipped 2
N130,Not restored,2026-09-11 19:20,2026-09-12T00:20:00Z,ACS Chicago,Certificate(s) of Insurance from Aon,Certificate(s) of Insurance from Aon,,Inbox,Inbox,AAMkAGQyODM5ZWI1LTQ0NDAtNDZiOS1hYTIzLTdjOGM3NDRlNjQ4MgAuAAAAAAAggjN_BHG4TI2Iz-JKRqfaAQDXcyWbp23lSoY0i7GBv6N_AAAAAAEMAAA=,9 - FORT WORTH ARCHIVE,AI Skipped 2,AI Skipped 2,Inbox,yes,AI Needs Review;Entered in AI;AI HOLD;Entered with issues;AI Skipped 2;AI Skipped,not restored,,AAMkAGQyODM5ZWI1LTQ0NDAtNDZiOS1hYTIzLTdjOGM3NDRlNjQ4MgBGAAAAAAAggjN_BHG4TI2Iz-JKRqfaBwDXcyWbp23lSoY0i7GBv6N_AAAAAAEMAADXcyWbp23lSoY0i7GBv6N_AAOXNiujAAA=,Move back to Inbox; clear AI Skipped 2
N131,Not restored,2026-09-12 01:23,2026-09-12T06:23:28Z,Marmon/Keystone,,,,Inbox,Inbox,AAMkAGQyODM5ZWI1LTQ0NDAtNDZiOS1hYTIzLTdjOGM3NDRlNjQ4MgAuAAAAAAAggjN_BHG4TI2Iz-JKRqfaAQDXcyWbp23lSoY0i7GBv6N_AAAAAAEMAAA=,9 - FORT WORTH ARCHIVE,AI Skipped 2,AI Skipped 2,Inbox,yes,AI Needs Review;Entered in AI;AI HOLD;Entered with issues;AI Skipped 2;AI Skipped,not restored,,AAMkAGQyODM5ZWI1LTQ0NDAtNDZiOS1hYTIzLTdjOGM3NDRlNjQ4MgBGAAAAAAAggjN_BHG4TI2Iz-JKRqfaBwDXcyWbp23lSoY0i7GBv6N_AAAAAAEMAADXcyWbp23lSoY0i7GBv6N_AAOX-Ds6AAA=,Move back to Inbox; clear AI Skipped 2
N132,Not restored,2026-09-12 01:31,2026-09-12T06:31:34Z,McMaster-Carr,Credit from Your Order 59159,Credit from Your Order 59159,,Inbox,Inbox,AAMkAGQyODM5ZWI1LTQ0NDAtNDZiOS1hYTIzLTdjOGM3NDRlNjQ4MgAuAAAAAAAggjN_BHG4TI2Iz-JKRqfaAQDXcyWbp23lSoY0i7GBv6N_AAAAAAEMAAA=,9 - FORT WORTH ARCHIVE,AI Skipped 2,AI Skipped 2,Inbox,yes,AI Needs Review;Entered in AI;AI HOLD;Entered with issues;AI Skipped 2;AI Skipped,not restored,,AAMkAGQyODM5ZWI1LTQ0NDAtNDZiOS1hYTIzLTdjOGM3NDRlNjQ4MgBGAAAAAAAggjN_BHG4TI2Iz-JKRqfaBwDXcyWbp23lSoY0i7GBv6N_AAAAAAEMAADXcyWbp23lSoY0i7GBv6N_AAOX-Ds9AAA=,Move back to Inbox; clear AI Skipped 2
N133,Not restored,2026-09-14 08:59,2026-09-14T13:59:23Z,Jim Saxon,RE: Check 184833,RE: Check 184833,,Inbox,Inbox,AAMkAGQyODM5ZWI1LTQ0NDAtNDZiOS1hYTIzLTdjOGM3NDRlNjQ4MgAuAAAAAAAggjN_BHG4TI2Iz-JKRqfaAQDXcyWbp23lSoY0i7GBv6N_AAAAAAEMAAA=,9 - FORT WORTH ARCHIVE,AI Skipped 2,AI Skipped 2,Inbox,yes,AI Needs Review;Entered in AI;AI HOLD;Entered with issues;AI Skipped 2;AI Skipped,not restored,,AAMkAGQyODM5ZWI1LTQ0NDAtNDZiOS1hYTIzLTdjOGM3NDRlNjQ4MgBGAAAAAAAggjN_BHG4TI2Iz-JKRqfaBwDXcyWbp23lSoY0i7GBv6N_AAAAAAEMAADXcyWbp23lSoY0i7GBv6N_AAOZfC9XAAA=,Move back to Inbox; clear AI Skipped 2
N134,Not restored,2026-09-14 08:59,2026-09-14T13:59:25Z,Ben L. Jones,RE: Kannon Manufacturing - Past Due Invoices,RE: Kannon Manufacturing - Past Due Invoices,,Inbox,Inbox,AAMkAGQyODM5ZWI1LTQ0NDAtNDZiOS1hYTIzLTdjOGM3NDRlNjQ4MgAuAAAAAAAggjN_BHG4TI2Iz-JKRqfaAQDXcyWbp23lSoY0i7GBv6N_AAAAAAEMAAA=,9 - FORT WORTH ARCHIVE,AI Skipped 2,AI Skipped 2,Inbox,yes,AI Needs Review;Entered in AI;AI HOLD;Entered with issues;AI Skipped 2;AI Skipped,not restored,,AAMkAGQyODM5ZWI1LTQ0NDAtNDZiOS1hYTIzLTdjOGM3NDRlNjQ4MgBGAAAAAAAggjN_BHG4TI2Iz-JKRqfaBwDXcyWbp23lSoY0i7GBv6N_AAAAAAEMAADXcyWbp23lSoY0i7GBv6N_AAOZfC9YAAA=,Move back to Inbox; clear AI Skipped 2
N135,Not restored,2026-09-14 09:38,2026-09-14T14:38:10Z,Treyce Wegmann,RE: Kannon Manufacturing - Past Due Invoices,RE: Kannon Manufacturing - Past Due Invoices,,Inbox,Inbox,AAMkAGQyODM5ZWI1LTQ0NDAtNDZiOS1hYTIzLTdjOGM3NDRlNjQ4MgAuAAAAAAAggjN_BHG4TI2Iz-JKRqfaAQDXcyWbp23lSoY0i7GBv6N_AAAAAAEMAAA=,9 - FORT WORTH ARCHIVE,AI Skipped 2,AI Skipped 2,Inbox,yes,AI Needs Review;Entered in AI;AI HOLD;Entered with issues;AI Skipped 2;AI Skipped,not restored,,AAMkAGQyODM5ZWI1LTQ0NDAtNDZiOS1hYTIzLTdjOGM3NDRlNjQ4MgBGAAAAAAAggjN_BHG4TI2Iz-JKRqfaBwDXcyWbp23lSoY0i7GBv6N_AAAAAAEMAADXcyWbp23lSoY0i7GBv6N_AAOZfC9aAAA=,Move back to Inbox; clear AI Skipped 2
N136,Not restored,2026-09-14 09:49,2026-09-14T14:49:34Z,Ben L. Jones,RE: [EXTERNAL]RE: Kannon Manufacturing - Past Due Invoices,RE: [EXTERNAL]RE: Kannon Manufacturing - Past Due Invoices,,Inbox,Inbox,AAMkAGQyODM5ZWI1LTQ0NDAtNDZiOS1hYTIzLTdjOGM3NDRlNjQ4MgAuAAAAAAAggjN_BHG4TI2Iz-JKRqfaAQDXcyWbp23lSoY0i7GBv6N_AAAAAAEMAAA=,9 - FORT WORTH ARCHIVE,AI Skipped 2,AI Skipped 2,Inbox,yes,AI Needs Review;Entered in AI;AI HOLD;Entered with issues;AI Skipped 2;AI Skipped,not restored,,AAMkAGQyODM5ZWI1LTQ0NDAtNDZiOS1hYTIzLTdjOGM3NDRlNjQ4MgBGAAAAAAAggjN_BHG4TI2Iz-JKRqfaBwDXcyWbp23lSoY0i7GBv6N_AAAAAAEMAADXcyWbp23lSoY0i7GBv6N_AAOZfC9cAAA=,Move back to Inbox; clear AI Skipped 2
N137,Not restored,2026-09-14 13:00,2026-09-14T18:00:36Z,Engie Resources Billing,Notice - Engie Payment was successfully charged,Notice - Engie Payment was successfully charged,,Inbox,Inbox,AAMkAGQyODM5ZWI1LTQ0NDAtNDZiOS1hYTIzLTdjOGM3NDRlNjQ4MgAuAAAAAAAggjN_BHG4TI2Iz-JKRqfaAQDXcyWbp23lSoY0i7GBv6N_AAAAAAEMAAA=,9 - FORT WORTH ARCHIVE,AI Skipped 2,AI Skipped 2,Inbox,yes,AI Needs Review;Entered in AI;AI HOLD;Entered with issues;AI Skipped 2;AI Skipped,not restored,,AAMkAGQyODM5ZWI1LTQ0NDAtNDZiOS1hYTIzLTdjOGM3NDRlNjQ4MgBGAAAAAAAggjN_BHG4TI2Iz-JKRqfaBwDXcyWbp23lSoY0i7GBv6N_AAAAAAEMAADXcyWbp23lSoY0i7GBv6N_AAOZfC9hAAA=,Move back to Inbox; clear AI Skipped 2
N138,Not restored,2026-09-14 15:10,2026-09-14T20:10:30Z,Leigh Mull,past due - account on hold - KANMAN,past due - account on hold - KANMAN,,Inbox,Inbox,AAMkAGQyODM5ZWI1LTQ0NDAtNDZiOS1hYTIzLTdjOGM3NDRlNjQ4MgAuAAAAAAAggjN_BHG4TI2Iz-JKRqfaAQDXcyWbp23lSoY0i7GBv6N_AAAAAAEMAAA=,9 - FORT WORTH ARCHIVE,AI Skipped 2,AI Skipped 2,Inbox,yes,AI Needs Review;Entered in AI;AI HOLD;Entered with issues;AI Skipped 2;AI Skipped,not restored,,AAMkAGQyODM5ZWI1LTQ0NDAtNDZiOS1hYTIzLTdjOGM3NDRlNjQ4MgBGAAAAAAAggjN_BHG4TI2Iz-JKRqfaBwDXcyWbp23lSoY0i7GBv6N_AAAAAAEMAADXcyWbp23lSoY0i7GBv6N_AAOZfC9iAAA=,Move back to Inbox; clear AI Skipped 2
N139,Not restored,2026-09-15 02:13,2026-09-15T07:13:31Z,NoreplyMV,Leeco Steel MTR 623592,Leeco Steel MTR 623592,,Inbox,Inbox,AAMkAGQyODM5ZWI1LTQ0NDAtNDZiOS1hYTIzLTdjOGM3NDRlNjQ4MgAuAAAAAAAggjN_BHG4TI2Iz-JKRqfaAQDXcyWbp23lSoY0i7GBv6N_AAAAAAEMAAA=,9 - FORT WORTH ARCHIVE,AI Skipped 2,AI Skipped 2,Inbox,yes,AI Needs Review;Entered in AI;AI HOLD;Entered with issues;AI Skipped 2;AI Skipped,not restored,,AAMkAGQyODM5ZWI1LTQ0NDAtNDZiOS1hYTIzLTdjOGM3NDRlNjQ4MgBGAAAAAAAggjN_BHG4TI2Iz-JKRqfaBwDXcyWbp23lSoY0i7GBv6N_AAAAAAEMAADXcyWbp23lSoY0i7GBv6N_AAOZ_uDfAAA=,Move back to Inbox; clear AI Skipped 2
N140,Not restored,2026-09-15 07:01,2026-09-15T12:01:50Z,Andrea Sylvester,271319-Curbell Plastics Notice of Past Due Balance,271319-Curbell Plastics Notice of Past Due Balance,,Inbox,Inbox,AAMkAGQyODM5ZWI1LTQ0NDAtNDZiOS1hYTIzLTdjOGM3NDRlNjQ4MgAuAAAAAAAggjN_BHG4TI2Iz-JKRqfaAQDXcyWbp23lSoY0i7GBv6N_AAAAAAEMAAA=,9 - FORT WORTH ARCHIVE,AI Skipped 2,AI Skipped 2,Inbox,yes,AI Needs Review;Entered in AI;AI HOLD;Entered with issues;AI Skipped 2;AI Skipped,not restored,,AAMkAGQyODM5ZWI1LTQ0NDAtNDZiOS1hYTIzLTdjOGM3NDRlNjQ4MgBGAAAAAAAggjN_BHG4TI2Iz-JKRqfaBwDXcyWbp23lSoY0i7GBv6N_AAAAAAEMAADXcyWbp23lSoY0i7GBv6N_AAOZ_uDjAAA=,Move back to Inbox; clear AI Skipped 2
N141,Not restored,2026-09-15 19:00,2026-09-16T00:00:50Z,credit@leecosteel.com,Leeco Account Statement,Leeco Account Statement,,Inbox,Inbox,AAMkAGQyODM5ZWI1LTQ0NDAtNDZiOS1hYTIzLTdjOGM3NDRlNjQ4MgAuAAAAAAAggjN_BHG4TI2Iz-JKRqfaAQDXcyWbp23lSoY0i7GBv6N_AAAAAAEMAAA=,9 - FORT WORTH ARCHIVE,AI Skipped 2,AI Skipped 2,Inbox,yes,AI Needs Review;Entered in AI;AI HOLD;Entered with issues;AI Skipped 2;AI Skipped,not restored,,AAMkAGQyODM5ZWI1LTQ0NDAtNDZiOS1hYTIzLTdjOGM3NDRlNjQ4MgBGAAAAAAAggjN_BHG4TI2Iz-JKRqfaBwDXcyWbp23lSoY0i7GBv6N_AAAAAAEMAADXcyWbp23lSoY0i7GBv6N_AAOZ_uD0AAA=,Move back to Inbox; clear AI Skipped 2
N142,Not restored,2026-09-16 10:35,2026-09-16T15:35:45Z,Kara Lanford,Request for Payment Status 9.16.2026 Kannon Manufacturing,Request for Payment Status 9.16.2026 Kannon Manufacturing,,Inbox,Inbox,AAMkAGQyODM5ZWI1LTQ0NDAtNDZiOS1hYTIzLTdjOGM3NDRlNjQ4MgAuAAAAAAAggjN_BHG4TI2Iz-JKRqfaAQDXcyWbp23lSoY0i7GBv6N_AAAAAAEMAAA=,9 - FORT WORTH ARCHIVE,AI Skipped 2,AI Skipped 2,Inbox,yes,AI Needs Review;Entered in AI;AI HOLD;Entered with issues;AI Skipped 2;AI Skipped,not restored,,AAMkAGQyODM5ZWI1LTQ0NDAtNDZiOS1hYTIzLTdjOGM3NDRlNjQ4MgBGAAAAAAAggjN_BHG4TI2Iz-JKRqfaBwDXcyWbp23lSoY0i7GBv6N_AAAAAAEMAADXcyWbp23lSoY0i7GBv6N_AAOZ_uEAAAA=,Move back to Inbox; clear AI Skipped 2
N143,Not restored,2026-09-16 16:08,2026-09-16T21:08:23Z,GRM BIlling - Dallas,An update from GRM Information Management - 13010065,An update from GRM Information Management - 13010065,,Inbox,Inbox,AAMkAGQyODM5ZWI1LTQ0NDAtNDZiOS1hYTIzLTdjOGM3NDRlNjQ4MgAuAAAAAAAggjN_BHG4TI2Iz-JKRqfaAQDXcyWbp23lSoY0i7GBv6N_AAAAAAEMAAA=,9 - FORT WORTH ARCHIVE,AI Skipped 2,AI Skipped 2,Inbox,yes,AI Needs Review;Entered in AI;AI HOLD;Entered with issues;AI Skipped 2;AI Skipped,not restored,,AAMkAGQyODM5ZWI1LTQ0NDAtNDZiOS1hYTIzLTdjOGM3NDRlNjQ4MgBGAAAAAAAggjN_BHG4TI2Iz-JKRqfaBwDXcyWbp23lSoY0i7GBv6N_AAAAAAEMAADXcyWbp23lSoY0i7GBv6N_AAOZ_uERAAA=,Move back to Inbox; clear AI Skipped 2
N144,Not restored,2026-09-17 08:34,2026-09-17T13:34:22Z,Julie Bettcher,Curbell Account #  271319	Kannon Manufacturing Inc            - Account Status,Curbell Account #  271319	Kannon Manufacturing Inc            - Account Status,,Inbox,Inbox,AAMkAGQyODM5ZWI1LTQ0NDAtNDZiOS1hYTIzLTdjOGM3NDRlNjQ4MgAuAAAAAAAggjN_BHG4TI2Iz-JKRqfaAQDXcyWbp23lSoY0i7GBv6N_AAAAAAEMAAA=,9 - FORT WORTH ARCHIVE,AI Skipped 2,AI Skipped 2,Inbox,yes,AI Needs Review;Entered in AI;AI HOLD;Entered with issues;AI Skipped 2;AI Skipped,not restored,,AAMkAGQyODM5ZWI1LTQ0NDAtNDZiOS1hYTIzLTdjOGM3NDRlNjQ4MgBGAAAAAAAggjN_BHG4TI2Iz-JKRqfaBwDXcyWbp23lSoY0i7GBv6N_AAAAAAEMAADXcyWbp23lSoY0i7GBv6N_AAObQuYNAAA=,Move back to Inbox; clear AI Skipped 2
N145,Not restored,2026-09-17 12:50,2026-09-17T17:50:25Z,ken@a1image.com,Your Work Order with A-1 IMAGE INC. is en route,Your Work Order with A-1 IMAGE INC. is en route,,Inbox,Inbox,AAMkAGQyODM5ZWI1LTQ0NDAtNDZiOS1hYTIzLTdjOGM3NDRlNjQ4MgAuAAAAAAAggjN_BHG4TI2Iz-JKRqfaAQDXcyWbp23lSoY0i7GBv6N_AAAAAAEMAAA=,9 - FORT WORTH ARCHIVE,AI Skipped 2,AI Skipped 2,Inbox,yes,AI Needs Review;Entered in AI;AI HOLD;Entered with issues;AI Skipped 2;AI Skipped,not restored,,AAMkAGQyODM5ZWI1LTQ0NDAtNDZiOS1hYTIzLTdjOGM3NDRlNjQ4MgBGAAAAAAAggjN_BHG4TI2Iz-JKRqfaBwDXcyWbp23lSoY0i7GBv6N_AAAAAAEMAADXcyWbp23lSoY0i7GBv6N_AAObq9TdAAA=,Move back to Inbox; clear AI Skipped 2
N146,Not restored,2026-09-17 13:48,2026-09-17T18:48:21Z,ken@a1image.com,Your Work Order with A-1 IMAGE INC. is completed,Your Work Order with A-1 IMAGE INC. is completed,,Inbox,Inbox,AAMkAGQyODM5ZWI1LTQ0NDAtNDZiOS1hYTIzLTdjOGM3NDRlNjQ4MgAuAAAAAAAggjN_BHG4TI2Iz-JKRqfaAQDXcyWbp23lSoY0i7GBv6N_AAAAAAEMAAA=,9 - FORT WORTH ARCHIVE,AI Skipped 2,AI Skipped 2,Inbox,yes,AI Needs Review;Entered in AI;AI HOLD;Entered with issues;AI Skipped 2;AI Skipped,not restored,,AAMkAGQyODM5ZWI1LTQ0NDAtNDZiOS1hYTIzLTdjOGM3NDRlNjQ4MgBGAAAAAAAggjN_BHG4TI2Iz-JKRqfaBwDXcyWbp23lSoY0i7GBv6N_AAAAAAEMAADXcyWbp23lSoY0i7GBv6N_AAObq9TgAAA=,Move back to Inbox; clear AI Skipped 2
N147,Not restored,2026-09-17 13:50,2026-09-17T18:50:10Z,Freepoint Solution Customer Relations,Freepoint Solutions - Kannon Manufacturing LLC - Portal Login,Freepoint Solutions - Kannon Manufacturing LLC - Portal Login,,Inbox,Inbox,AAMkAGQyODM5ZWI1LTQ0NDAtNDZiOS1hYTIzLTdjOGM3NDRlNjQ4MgAuAAAAAAAggjN_BHG4TI2Iz-JKRqfaAQDXcyWbp23lSoY0i7GBv6N_AAAAAAEMAAA=,9 - FORT WORTH ARCHIVE,AI Skipped 2,AI Skipped 2,Inbox,yes,AI Needs Review;Entered in AI;AI HOLD;Entered with issues;AI Skipped 2;AI Skipped,not restored,,AAMkAGQyODM5ZWI1LTQ0NDAtNDZiOS1hYTIzLTdjOGM3NDRlNjQ4MgBGAAAAAAAggjN_BHG4TI2Iz-JKRqfaBwDXcyWbp23lSoY0i7GBv6N_AAAAAAEMAADXcyWbp23lSoY0i7GBv6N_AAObq9ThAAA=,Move back to Inbox; clear AI Skipped 2
N148,Not restored,2026-09-17 14:50,2026-09-17T19:50:56Z,ken@a1image.com,Your Work Order with A-1 IMAGE INC. is completed,Your Work Order with A-1 IMAGE INC. is completed,,Inbox,Inbox,AAMkAGQyODM5ZWI1LTQ0NDAtNDZiOS1hYTIzLTdjOGM3NDRlNjQ4MgAuAAAAAAAggjN_BHG4TI2Iz-JKRqfaAQDXcyWbp23lSoY0i7GBv6N_AAAAAAEMAAA=,9 - FORT WORTH ARCHIVE,AI Skipped 2,AI Skipped 2,Inbox,yes,AI Needs Review;Entered in AI;AI HOLD;Entered with issues;AI Skipped 2;AI Skipped,not restored,,AAMkAGQyODM5ZWI1LTQ0NDAtNDZiOS1hYTIzLTdjOGM3NDRlNjQ4MgBGAAAAAAAggjN_BHG4TI2Iz-JKRqfaBwDXcyWbp23lSoY0i7GBv6N_AAAAAAEMAADXcyWbp23lSoY0i7GBv6N_AAObq9TlAAA=,Move back to Inbox; clear AI Skipped 2
N149,Not restored,2026-09-17 15:32,2026-09-17T20:32:41Z,O'Neal Steel - Dallas (GP),Payment status requested - 14748440,Payment status requested - 14748440,15398467 | 15398891 | 15399796 | 15400210 | 15401860 | 15402415 | 15402927 | 15403449 | 15406239 | 15407157 | 15408130 | 15409280 | 15409416 | 15439109 | 15447737 | 15455556 | 15464367,Inbox,Inbox,AAMkAGQyODM5ZWI1LTQ0NDAtNDZiOS1hYTIzLTdjOGM3NDRlNjQ4MgAuAAAAAAAggjN_BHG4TI2Iz-JKRqfaAQDXcyWbp23lSoY0i7GBv6N_AAAAAAEMAAA=,9 - FORT WORTH ARCHIVE,Entered with issues,Entered with issues,Inbox,yes,AI Needs Review;Entered in AI;AI HOLD;Entered with issues;AI Skipped 2;AI Skipped,not restored,,AAMkAGQyODM5ZWI1LTQ0NDAtNDZiOS1hYTIzLTdjOGM3NDRlNjQ4MgBGAAAAAAAggjN_BHG4TI2Iz-JKRqfaBwDXcyWbp23lSoY0i7GBv6N_AAAAAAEMAADXcyWbp23lSoY0i7GBv6N_AAObq9TmAAA=,Move back to Inbox; clear Entered with issues
N150,Not restored,2026-09-17 16:45,2026-09-17T21:45:14Z,Antoinette Sanchez,Fw: Fastenal Past due,Fw: Fastenal Past due,,Inbox,Inbox,AAMkAGQyODM5ZWI1LTQ0NDAtNDZiOS1hYTIzLTdjOGM3NDRlNjQ4MgAuAAAAAAAggjN_BHG4TI2Iz-JKRqfaAQDXcyWbp23lSoY0i7GBv6N_AAAAAAEMAAA=,9 - FORT WORTH ARCHIVE,AI Skipped 2,AI Skipped 2,Inbox,yes,AI Needs Review;Entered in AI;AI HOLD;Entered with issues;AI Skipped 2;AI Skipped,not restored,,AAMkAGQyODM5ZWI1LTQ0NDAtNDZiOS1hYTIzLTdjOGM3NDRlNjQ4MgBGAAAAAAAggjN_BHG4TI2Iz-JKRqfaBwDXcyWbp23lSoY0i7GBv6N_AAAAAAEMAADXcyWbp23lSoY0i7GBv6N_AAObq9T2AAA=,Move back to Inbox; clear AI Skipped 2
N151,Not restored,2026-09-18 01:43,2026-09-18T06:43:43Z,McMaster-Carr,Credit from Your Order 58221,Credit from Your Order 58221,,Inbox,Inbox,AAMkAGQyODM5ZWI1LTQ0NDAtNDZiOS1hYTIzLTdjOGM3NDRlNjQ4MgAuAAAAAAAggjN_BHG4TI2Iz-JKRqfaAQDXcyWbp23lSoY0i7GBv6N_AAAAAAEMAAA=,9 - FORT WORTH ARCHIVE,AI Skipped 2,AI Skipped 2,Inbox,yes,AI Needs Review;Entered in AI;AI HOLD;Entered with issues;AI Skipped 2;AI Skipped,not restored,,AAMkAGQyODM5ZWI1LTQ0NDAtNDZiOS1hYTIzLTdjOGM3NDRlNjQ4MgBGAAAAAAAggjN_BHG4TI2Iz-JKRqfaBwDXcyWbp23lSoY0i7GBv6N_AAAAAAEMAADXcyWbp23lSoY0i7GBv6N_AAOb0rYgAAA=,Move back to Inbox; clear AI Skipped 2
N152,Not restored,2026-09-18 07:21,2026-09-18T12:21:47Z,AR Dept,Past Due Invoice(s) - 17566 - Kannon Manufacturing Inc,Past Due Invoice(s) - 17566 - Kannon Manufacturing Inc,,Inbox,Inbox,AAMkAGQyODM5ZWI1LTQ0NDAtNDZiOS1hYTIzLTdjOGM3NDRlNjQ4MgAuAAAAAAAggjN_BHG4TI2Iz-JKRqfaAQDXcyWbp23lSoY0i7GBv6N_AAAAAAEMAAA=,9 - FORT WORTH ARCHIVE,AI Skipped 2,AI Skipped 2,Inbox,yes,AI Needs Review;Entered in AI;AI HOLD;Entered with issues;AI Skipped 2;AI Skipped,not restored,,AAMkAGQyODM5ZWI1LTQ0NDAtNDZiOS1hYTIzLTdjOGM3NDRlNjQ4MgBGAAAAAAAggjN_BHG4TI2Iz-JKRqfaBwDXcyWbp23lSoY0i7GBv6N_AAAAAAEMAADXcyWbp23lSoY0i7GBv6N_AAOb0rYkAAA=,Move back to Inbox; clear AI Skipped 2
N153,Not restored,2026-09-18 09:19,2026-09-18T14:19:01Z,Deb Rheinheimer,SV1426672 - Past Due Invoice,SV1426672 - Past Due Invoice,,Inbox,Inbox,AAMkAGQyODM5ZWI1LTQ0NDAtNDZiOS1hYTIzLTdjOGM3NDRlNjQ4MgAuAAAAAAAggjN_BHG4TI2Iz-JKRqfaAQDXcyWbp23lSoY0i7GBv6N_AAAAAAEMAAA=,9 - FORT WORTH ARCHIVE,AI Skipped 2,AI Skipped 2,Inbox,yes,AI Needs Review;Entered in AI;AI HOLD;Entered with issues;AI Skipped 2;AI Skipped,not restored,,AAMkAGQyODM5ZWI1LTQ0NDAtNDZiOS1hYTIzLTdjOGM3NDRlNjQ4MgBGAAAAAAAggjN_BHG4TI2Iz-JKRqfaBwDXcyWbp23lSoY0i7GBv6N_AAAAAAEMAADXcyWbp23lSoY0i7GBv6N_AAOb0rYsAAA=,Move back to Inbox; clear AI Skipped 2
N154,Not restored,2026-09-18 09:52,2026-09-18T14:52:57Z,Shawn McKibben,CK# 18642,CK# 18642,,Inbox,Inbox,AAMkAGQyODM5ZWI1LTQ0NDAtNDZiOS1hYTIzLTdjOGM3NDRlNjQ4MgAuAAAAAAAggjN_BHG4TI2Iz-JKRqfaAQDXcyWbp23lSoY0i7GBv6N_AAAAAAEMAAA=,9 - FORT WORTH ARCHIVE,AI Skipped 2,AI Skipped 2,Inbox,yes,AI Needs Review;Entered in AI;AI HOLD;Entered with issues;AI Skipped 2;AI Skipped,not restored,,AAMkAGQyODM5ZWI1LTQ0NDAtNDZiOS1hYTIzLTdjOGM3NDRlNjQ4MgBGAAAAAAAggjN_BHG4TI2Iz-JKRqfaBwDXcyWbp23lSoY0i7GBv6N_AAAAAAEMAADXcyWbp23lSoY0i7GBv6N_AAOb0rYvAAA=,Move back to Inbox; clear AI Skipped 2
N155,Not restored,2026-09-18 11:20,2026-09-18T16:20:08Z,Crosslink Powder Coating,,,27319,Inbox,Inbox,AAMkAGQyODM5ZWI1LTQ0NDAtNDZiOS1hYTIzLTdjOGM3NDRlNjQ4MgAuAAAAAAAggjN_BHG4TI2Iz-JKRqfaAQDXcyWbp23lSoY0i7GBv6N_AAAAAAEMAAA=,9 - FORT WORTH ARCHIVE,Entered in AI,Entered in AI,Inbox,yes,AI Needs Review;Entered in AI;AI HOLD;Entered with issues;AI Skipped 2;AI Skipped,not restored,,AAMkAGQyODM5ZWI1LTQ0NDAtNDZiOS1hYTIzLTdjOGM3NDRlNjQ4MgBGAAAAAAAggjN_BHG4TI2Iz-JKRqfaBwDXcyWbp23lSoY0i7GBv6N_AAAAAAEMAADXcyWbp23lSoY0i7GBv6N_AAOb0rYxAAA=,Move back to Inbox; clear Entered in AI
N156,Not restored,2026-09-18 11:56,2026-09-18T16:56:40Z,Insight Controller Services,,,1820,Inbox,Inbox,AAMkAGQyODM5ZWI1LTQ0NDAtNDZiOS1hYTIzLTdjOGM3NDRlNjQ4MgAuAAAAAAAggjN_BHG4TI2Iz-JKRqfaAQDXcyWbp23lSoY0i7GBv6N_AAAAAAEMAAA=,9 - FORT WORTH ARCHIVE,Entered in AI,Entered in AI,Inbox,yes,AI Needs Review;Entered in AI;AI HOLD;Entered with issues;AI Skipped 2;AI Skipped,not restored,,AAMkAGQyODM5ZWI1LTQ0NDAtNDZiOS1hYTIzLTdjOGM3NDRlNjQ4MgBGAAAAAAAggjN_BHG4TI2Iz-JKRqfaBwDXcyWbp23lSoY0i7GBv6N_AAAAAAEMAADXcyWbp23lSoY0i7GBv6N_AAOb0rY1AAA=,Move back to Inbox; clear Entered in AI
N157,Not restored,2026-09-18 12:06,2026-09-18T17:06:52Z,Michelle Dalton,Kannon Lost Check Issue,Kannon Lost Check Issue,,Inbox,Inbox,AAMkAGQyODM5ZWI1LTQ0NDAtNDZiOS1hYTIzLTdjOGM3NDRlNjQ4MgAuAAAAAAAggjN_BHG4TI2Iz-JKRqfaAQDXcyWbp23lSoY0i7GBv6N_AAAAAAEMAAA=,9 - FORT WORTH ARCHIVE,AI Skipped 2,AI Skipped 2,Inbox,yes,AI Needs Review;Entered in AI;AI HOLD;Entered with issues;AI Skipped 2;AI Skipped,not restored,,AAMkAGQyODM5ZWI1LTQ0NDAtNDZiOS1hYTIzLTdjOGM3NDRlNjQ4MgBGAAAAAAAggjN_BHG4TI2Iz-JKRqfaBwDXcyWbp23lSoY0i7GBv6N_AAAAAAEMAADXcyWbp23lSoY0i7GBv6N_AAOb0rY2AAA=,Move back to Inbox; clear AI Skipped 2
N158,Not restored,2026-09-18 12:49,2026-09-18T17:49:26Z,Dusty Delany ,Rent Statement,Rent Statement,,Inbox,Inbox,AAMkAGQyODM5ZWI1LTQ0NDAtNDZiOS1hYTIzLTdjOGM3NDRlNjQ4MgAuAAAAAAAggjN_BHG4TI2Iz-JKRqfaAQDXcyWbp23lSoY0i7GBv6N_AAAAAAEMAAA=,9 - FORT WORTH ARCHIVE,AI Skipped 2,AI Skipped 2,Inbox,yes,AI Needs Review;Entered in AI;AI HOLD;Entered with issues;AI Skipped 2;AI Skipped,not restored,,AAMkAGQyODM5ZWI1LTQ0NDAtNDZiOS1hYTIzLTdjOGM3NDRlNjQ4MgBGAAAAAAAggjN_BHG4TI2Iz-JKRqfaBwDXcyWbp23lSoY0i7GBv6N_AAAAAAEMAADXcyWbp23lSoY0i7GBv6N_AAOb0rY4AAA=,Move back to Inbox; clear AI Skipped 2
N159,Not restored,2026-09-18 13:30,2026-09-18T18:30:36Z,Rhonda Reeves,Fw: Overdue Balance Notice_1001050098,Fw: Overdue Balance Notice_1001050098,,Inbox,Inbox,AAMkAGQyODM5ZWI1LTQ0NDAtNDZiOS1hYTIzLTdjOGM3NDRlNjQ4MgAuAAAAAAAggjN_BHG4TI2Iz-JKRqfaAQDXcyWbp23lSoY0i7GBv6N_AAAAAAEMAAA=,9 - FORT WORTH ARCHIVE,AI Skipped 2,AI Skipped 2,Inbox,yes,AI Needs Review;Entered in AI;AI HOLD;Entered with issues;AI Skipped 2;AI Skipped,not restored,,AAMkAGQyODM5ZWI1LTQ0NDAtNDZiOS1hYTIzLTdjOGM3NDRlNjQ4MgBGAAAAAAAggjN_BHG4TI2Iz-JKRqfaBwDXcyWbp23lSoY0i7GBv6N_AAAAAAEMAADXcyWbp23lSoY0i7GBv6N_AAOb0rY5AAA=,Move back to Inbox; clear AI Skipped 2
N160,Not restored,2026-09-18 16:03,2026-09-18T21:03:30Z,Accounting,Past Due Statement Reminder - KANNON - 8/31/2026 12:00:00 AM,Past Due Statement Reminder - KANNON - 8/31/2026 12:00:00 AM,,Inbox,Inbox,AAMkAGQyODM5ZWI1LTQ0NDAtNDZiOS1hYTIzLTdjOGM3NDRlNjQ4MgAuAAAAAAAggjN_BHG4TI2Iz-JKRqfaAQDXcyWbp23lSoY0i7GBv6N_AAAAAAEMAAA=,9 - FORT WORTH ARCHIVE,AI Skipped 2,AI Skipped 2,Inbox,yes,AI Needs Review;Entered in AI;AI HOLD;Entered with issues;AI Skipped 2;AI Skipped,not restored,,AAMkAGQyODM5ZWI1LTQ0NDAtNDZiOS1hYTIzLTdjOGM3NDRlNjQ4MgBGAAAAAAAggjN_BHG4TI2Iz-JKRqfaBwDXcyWbp23lSoY0i7GBv6N_AAAAAAEMAADXcyWbp23lSoY0i7GBv6N_AAOb0rY7AAA=,Move back to Inbox; clear AI Skipped 2
N161,Not restored,2026-09-20 13:58,2026-09-20T18:58:29Z,Insight Controller Services,Finish your payment to Insight Controller Services,Finish your payment to Insight Controller Services,1820,Inbox,Inbox,AAMkAGQyODM5ZWI1LTQ0NDAtNDZiOS1hYTIzLTdjOGM3NDRlNjQ4MgAuAAAAAAAggjN_BHG4TI2Iz-JKRqfaAQDXcyWbp23lSoY0i7GBv6N_AAAAAAEMAAA=,9 - FORT WORTH ARCHIVE,Entered in AI,Entered in AI,Inbox,yes,AI Needs Review;Entered in AI;AI HOLD;Entered with issues;AI Skipped 2;AI Skipped,not restored,,AAMkAGQyODM5ZWI1LTQ0NDAtNDZiOS1hYTIzLTdjOGM3NDRlNjQ4MgBGAAAAAAAggjN_BHG4TI2Iz-JKRqfaBwDXcyWbp23lSoY0i7GBv6N_AAAAAAEMAADXcyWbp23lSoY0i7GBv6N_AAOdIDLEAAA=,Move back to Inbox; clear Entered in AI
N162,Not restored,2026-09-21 08:57,2026-09-21T13:57:36Z,Syspro,"Last chance: the future of AP for Syspro with Traild, 22 September 📅","Last chance: the future of AP for Syspro with Traild, 22 September 📅",,Inbox,Inbox,AAMkAGQyODM5ZWI1LTQ0NDAtNDZiOS1hYTIzLTdjOGM3NDRlNjQ4MgAuAAAAAAAggjN_BHG4TI2Iz-JKRqfaAQDXcyWbp23lSoY0i7GBv6N_AAAAAAEMAAA=,9 - FORT WORTH ARCHIVE,AI Skipped 2,AI Skipped 2,Inbox,yes,AI Needs Review;Entered in AI;AI HOLD;Entered with issues;AI Skipped 2;AI Skipped,not restored,,AAMkAGQyODM5ZWI1LTQ0NDAtNDZiOS1hYTIzLTdjOGM3NDRlNjQ4MgBGAAAAAAAggjN_BHG4TI2Iz-JKRqfaBwDXcyWbp23lSoY0i7GBv6N_AAAAAAEMAADXcyWbp23lSoY0i7GBv6N_AAOeCmQZAAA=,Move back to Inbox; clear AI Skipped 2
N163,Not restored,2026-09-21 10:12,2026-09-21T15:12:59Z,O'Neal Steel - Dallas (GP),ORDER PENDING PAYMENT STATUS - PLEASE ADVISE BUYER - 14748440,ORDER PENDING PAYMENT STATUS - PLEASE ADVISE BUYER - 14748440,15398467 | 15398891 | 15399796 | 15400210 | 15401860 | 15402415 | 15402927 | 15403449 | 15406239 | 15407157 | 15408130 | 15409280 | 15409416 | 15411914 | 15412969 | 15415288 | 15439109 | 15447737 | 15455556 | 15464367,Inbox,Inbox,AAMkAGQyODM5ZWI1LTQ0NDAtNDZiOS1hYTIzLTdjOGM3NDRlNjQ4MgAuAAAAAAAggjN_BHG4TI2Iz-JKRqfaAQDXcyWbp23lSoY0i7GBv6N_AAAAAAEMAAA=,9 - FORT WORTH ARCHIVE,Entered in AI,Entered in AI,Inbox,yes,AI Needs Review;Entered in AI;AI HOLD;Entered with issues;AI Skipped 2;AI Skipped,not restored,,AAMkAGQyODM5ZWI1LTQ0NDAtNDZiOS1hYTIzLTdjOGM3NDRlNjQ4MgBGAAAAAAAggjN_BHG4TI2Iz-JKRqfaBwDXcyWbp23lSoY0i7GBv6N_AAAAAAEMAADXcyWbp23lSoY0i7GBv6N_AAOeCmQeAAA=,Move back to Inbox; clear Entered in AI
N164,Not restored,2026-09-21 10:29,2026-09-21T15:29:45Z,Lorena De La Torre,Updating the shipment for kannon,Updating the shipment for kannon,,Inbox,Inbox,AAMkAGQyODM5ZWI1LTQ0NDAtNDZiOS1hYTIzLTdjOGM3NDRlNjQ4MgAuAAAAAAAggjN_BHG4TI2Iz-JKRqfaAQDXcyWbp23lSoY0i7GBv6N_AAAAAAEMAAA=,9 - FORT WORTH ARCHIVE,AI Skipped 2,AI Skipped 2,Inbox,yes,AI Needs Review;Entered in AI;AI HOLD;Entered with issues;AI Skipped 2;AI Skipped,not restored,,AAMkAGQyODM5ZWI1LTQ0NDAtNDZiOS1hYTIzLTdjOGM3NDRlNjQ4MgBGAAAAAAAggjN_BHG4TI2Iz-JKRqfaBwDXcyWbp23lSoY0i7GBv6N_AAAAAAEMAADXcyWbp23lSoY0i7GBv6N_AAOeCmQgAAA=,Move back to Inbox; clear AI Skipped 2
N165,Not restored,2026-09-21 12:46,2026-09-21T17:46:16Z,Engie Resources Billing,Notice - Engie Payment was successfully charged,Notice - Engie Payment was successfully charged,,Inbox,Inbox,AAMkAGQyODM5ZWI1LTQ0NDAtNDZiOS1hYTIzLTdjOGM3NDRlNjQ4MgAuAAAAAAAggjN_BHG4TI2Iz-JKRqfaAQDXcyWbp23lSoY0i7GBv6N_AAAAAAEMAAA=,9 - FORT WORTH ARCHIVE,AI Skipped 2,AI Skipped 2,Inbox,yes,AI Needs Review;Entered in AI;AI HOLD;Entered with issues;AI Skipped 2;AI Skipped,not restored,,AAMkAGQyODM5ZWI1LTQ0NDAtNDZiOS1hYTIzLTdjOGM3NDRlNjQ4MgBGAAAAAAAggjN_BHG4TI2Iz-JKRqfaBwDXcyWbp23lSoY0i7GBv6N_AAAAAAEMAADXcyWbp23lSoY0i7GBv6N_AAOeCmQlAAA=,Move back to Inbox; clear AI Skipped 2
N166,Not restored,2026-09-21 13:32,2026-09-21T18:32:11Z,Ally Auto,Your Ally billing statement is available,Your Ally billing statement is available,,Inbox,Inbox,AAMkAGQyODM5ZWI1LTQ0NDAtNDZiOS1hYTIzLTdjOGM3NDRlNjQ4MgAuAAAAAAAggjN_BHG4TI2Iz-JKRqfaAQDXcyWbp23lSoY0i7GBv6N_AAAAAAEMAAA=,9 - FORT WORTH ARCHIVE,AI Skipped 2,AI Skipped 2,Inbox,yes,AI Needs Review;Entered in AI;AI HOLD;Entered with issues;AI Skipped 2;AI Skipped,not restored,,AAMkAGQyODM5ZWI1LTQ0NDAtNDZiOS1hYTIzLTdjOGM3NDRlNjQ4MgBGAAAAAAAggjN_BHG4TI2Iz-JKRqfaBwDXcyWbp23lSoY0i7GBv6N_AAAAAAEMAADXcyWbp23lSoY0i7GBv6N_AAOeCmQmAAA=,Move back to Inbox; clear AI Skipped 2
N167,Not restored,2026-09-21 13:49,2026-09-21T18:49:37Z,"Please Pay Upon Receipt Kannon Manufacturing, Inc",,,,Inbox,Inbox,AAMkAGQyODM5ZWI1LTQ0NDAtNDZiOS1hYTIzLTdjOGM3NDRlNjQ4MgAuAAAAAAAggjN_BHG4TI2Iz-JKRqfaAQDXcyWbp23lSoY0i7GBv6N_AAAAAAEMAAA=,9 - FORT WORTH ARCHIVE,AI Skipped 2,AI Skipped 2,Inbox,yes,AI Needs Review;Entered in AI;AI HOLD;Entered with issues;AI Skipped 2;AI Skipped,not restored,,AAMkAGQyODM5ZWI1LTQ0NDAtNDZiOS1hYTIzLTdjOGM3NDRlNjQ4MgBGAAAAAAAggjN_BHG4TI2Iz-JKRqfaBwDXcyWbp23lSoY0i7GBv6N_AAAAAAEMAADXcyWbp23lSoY0i7GBv6N_AAOeCmQnAAA=,Move back to Inbox; clear AI Skipped 2
N168,Not restored,2026-09-21 13:59,2026-09-21T18:59:20Z,Legacy Wire Products,,,PS-INV104046,Inbox,Inbox,AAMkAGQyODM5ZWI1LTQ0NDAtNDZiOS1hYTIzLTdjOGM3NDRlNjQ4MgAuAAAAAAAggjN_BHG4TI2Iz-JKRqfaAQDXcyWbp23lSoY0i7GBv6N_AAAAAAEMAAA=,9 - FORT WORTH ARCHIVE,Entered in AI,Entered in AI,Inbox,yes,AI Needs Review;Entered in AI;AI HOLD;Entered with issues;AI Skipped 2;AI Skipped,not restored,,AAMkAGQyODM5ZWI1LTQ0NDAtNDZiOS1hYTIzLTdjOGM3NDRlNjQ4MgBGAAAAAAAggjN_BHG4TI2Iz-JKRqfaBwDXcyWbp23lSoY0i7GBv6N_AAAAAAEMAADXcyWbp23lSoY0i7GBv6N_AAOeCmQpAAA=,Move back to Inbox; clear Entered in AI
N169,Not restored,2026-09-21 15:57,2026-09-21T20:57:04Z,3P,,,142421,9 - FORT WORTH ARCHIVE,9 - FORT WORTH ARCHIVE,AAMkAGQyODM5ZWI1LTQ0NDAtNDZiOS1hYTIzLTdjOGM3NDRlNjQ4MgAuAAAAAAAggjN_BHG4TI2Iz-JKRqfaAQDXcyWbp23lSoY0i7GBv6N_AACDH-y1AAA=,9 - FORT WORTH ARCHIVE,Entered in AI,Entered in AI,9 - FORT WORTH ARCHIVE,no,AI Needs Review;Entered in AI;AI HOLD;Entered with issues;AI Skipped 2;AI Skipped,not restored,,AAMkAGQyODM5ZWI1LTQ0NDAtNDZiOS1hYTIzLTdjOGM3NDRlNjQ4MgBGAAAAAAAggjN_BHG4TI2Iz-JKRqfaBwDXcyWbp23lSoY0i7GBv6N_AACDH-y1AADXcyWbp23lSoY0i7GBv6N_AAOfybzoAAA=,Leave in FW; clear Entered in AI
N170,Not restored,2026-09-22 08:00,2026-09-22T13:00:24Z,COFW,City of Fort Worth -  Payment Received,City of Fort Worth -  Payment Received,,Inbox,Inbox,AAMkAGQyODM5ZWI1LTQ0NDAtNDZiOS1hYTIzLTdjOGM3NDRlNjQ4MgAuAAAAAAAggjN_BHG4TI2Iz-JKRqfaAQDXcyWbp23lSoY0i7GBv6N_AAAAAAEMAAA=,9 - FORT WORTH ARCHIVE,AI Skipped 2,AI Skipped 2,Inbox,yes,AI Needs Review;Entered in AI;AI HOLD;Entered with issues;AI Skipped 2;AI Skipped,not restored,,AAMkAGQyODM5ZWI1LTQ0NDAtNDZiOS1hYTIzLTdjOGM3NDRlNjQ4MgBGAAAAAAAggjN_BHG4TI2Iz-JKRqfaBwDXcyWbp23lSoY0i7GBv6N_AAAAAAEMAADXcyWbp23lSoY0i7GBv6N_AAOe0RFsAAA=,Move back to Inbox; clear AI Skipped 2
N171,Not restored,2026-09-22 08:04,2026-09-22T13:04:25Z,Lorena De La Torre,Kannon forgot to send the shipment paper sign,Kannon forgot to send the shipment paper sign,,Inbox,Inbox,AAMkAGQyODM5ZWI1LTQ0NDAtNDZiOS1hYTIzLTdjOGM3NDRlNjQ4MgAuAAAAAAAggjN_BHG4TI2Iz-JKRqfaAQDXcyWbp23lSoY0i7GBv6N_AAAAAAEMAAA=,9 - FORT WORTH ARCHIVE,AI Skipped 2,AI Skipped 2,Inbox,yes,AI Needs Review;Entered in AI;AI HOLD;Entered with issues;AI Skipped 2;AI Skipped,not restored,,AAMkAGQyODM5ZWI1LTQ0NDAtNDZiOS1hYTIzLTdjOGM3NDRlNjQ4MgBGAAAAAAAggjN_BHG4TI2Iz-JKRqfaBwDXcyWbp23lSoY0i7GBv6N_AAAAAAEMAADXcyWbp23lSoY0i7GBv6N_AAOe0RFtAAA=,Move back to Inbox; clear AI Skipped 2
N172,Not restored,2026-09-22 08:58,2026-09-22T13:58:43Z,Legacy Wire Products,,,PS-INV104051,Inbox,Inbox,AAMkAGQyODM5ZWI1LTQ0NDAtNDZiOS1hYTIzLTdjOGM3NDRlNjQ4MgAuAAAAAAAggjN_BHG4TI2Iz-JKRqfaAQDXcyWbp23lSoY0i7GBv6N_AAAAAAEMAAA=,9 - FORT WORTH ARCHIVE,Entered in AI,Entered in AI,Inbox,yes,AI Needs Review;Entered in AI;AI HOLD;Entered with issues;AI Skipped 2;AI Skipped,not restored,,AAMkAGQyODM5ZWI1LTQ0NDAtNDZiOS1hYTIzLTdjOGM3NDRlNjQ4MgBGAAAAAAAggjN_BHG4TI2Iz-JKRqfaBwDXcyWbp23lSoY0i7GBv6N_AAAAAAEMAADXcyWbp23lSoY0i7GBv6N_AAOe0RFuAAA=,Move back to Inbox; clear Entered in AI
N173,Not restored,2026-09-22 08:59,2026-09-22T13:59:48Z,Colonial Life,Save time with AutoPay ,Save time with AutoPay ,,Inbox,Inbox,AAMkAGQyODM5ZWI1LTQ0NDAtNDZiOS1hYTIzLTdjOGM3NDRlNjQ4MgAuAAAAAAAggjN_BHG4TI2Iz-JKRqfaAQDXcyWbp23lSoY0i7GBv6N_AAAAAAEMAAA=,AutoPay Archive,AI Skipped,AI Skipped,Inbox,yes,AI Needs Review;Entered in AI;AI HOLD;Entered with issues;AI Skipped 2;AI Skipped,not restored,,AAMkAGQyODM5ZWI1LTQ0NDAtNDZiOS1hYTIzLTdjOGM3NDRlNjQ4MgBGAAAAAAAggjN_BHG4TI2Iz-JKRqfaBwDXcyWbp23lSoY0i7GBv6N_AAAAAAEMAADXcyWbp23lSoY0i7GBv6N_AAOe0RFvAAA=,Move back to Inbox; clear AI Skipped
N174,Not restored,2026-09-22 12:47,2026-09-22T17:47:33Z,ar@onealsteel.com,Payment Confirmation,Payment Confirmation,,Inbox,Inbox,AAMkAGQyODM5ZWI1LTQ0NDAtNDZiOS1hYTIzLTdjOGM3NDRlNjQ4MgAuAAAAAAAggjN_BHG4TI2Iz-JKRqfaAQDXcyWbp23lSoY0i7GBv6N_AAAAAAEMAAA=,9 - FORT WORTH ARCHIVE,AI Skipped 2,AI Skipped 2,Inbox,yes,AI Needs Review;Entered in AI;AI HOLD;Entered with issues;AI Skipped 2;AI Skipped,not restored,,AAMkAGQyODM5ZWI1LTQ0NDAtNDZiOS1hYTIzLTdjOGM3NDRlNjQ4MgBGAAAAAAAggjN_BHG4TI2Iz-JKRqfaBwDXcyWbp23lSoY0i7GBv6N_AAAAAAEMAADXcyWbp23lSoY0i7GBv6N_AAOe0RF5AAA=,Move back to Inbox; clear AI Skipped 2
N175,Not restored,2026-09-22 14:24,2026-09-22T19:24:13Z,O'Neal Steel - Dallas (GP),"Fw: [EXTERNAL]Fw: [EXTERNAL]Re: [EXTERNAL]Fw: 3/8"" 60 x 96 A36  WO 35007.17 ","Fw: [EXTERNAL]Fw: [EXTERNAL]Re: [EXTERNAL]Fw: 3/8"" 60 x 96 A36  WO 35007.17 ",15398467 | 15398891 | 15399796 | 15400210 | 15401860 | 15402415 | 15402927 | 15403449 | 15406239 | 15407157 | 15408130 | 15409280 | 15409416 | 15411914 | 15412969 | 15415288 | 15415889 | 15416408 | 15439109 | 15447737 | 15455556 | 15464367,Inbox,Inbox,AAMkAGQyODM5ZWI1LTQ0NDAtNDZiOS1hYTIzLTdjOGM3NDRlNjQ4MgAuAAAAAAAggjN_BHG4TI2Iz-JKRqfaAQDXcyWbp23lSoY0i7GBv6N_AAAAAAEMAAA=,9 - FORT WORTH ARCHIVE,Entered in AI,Entered in AI,Inbox,yes,AI Needs Review;Entered in AI;AI HOLD;Entered with issues;AI Skipped 2;AI Skipped,not restored,,AAMkAGQyODM5ZWI1LTQ0NDAtNDZiOS1hYTIzLTdjOGM3NDRlNjQ4MgBGAAAAAAAggjN_BHG4TI2Iz-JKRqfaBwDXcyWbp23lSoY0i7GBv6N_AAAAAAEMAADXcyWbp23lSoY0i7GBv6N_AAOe0RF6AAA=,Move back to Inbox; clear Entered in AI
N176,Not restored,2026-09-22 14:47,2026-09-22T19:47:40Z,Jim Saxon,Past Due,Past Due,,Inbox,Inbox,AAMkAGQyODM5ZWI1LTQ0NDAtNDZiOS1hYTIzLTdjOGM3NDRlNjQ4MgAuAAAAAAAggjN_BHG4TI2Iz-JKRqfaAQDXcyWbp23lSoY0i7GBv6N_AAAAAAEMAAA=,9 - FORT WORTH ARCHIVE,AI Skipped 2,AI Skipped 2,Inbox,yes,AI Needs Review;Entered in AI;AI HOLD;Entered with issues;AI Skipped 2;AI Skipped,not restored,,AAMkAGQyODM5ZWI1LTQ0NDAtNDZiOS1hYTIzLTdjOGM3NDRlNjQ4MgBGAAAAAAAggjN_BHG4TI2Iz-JKRqfaBwDXcyWbp23lSoY0i7GBv6N_AAAAAAEMAADXcyWbp23lSoY0i7GBv6N_AAOe0RF8AAA=,Move back to Inbox; clear AI Skipped 2
N177,Not restored,2026-09-22 15:13,2026-09-22T20:13:05Z,Shawn McKibben,Fw: Past Due,Fw: Past Due,,Inbox,Inbox,AAMkAGQyODM5ZWI1LTQ0NDAtNDZiOS1hYTIzLTdjOGM3NDRlNjQ4MgAuAAAAAAAggjN_BHG4TI2Iz-JKRqfaAQDXcyWbp23lSoY0i7GBv6N_AAAAAAEMAAA=,9 - FORT WORTH ARCHIVE,AI Skipped 2,AI Skipped 2,Inbox,yes,AI Needs Review;Entered in AI;AI HOLD;Entered with issues;AI Skipped 2;AI Skipped,not restored,,AAMkAGQyODM5ZWI1LTQ0NDAtNDZiOS1hYTIzLTdjOGM3NDRlNjQ4MgBGAAAAAAAggjN_BHG4TI2Iz-JKRqfaBwDXcyWbp23lSoY0i7GBv6N_AAAAAAEMAADXcyWbp23lSoY0i7GBv6N_AAOe0RF9AAA=,Move back to Inbox; clear AI Skipped 2
N178,Not restored,2026-09-22 16:25,2026-09-22T21:25:41Z,Erica Barrett,Past Due Notice - 631,Past Due Notice - 631,,Inbox,Inbox,AAMkAGQyODM5ZWI1LTQ0NDAtNDZiOS1hYTIzLTdjOGM3NDRlNjQ4MgAuAAAAAAAggjN_BHG4TI2Iz-JKRqfaAQDXcyWbp23lSoY0i7GBv6N_AAAAAAEMAAA=,9 - FORT WORTH ARCHIVE,AI Skipped 2,AI Skipped 2,Inbox,yes,AI Needs Review;Entered in AI;AI HOLD;Entered with issues;AI Skipped 2;AI Skipped,not restored,,AAMkAGQyODM5ZWI1LTQ0NDAtNDZiOS1hYTIzLTdjOGM3NDRlNjQ4MgBGAAAAAAAggjN_BHG4TI2Iz-JKRqfaBwDXcyWbp23lSoY0i7GBv6N_AAAAAAEMAADXcyWbp23lSoY0i7GBv6N_AAOe0RF_AAA=,Move back to Inbox; clear AI Skipped 2
N179,Not restored,2026-09-22 20:28,2026-09-23T01:28:47Z,Tejas Transportation,,,523861,Inbox,Inbox,AAMkAGQyODM5ZWI1LTQ0NDAtNDZiOS1hYTIzLTdjOGM3NDRlNjQ4MgAuAAAAAAAggjN_BHG4TI2Iz-JKRqfaAQDXcyWbp23lSoY0i7GBv6N_AAAAAAEMAAA=,9 - FORT WORTH ARCHIVE,Entered in AI,Entered in AI,Inbox,yes,AI Needs Review;Entered in AI;AI HOLD;Entered with issues;AI Skipped 2;AI Skipped,not restored,,AAMkAGQyODM5ZWI1LTQ0NDAtNDZiOS1hYTIzLTdjOGM3NDRlNjQ4MgBGAAAAAAAggjN_BHG4TI2Iz-JKRqfaBwDXcyWbp23lSoY0i7GBv6N_AAAAAAEMAADXcyWbp23lSoY0i7GBv6N_AAOe0RF-AAA=,Move back to Inbox; clear Entered in AI
N180,Not restored,2026-09-23 08:22,2026-09-23T13:22:22Z,COFW,City of Fort Worth -  Payment Received,City of Fort Worth -  Payment Received,,Inbox,Inbox,AAMkAGQyODM5ZWI1LTQ0NDAtNDZiOS1hYTIzLTdjOGM3NDRlNjQ4MgAuAAAAAAAggjN_BHG4TI2Iz-JKRqfaAQDXcyWbp23lSoY0i7GBv6N_AAAAAAEMAAA=,9 - FORT WORTH ARCHIVE,AI Skipped 2,AI Skipped 2,Inbox,yes,AI Needs Review;Entered in AI;AI HOLD;Entered with issues;AI Skipped 2;AI Skipped,not restored,,AAMkAGQyODM5ZWI1LTQ0NDAtNDZiOS1hYTIzLTdjOGM3NDRlNjQ4MgBGAAAAAAAggjN_BHG4TI2Iz-JKRqfaBwDXcyWbp23lSoY0i7GBv6N_AAAAAAEMAADXcyWbp23lSoY0i7GBv6N_AAOe0RGLAAA=,Move back to Inbox; clear AI Skipped 2
N181,Not restored,2026-09-23 14:06,2026-09-23T19:06:38Z,Jon Washburn,Re: NOTICE OF PAYMENT DUE for KANNON MANUFACTURING INC - TXH-F22041 - HIGGINBOTHAM - FORT WORTH - 9/2/2026 - Imperial PFS® Forms/Letters.,Re: NOTICE OF PAYMENT DUE for KANNON MANUFACTURING INC - TXH-F22041 - HIGGINBOTHAM - FORT WORTH - 9/2/2026 - Imperial PFS® Forms/Letters.,,Inbox,Inbox,AAMkAGQyODM5ZWI1LTQ0NDAtNDZiOS1hYTIzLTdjOGM3NDRlNjQ4MgAuAAAAAAAggjN_BHG4TI2Iz-JKRqfaAQDXcyWbp23lSoY0i7GBv6N_AAAAAAEMAAA=,9 - FORT WORTH ARCHIVE,AI Skipped 2,AI Skipped 2,Inbox,yes,AI Needs Review;Entered in AI;AI HOLD;Entered with issues;AI Skipped 2;AI Skipped,not restored,,AAMkAGQyODM5ZWI1LTQ0NDAtNDZiOS1hYTIzLTdjOGM3NDRlNjQ4MgBGAAAAAAAggjN_BHG4TI2Iz-JKRqfaBwDXcyWbp23lSoY0i7GBv6N_AAAAAAEMAADXcyWbp23lSoY0i7GBv6N_AAOfmEbZAAA=,Move back to Inbox; clear AI Skipped 2
N182,Not restored,2026-09-23 14:44,2026-09-23T19:44:09Z,Xcaliber Industrial LLC,Statement from Xcaliber Industrial LLC,Statement from Xcaliber Industrial LLC,,Inbox,Inbox,AAMkAGQyODM5ZWI1LTQ0NDAtNDZiOS1hYTIzLTdjOGM3NDRlNjQ4MgAuAAAAAAAggjN_BHG4TI2Iz-JKRqfaAQDXcyWbp23lSoY0i7GBv6N_AAAAAAEMAAA=,9 - FORT WORTH ARCHIVE,AI Skipped 2,AI Skipped 2,Inbox,yes,AI Needs Review;Entered in AI;AI HOLD;Entered with issues;AI Skipped 2;AI Skipped,not restored,,AAMkAGQyODM5ZWI1LTQ0NDAtNDZiOS1hYTIzLTdjOGM3NDRlNjQ4MgBGAAAAAAAggjN_BHG4TI2Iz-JKRqfaBwDXcyWbp23lSoY0i7GBv6N_AAAAAAEMAADXcyWbp23lSoY0i7GBv6N_AAOfmEbaAAA=,Move back to Inbox; clear AI Skipped 2
N183,Not restored,2026-09-23 15:05,2026-09-23T20:05:46Z,Treyce Wegmann,RE: A. M. Castle & Co. Payment Inquiry: KANNON MFG INC-FT WORTH #32279,RE: A. M. Castle & Co. Payment Inquiry: KANNON MFG INC-FT WORTH #32279,,Inbox,Inbox,AAMkAGQyODM5ZWI1LTQ0NDAtNDZiOS1hYTIzLTdjOGM3NDRlNjQ4MgAuAAAAAAAggjN_BHG4TI2Iz-JKRqfaAQDXcyWbp23lSoY0i7GBv6N_AAAAAAEMAAA=,9 - FORT WORTH ARCHIVE,AI Skipped 2,AI Skipped 2,Inbox,yes,AI Needs Review;Entered in AI;AI HOLD;Entered with issues;AI Skipped 2;AI Skipped,not restored,,AAMkAGQyODM5ZWI1LTQ0NDAtNDZiOS1hYTIzLTdjOGM3NDRlNjQ4MgBGAAAAAAAggjN_BHG4TI2Iz-JKRqfaBwDXcyWbp23lSoY0i7GBv6N_AAAAAAEMAADXcyWbp23lSoY0i7GBv6N_AAOfmEbcAAA=,Move back to Inbox; clear AI Skipped 2
N184,Not restored,2026-09-23 16:59,2026-09-23T21:59:28Z,O'Neal Steel - Dallas (GP),ORDER PENDING PAYMENT STATUS - PLEASE ADVISE BUYER - 14748440,ORDER PENDING PAYMENT STATUS - PLEASE ADVISE BUYER - 14748440,15406239 | 15407157 | 15408130 | 15409280 | 15409416 | 15411914 | 15412969 | 15415288 | 15415889 | 15416408 | 15439230 | 15478871,Inbox,Inbox,AAMkAGQyODM5ZWI1LTQ0NDAtNDZiOS1hYTIzLTdjOGM3NDRlNjQ4MgAuAAAAAAAggjN_BHG4TI2Iz-JKRqfaAQDXcyWbp23lSoY0i7GBv6N_AAAAAAEMAAA=,9 - FORT WORTH ARCHIVE,Entered with issues,Entered with issues,Inbox,yes,AI Needs Review;Entered in AI;AI HOLD;Entered with issues;AI Skipped 2;AI Skipped,not restored,,AAMkAGQyODM5ZWI1LTQ0NDAtNDZiOS1hYTIzLTdjOGM3NDRlNjQ4MgBGAAAAAAAggjN_BHG4TI2Iz-JKRqfaBwDXcyWbp23lSoY0i7GBv6N_AAAAAAEMAADXcyWbp23lSoY0i7GBv6N_AAOfmEbfAAA=,Move back to Inbox; clear Entered with issues
N185,Not restored,2026-09-23 21:48,2026-09-24T02:48:29Z,Kyle Cleaver,Re: NOTICE OF INTENT TO CANCEL for KANNON MANUFACTURING INC - TXH-F22041 - HIGGINBOTHAM - FORT WORTH - 8/27/2026 - Imperial PFS® Forms/Letters.,Re: NOTICE OF INTENT TO CANCEL for KANNON MANUFACTURING INC - TXH-F22041 - HIGGINBOTHAM - FORT WORTH - 8/27/2026 - Imperial PFS® Forms/Letters.,,Inbox,Inbox,AAMkAGQyODM5ZWI1LTQ0NDAtNDZiOS1hYTIzLTdjOGM3NDRlNjQ4MgAuAAAAAAAggjN_BHG4TI2Iz-JKRqfaAQDXcyWbp23lSoY0i7GBv6N_AAAAAAEMAAA=,9 - FORT WORTH ARCHIVE,AI Skipped 2,AI Skipped 2,Inbox,yes,AI Needs Review;Entered in AI;AI HOLD;Entered with issues;AI Skipped 2;AI Skipped,not restored,,AAMkAGQyODM5ZWI1LTQ0NDAtNDZiOS1hYTIzLTdjOGM3NDRlNjQ4MgBGAAAAAAAggjN_BHG4TI2Iz-JKRqfaBwDXcyWbp23lSoY0i7GBv6N_AAAAAAEMAADXcyWbp23lSoY0i7GBv6N_AAOfyZ93AAA=,Move back to Inbox; clear AI Skipped 2
N186,Not restored,2026-09-24 08:32,2026-09-24T13:32:42Z,Matt Maurer,Re: NOTICE OF INTENT TO CANCEL for KANNON MANUFACTURING INC - TXH-F22041 - HIGGINBOTHAM - FORT WORTH - 8/27/2026 - Imperial PFS® Forms/Letters.,Re: NOTICE OF INTENT TO CANCEL for KANNON MANUFACTURING INC - TXH-F22041 - HIGGINBOTHAM - FORT WORTH - 8/27/2026 - Imperial PFS® Forms/Letters.,,Inbox,Inbox,AAMkAGQyODM5ZWI1LTQ0NDAtNDZiOS1hYTIzLTdjOGM3NDRlNjQ4MgAuAAAAAAAggjN_BHG4TI2Iz-JKRqfaAQDXcyWbp23lSoY0i7GBv6N_AAAAAAEMAAA=,9 - FORT WORTH ARCHIVE,AI Skipped 2,AI Skipped 2,Inbox,yes,AI Needs Review;Entered in AI;AI HOLD;Entered with issues;AI Skipped 2;AI Skipped,not restored,,AAMkAGQyODM5ZWI1LTQ0NDAtNDZiOS1hYTIzLTdjOGM3NDRlNjQ4MgBGAAAAAAAggjN_BHG4TI2Iz-JKRqfaBwDXcyWbp23lSoY0i7GBv6N_AAAAAAEMAADXcyWbp23lSoY0i7GBv6N_AAOfyZ9-AAA=,Move back to Inbox; clear AI Skipped 2
N187,Not restored,2026-09-24 08:37,2026-09-24T13:37:29Z,Crosslink Powder Coating of Texas,"Friendly payment reminder, as your account with us now appears as past due","Friendly payment reminder, as your account with us now appears as past due",,Inbox,Inbox,AAMkAGQyODM5ZWI1LTQ0NDAtNDZiOS1hYTIzLTdjOGM3NDRlNjQ4MgAuAAAAAAAggjN_BHG4TI2Iz-JKRqfaAQDXcyWbp23lSoY0i7GBv6N_AAAAAAEMAAA=,9 - FORT WORTH ARCHIVE,AI Skipped 2,AI Skipped 2,Inbox,yes,AI Needs Review;Entered in AI;AI HOLD;Entered with issues;AI Skipped 2;AI Skipped,not restored,,AAMkAGQyODM5ZWI1LTQ0NDAtNDZiOS1hYTIzLTdjOGM3NDRlNjQ4MgBGAAAAAAAggjN_BHG4TI2Iz-JKRqfaBwDXcyWbp23lSoY0i7GBv6N_AAAAAAEMAADXcyWbp23lSoY0i7GBv6N_AAOfyZ_AAAA=,Move back to Inbox; clear AI Skipped 2
N188,Not restored,2026-09-24 08:37,2026-09-24T13:37:32Z,Crosslink Powder Coating of Texas,"Friendly payment reminder, as your account with us now appears as past due","Friendly payment reminder, as your account with us now appears as past due",,Inbox,Inbox,AAMkAGQyODM5ZWI1LTQ0NDAtNDZiOS1hYTIzLTdjOGM3NDRlNjQ4MgAuAAAAAAAggjN_BHG4TI2Iz-JKRqfaAQDXcyWbp23lSoY0i7GBv6N_AAAAAAEMAAA=,9 - FORT WORTH ARCHIVE,AI Skipped 2,AI Skipped 2,Inbox,yes,AI Needs Review;Entered in AI;AI HOLD;Entered with issues;AI Skipped 2;AI Skipped,not restored,,AAMkAGQyODM5ZWI1LTQ0NDAtNDZiOS1hYTIzLTdjOGM3NDRlNjQ4MgBGAAAAAAAggjN_BHG4TI2Iz-JKRqfaBwDXcyWbp23lSoY0i7GBv6N_AAAAAAEMAADXcyWbp23lSoY0i7GBv6N_AAOfyZ_BAAA=,Move back to Inbox; clear AI Skipped 2
N189,Not restored,2026-09-24 08:37,2026-09-24T13:37:37Z,Crosslink Powder Coating of Texas,"Friendly payment reminder, as your account with us now appears as past due","Friendly payment reminder, as your account with us now appears as past due",,Inbox,Inbox,AAMkAGQyODM5ZWI1LTQ0NDAtNDZiOS1hYTIzLTdjOGM3NDRlNjQ4MgAuAAAAAAAggjN_BHG4TI2Iz-JKRqfaAQDXcyWbp23lSoY0i7GBv6N_AAAAAAEMAAA=,9 - FORT WORTH ARCHIVE,AI Skipped 2,AI Skipped 2,Inbox,yes,AI Needs Review;Entered in AI;AI HOLD;Entered with issues;AI Skipped 2;AI Skipped,not restored,,AAMkAGQyODM5ZWI1LTQ0NDAtNDZiOS1hYTIzLTdjOGM3NDRlNjQ4MgBGAAAAAAAggjN_BHG4TI2Iz-JKRqfaBwDXcyWbp23lSoY0i7GBv6N_AAAAAAEMAADXcyWbp23lSoY0i7GBv6N_AAOfyZ_CAAA=,Move back to Inbox; clear AI Skipped 2
N190,Not restored,2026-09-24 11:23,2026-09-24T16:23:53Z,AR Dept,Past Due Invoice(s) - 17566 - Kannon Manufacturing Inc,Past Due Invoice(s) - 17566 - Kannon Manufacturing Inc,,Inbox,Inbox,AAMkAGQyODM5ZWI1LTQ0NDAtNDZiOS1hYTIzLTdjOGM3NDRlNjQ4MgAuAAAAAAAggjN_BHG4TI2Iz-JKRqfaAQDXcyWbp23lSoY0i7GBv6N_AAAAAAEMAAA=,9 - FORT WORTH ARCHIVE,AI Skipped 2,AI Skipped 2,Inbox,yes,AI Needs Review;Entered in AI;AI HOLD;Entered with issues;AI Skipped 2;AI Skipped,not restored,,AAMkAGQyODM5ZWI1LTQ0NDAtNDZiOS1hYTIzLTdjOGM3NDRlNjQ4MgBGAAAAAAAggjN_BHG4TI2Iz-JKRqfaBwDXcyWbp23lSoY0i7GBv6N_AAAAAAEMAADXcyWbp23lSoY0i7GBv6N_AAOfyZ_GAAA=,Move back to Inbox; clear AI Skipped 2
N191,Not restored,2026-09-24 17:04,2026-09-24T22:04:32Z,Fastenal Company,,,TXFT4100045,Inbox,Inbox,AAMkAGQyODM5ZWI1LTQ0NDAtNDZiOS1hYTIzLTdjOGM3NDRlNjQ4MgAuAAAAAAAggjN_BHG4TI2Iz-JKRqfaAQDXcyWbp23lSoY0i7GBv6N_AAAAAAEMAAA=,9 - FORT WORTH ARCHIVE,AI Skipped 2,AI Skipped 2,Inbox,yes,AI Needs Review;Entered in AI;AI HOLD;Entered with issues;AI Skipped 2;AI Skipped,not restored,,AAMkAGQyODM5ZWI1LTQ0NDAtNDZiOS1hYTIzLTdjOGM3NDRlNjQ4MgBGAAAAAAAggjN_BHG4TI2Iz-JKRqfaBwDXcyWbp23lSoY0i7GBv6N_AAAAAAEMAADXcyWbp23lSoY0i7GBv6N_AAOfyZ_SAAA=,Move back to Inbox; clear AI Skipped 2
N192,Not restored,2026-09-24 17:08,2026-09-24T22:08:06Z,Shawn McKibben,Re: Fastenal Past due,Re: Fastenal Past due,,Inbox,Inbox,AAMkAGQyODM5ZWI1LTQ0NDAtNDZiOS1hYTIzLTdjOGM3NDRlNjQ4MgAuAAAAAAAggjN_BHG4TI2Iz-JKRqfaAQDXcyWbp23lSoY0i7GBv6N_AAAAAAEMAAA=,9 - FORT WORTH ARCHIVE,AI Skipped 2,AI Skipped 2,Inbox,yes,AI Needs Review;Entered in AI;AI HOLD;Entered with issues;AI Skipped 2;AI Skipped,not restored,,AAMkAGQyODM5ZWI1LTQ0NDAtNDZiOS1hYTIzLTdjOGM3NDRlNjQ4MgBGAAAAAAAggjN_BHG4TI2Iz-JKRqfaBwDXcyWbp23lSoY0i7GBv6N_AAAAAAEMAADXcyWbp23lSoY0i7GBv6N_AAOfyZ_TAAA=,Move back to Inbox; clear AI Skipped 2
N193,Not restored,2026-09-25 09:14,2026-09-25T14:14:34Z,"Sullivan, Maria",RE: [EXTERNAL]Re: ORDER PENDING   14748440 KANNON MFG,RE: [EXTERNAL]Re: ORDER PENDING   14748440 KANNON MFG,,Inbox,Inbox,AAMkAGQyODM5ZWI1LTQ0NDAtNDZiOS1hYTIzLTdjOGM3NDRlNjQ4MgAuAAAAAAAggjN_BHG4TI2Iz-JKRqfaAQDXcyWbp23lSoY0i7GBv6N_AAAAAAEMAAA=,9 - FORT WORTH ARCHIVE,AI Skipped 2,AI Skipped 2,Inbox,yes,AI Needs Review;Entered in AI;AI HOLD;Entered with issues;AI Skipped 2;AI Skipped,not restored,,AAMkAGQyODM5ZWI1LTQ0NDAtNDZiOS1hYTIzLTdjOGM3NDRlNjQ4MgBGAAAAAAAggjN_BHG4TI2Iz-JKRqfaBwDXcyWbp23lSoY0i7GBv6N_AAAAAAEMAADXcyWbp23lSoY0i7GBv6N_AAOgzJjOAAA=,Move back to Inbox; clear AI Skipped 2
N194,Not restored,2026-09-25 11:07,2026-09-25T16:07:58Z,McMaster-Carr,,,65594812,Inbox,Inbox,AAMkAGQyODM5ZWI1LTQ0NDAtNDZiOS1hYTIzLTdjOGM3NDRlNjQ4MgAuAAAAAAAggjN_BHG4TI2Iz-JKRqfaAQDXcyWbp23lSoY0i7GBv6N_AAAAAAEMAAA=,9 - FORT WORTH ARCHIVE,Entered in AI,Entered in AI,Inbox,yes,AI Needs Review;Entered in AI;AI HOLD;Entered with issues;AI Skipped 2;AI Skipped,not restored,,AAMkAGQyODM5ZWI1LTQ0NDAtNDZiOS1hYTIzLTdjOGM3NDRlNjQ4MgBGAAAAAAAggjN_BHG4TI2Iz-JKRqfaBwDXcyWbp23lSoY0i7GBv6N_AAAAAAEMAADXcyWbp23lSoY0i7GBv6N_AAOgzJjTAAA=,Move back to Inbox; clear Entered in AI
N195,Not restored,2026-09-25 14:35,2026-09-25T19:35:11Z,Terry Regan,PAST DUE INVOICES,PAST DUE INVOICES,,Inbox,Inbox,AAMkAGQyODM5ZWI1LTQ0NDAtNDZiOS1hYTIzLTdjOGM3NDRlNjQ4MgAuAAAAAAAggjN_BHG4TI2Iz-JKRqfaAQDXcyWbp23lSoY0i7GBv6N_AAAAAAEMAAA=,9 - FORT WORTH ARCHIVE,AI Skipped 2,AI Skipped 2,Inbox,yes,AI Needs Review;Entered in AI;AI HOLD;Entered with issues;AI Skipped 2;AI Skipped,not restored,,AAMkAGQyODM5ZWI1LTQ0NDAtNDZiOS1hYTIzLTdjOGM3NDRlNjQ4MgBGAAAAAAAggjN_BHG4TI2Iz-JKRqfaBwDXcyWbp23lSoY0i7GBv6N_AAAAAAEMAADXcyWbp23lSoY0i7GBv6N_AAOgzJjhAAA=,Move back to Inbox; clear AI Skipped 2
N196,Not restored,2026-09-25 16:03,2026-09-25T21:03:27Z,Accounting,Past Due Statement Reminder - KANNON - 8/31/2026 12:00:00 AM,Past Due Statement Reminder - KANNON - 8/31/2026 12:00:00 AM,,Inbox,Inbox,AAMkAGQyODM5ZWI1LTQ0NDAtNDZiOS1hYTIzLTdjOGM3NDRlNjQ4MgAuAAAAAAAggjN_BHG4TI2Iz-JKRqfaAQDXcyWbp23lSoY0i7GBv6N_AAAAAAEMAAA=,9 - FORT WORTH ARCHIVE,AI Skipped 2,AI Skipped 2,Inbox,yes,AI Needs Review;Entered in AI;AI HOLD;Entered with issues;AI Skipped 2;AI Skipped,not restored,,AAMkAGQyODM5ZWI1LTQ0NDAtNDZiOS1hYTIzLTdjOGM3NDRlNjQ4MgBGAAAAAAAggjN_BHG4TI2Iz-JKRqfaBwDXcyWbp23lSoY0i7GBv6N_AAAAAAEMAADXcyWbp23lSoY0i7GBv6N_AAOgzJjkAAA=,Move back to Inbox; clear AI Skipped 2
N197,Not restored,2026-09-26 07:06,2026-09-26T12:06:12Z,ARNotifications@versalift.com,C06512 KANNON MANUFACTURING INC: Second Reminder - $187.50 due          Ref:0003112007,C06512 KANNON MANUFACTURING INC: Second Reminder - $187.50 due          Ref:0003112007,,Inbox,Inbox,AAMkAGQyODM5ZWI1LTQ0NDAtNDZiOS1hYTIzLTdjOGM3NDRlNjQ4MgAuAAAAAAAggjN_BHG4TI2Iz-JKRqfaAQDXcyWbp23lSoY0i7GBv6N_AAAAAAEMAAA=,9 - FORT WORTH ARCHIVE,AI Skipped 2,AI Skipped 2,Inbox,yes,AI Needs Review;Entered in AI;AI HOLD;Entered with issues;AI Skipped 2;AI Skipped,not restored,,AAMkAGQyODM5ZWI1LTQ0NDAtNDZiOS1hYTIzLTdjOGM3NDRlNjQ4MgBGAAAAAAAggjN_BHG4TI2Iz-JKRqfaBwDXcyWbp23lSoY0i7GBv6N_AAAAAAEMAADXcyWbp23lSoY0i7GBv6N_AAOgzJjsAAA=,Move back to Inbox; clear AI Skipped 2
N198,Not restored,2026-09-27 12:35,2026-09-27T17:35:30Z,Ally Auto,Reminder: 9/29/2026 is your scheduled payment date,Reminder: 9/29/2026 is your scheduled payment date,,Inbox,Inbox,AAMkAGQyODM5ZWI1LTQ0NDAtNDZiOS1hYTIzLTdjOGM3NDRlNjQ4MgAuAAAAAAAggjN_BHG4TI2Iz-JKRqfaAQDXcyWbp23lSoY0i7GBv6N_AAAAAAEMAAA=,9 - FORT WORTH ARCHIVE,AI Skipped 2,AI Skipped 2,Inbox,yes,AI Needs Review;Entered in AI;AI HOLD;Entered with issues;AI Skipped 2;AI Skipped,not restored,,AAMkAGQyODM5ZWI1LTQ0NDAtNDZiOS1hYTIzLTdjOGM3NDRlNjQ4MgBGAAAAAAAggjN_BHG4TI2Iz-JKRqfaBwDXcyWbp23lSoY0i7GBv6N_AAAAAAEMAADXcyWbp23lSoY0i7GBv6N_AAOh5gLDAAA=,Move back to Inbox; clear AI Skipped 2
N199,Not restored,2026-09-28 11:31,2026-09-28T16:31:09Z,Michelle Dalton,Checking to see if you cancelled check 18521?,Checking to see if you cancelled check 18521?,,Inbox,Inbox,AAMkAGQyODM5ZWI1LTQ0NDAtNDZiOS1hYTIzLTdjOGM3NDRlNjQ4MgAuAAAAAAAggjN_BHG4TI2Iz-JKRqfaAQDXcyWbp23lSoY0i7GBv6N_AAAAAAEMAAA=,9 - FORT WORTH ARCHIVE,AI Skipped 2,AI Skipped 2,Inbox,yes,AI Needs Review;Entered in AI;AI HOLD;Entered with issues;AI Skipped 2;AI Skipped,not restored,,AAMkAGQyODM5ZWI1LTQ0NDAtNDZiOS1hYTIzLTdjOGM3NDRlNjQ4MgBGAAAAAAAggjN_BHG4TI2Iz-JKRqfaBwDXcyWbp23lSoY0i7GBv6N_AAAAAAEMAADXcyWbp23lSoY0i7GBv6N_AAOizdy0AAA=,Move back to Inbox; clear AI Skipped 2
N200,Not restored,2026-09-28 17:38,2026-09-28T22:38:36Z,Insight Controller Services,Reminder: Invoice 1820 from Insight Controller Services,Reminder: Invoice 1820 from Insight Controller Services,1820,Inbox,Inbox,AAMkAGQyODM5ZWI1LTQ0NDAtNDZiOS1hYTIzLTdjOGM3NDRlNjQ4MgAuAAAAAAAggjN_BHG4TI2Iz-JKRqfaAQDXcyWbp23lSoY0i7GBv6N_AAAAAAEMAAA=,9 - FORT WORTH ARCHIVE,Entered in AI,Entered in AI,Inbox,yes,AI Needs Review;Entered in AI;AI HOLD;Entered with issues;AI Skipped 2;AI Skipped,not restored,,AAMkAGQyODM5ZWI1LTQ0NDAtNDZiOS1hYTIzLTdjOGM3NDRlNjQ4MgBGAAAAAAAggjN_BHG4TI2Iz-JKRqfaBwDXcyWbp23lSoY0i7GBv6N_AAAAAAEMAADXcyWbp23lSoY0i7GBv6N_AAOizdy4AAA=,Move back to Inbox; clear Entered in AI
N201,Not restored,2026-09-29 01:40,2026-09-29T06:40:31Z,"Joseph T. Ryerson & Son, Inc",,,9307115285,Inbox,Inbox,AAMkAGQyODM5ZWI1LTQ0NDAtNDZiOS1hYTIzLTdjOGM3NDRlNjQ4MgAuAAAAAAAggjN_BHG4TI2Iz-JKRqfaAQDXcyWbp23lSoY0i7GBv6N_AAAAAAEMAAA=,9 - FORT WORTH ARCHIVE,Entered with issues,Entered with issues,Inbox,yes,AI Needs Review;Entered in AI;AI HOLD;Entered with issues;AI Skipped 2;AI Skipped,not restored,,AAMkAGQyODM5ZWI1LTQ0NDAtNDZiOS1hYTIzLTdjOGM3NDRlNjQ4MgBGAAAAAAAggjN_BHG4TI2Iz-JKRqfaBwDXcyWbp23lSoY0i7GBv6N_AAAAAAEMAADXcyWbp23lSoY0i7GBv6N_AAOjGrrDAAA=,Move back to Inbox; clear Entered with issues
N202,Not restored,2026-09-29 08:07,2026-09-29T13:07:07Z,ar@technitoolinc.com,Invoice S1395419.002   PO# 59299,Invoice S1395419.002   PO# 59299,,Inbox,Inbox,AAMkAGQyODM5ZWI1LTQ0NDAtNDZiOS1hYTIzLTdjOGM3NDRlNjQ4MgAuAAAAAAAggjN_BHG4TI2Iz-JKRqfaAQDXcyWbp23lSoY0i7GBv6N_AAAAAAEMAAA=,9 - FORT WORTH ARCHIVE,AI Skipped 2,AI Skipped 2,Inbox,yes,AI Needs Review;Entered in AI;AI HOLD;Entered with issues;AI Skipped 2;AI Skipped,not restored,,AAMkAGQyODM5ZWI1LTQ0NDAtNDZiOS1hYTIzLTdjOGM3NDRlNjQ4MgBGAAAAAAAggjN_BHG4TI2Iz-JKRqfaBwDXcyWbp23lSoY0i7GBv6N_AAAAAAEMAADXcyWbp23lSoY0i7GBv6N_AAOjGrrGAAA=,Move back to Inbox; clear AI Skipped 2
N203,Not restored,2026-09-29 08:51,2026-09-29T13:51:08Z,Shoppa's Material Handling,,,PSI-001239218,Inbox,Inbox,AAMkAGQyODM5ZWI1LTQ0NDAtNDZiOS1hYTIzLTdjOGM3NDRlNjQ4MgAuAAAAAAAggjN_BHG4TI2Iz-JKRqfaAQDXcyWbp23lSoY0i7GBv6N_AAAAAAEMAAA=,9 - FORT WORTH ARCHIVE,Entered with issues,Entered with issues,Inbox,yes,AI Needs Review;Entered in AI;AI HOLD;Entered with issues;AI Skipped 2;AI Skipped,not restored,,AAMkAGQyODM5ZWI1LTQ0NDAtNDZiOS1hYTIzLTdjOGM3NDRlNjQ4MgBGAAAAAAAggjN_BHG4TI2Iz-JKRqfaBwDXcyWbp23lSoY0i7GBv6N_AAAAAAEMAADXcyWbp23lSoY0i7GBv6N_AAOjGrrJAAA=,Move back to Inbox; clear Entered with issues
N204,Not restored,2026-09-29 09:00,2026-09-29T14:00:10Z,Shoppa's Material Handling,,,PSI-001240544,Inbox,Inbox,AAMkAGQyODM5ZWI1LTQ0NDAtNDZiOS1hYTIzLTdjOGM3NDRlNjQ4MgAuAAAAAAAggjN_BHG4TI2Iz-JKRqfaAQDXcyWbp23lSoY0i7GBv6N_AAAAAAEMAAA=,9 - FORT WORTH ARCHIVE,Entered with issues,Entered with issues,Inbox,yes,AI Needs Review;Entered in AI;AI HOLD;Entered with issues;AI Skipped 2;AI Skipped,not restored,,AAMkAGQyODM5ZWI1LTQ0NDAtNDZiOS1hYTIzLTdjOGM3NDRlNjQ4MgBGAAAAAAAggjN_BHG4TI2Iz-JKRqfaBwDXcyWbp23lSoY0i7GBv6N_AAAAAAEMAADXcyWbp23lSoY0i7GBv6N_AAOjGrrLAAA=,Move back to Inbox; clear Entered with issues
N205,Not restored,2026-09-29 10:31,2026-09-29T15:31:09Z,Service Experts,,,,Inbox,Inbox,AAMkAGQyODM5ZWI1LTQ0NDAtNDZiOS1hYTIzLTdjOGM3NDRlNjQ4MgAuAAAAAAAggjN_BHG4TI2Iz-JKRqfaAQDXcyWbp23lSoY0i7GBv6N_AAAAAAEMAAA=,9 - FORT WORTH ARCHIVE,AI Skipped 2,AI Skipped 2,Inbox,yes,AI Needs Review;Entered in AI;AI HOLD;Entered with issues;AI Skipped 2;AI Skipped,not restored,,AAMkAGQyODM5ZWI1LTQ0NDAtNDZiOS1hYTIzLTdjOGM3NDRlNjQ4MgBGAAAAAAAggjN_BHG4TI2Iz-JKRqfaBwDXcyWbp23lSoY0i7GBv6N_AAAAAAEMAADXcyWbp23lSoY0i7GBv6N_AAOjGrrOAAA=,Move back to Inbox; clear AI Skipped 2
N206,Not restored,2026-09-29 10:54,2026-09-29T15:54:27Z,Crosslink Powder Coating,,,27943,Inbox,Inbox,AAMkAGQyODM5ZWI1LTQ0NDAtNDZiOS1hYTIzLTdjOGM3NDRlNjQ4MgAuAAAAAAAggjN_BHG4TI2Iz-JKRqfaAQDXcyWbp23lSoY0i7GBv6N_AAAAAAEMAAA=,9 - FORT WORTH ARCHIVE,Entered in AI,Entered in AI,Inbox,yes,AI Needs Review;Entered in AI;AI HOLD;Entered with issues;AI Skipped 2;AI Skipped,not restored,,AAMkAGQyODM5ZWI1LTQ0NDAtNDZiOS1hYTIzLTdjOGM3NDRlNjQ4MgBGAAAAAAAggjN_BHG4TI2Iz-JKRqfaBwDXcyWbp23lSoY0i7GBv6N_AAAAAAEMAADXcyWbp23lSoY0i7GBv6N_AAOjGrrRAAA=,Move back to Inbox; clear Entered in AI
N207,Not restored,2026-09-29 10:54,2026-09-29T15:54:37Z,Crosslink Powder Coating,,,27944,Inbox,Inbox,AAMkAGQyODM5ZWI1LTQ0NDAtNDZiOS1hYTIzLTdjOGM3NDRlNjQ4MgAuAAAAAAAggjN_BHG4TI2Iz-JKRqfaAQDXcyWbp23lSoY0i7GBv6N_AAAAAAEMAAA=,9 - FORT WORTH ARCHIVE,Entered in AI,Entered in AI,Inbox,yes,AI Needs Review;Entered in AI;AI HOLD;Entered with issues;AI Skipped 2;AI Skipped,not restored,,AAMkAGQyODM5ZWI1LTQ0NDAtNDZiOS1hYTIzLTdjOGM3NDRlNjQ4MgBGAAAAAAAggjN_BHG4TI2Iz-JKRqfaBwDXcyWbp23lSoY0i7GBv6N_AAAAAAEMAADXcyWbp23lSoY0i7GBv6N_AAOjGrrSAAA=,Move back to Inbox; clear Entered in AI
N208,Not restored,2026-09-29 10:54,2026-09-29T15:54:49Z,Crosslink Powder Coating,,,27946,Inbox,Inbox,AAMkAGQyODM5ZWI1LTQ0NDAtNDZiOS1hYTIzLTdjOGM3NDRlNjQ4MgAuAAAAAAAggjN_BHG4TI2Iz-JKRqfaAQDXcyWbp23lSoY0i7GBv6N_AAAAAAEMAAA=,9 - FORT WORTH ARCHIVE,Entered in AI,Entered in AI,Inbox,yes,AI Needs Review;Entered in AI;AI HOLD;Entered with issues;AI Skipped 2;AI Skipped,not restored,,AAMkAGQyODM5ZWI1LTQ0NDAtNDZiOS1hYTIzLTdjOGM3NDRlNjQ4MgBGAAAAAAAggjN_BHG4TI2Iz-JKRqfaBwDXcyWbp23lSoY0i7GBv6N_AAAAAAEMAADXcyWbp23lSoY0i7GBv6N_AAOjGrrTAAA=,Move back to Inbox; clear Entered in AI
N209,Not restored,2026-09-29 10:54,2026-09-29T15:54:59Z,Crosslink Powder Coating,,,28008,Inbox,Inbox,AAMkAGQyODM5ZWI1LTQ0NDAtNDZiOS1hYTIzLTdjOGM3NDRlNjQ4MgAuAAAAAAAggjN_BHG4TI2Iz-JKRqfaAQDXcyWbp23lSoY0i7GBv6N_AAAAAAEMAAA=,9 - FORT WORTH ARCHIVE,Entered in AI,Entered in AI,Inbox,yes,AI Needs Review;Entered in AI;AI HOLD;Entered with issues;AI Skipped 2;AI Skipped,not restored,,AAMkAGQyODM5ZWI1LTQ0NDAtNDZiOS1hYTIzLTdjOGM3NDRlNjQ4MgBGAAAAAAAggjN_BHG4TI2Iz-JKRqfaBwDXcyWbp23lSoY0i7GBv6N_AAAAAAEMAADXcyWbp23lSoY0i7GBv6N_AAOjGrrUAAA=,Move back to Inbox; clear Entered in AI
N210,Not restored,2026-09-29 11:26,2026-09-29T16:26:45Z,Telecom Products Inc.,,,18528,Inbox,Inbox,AAMkAGQyODM5ZWI1LTQ0NDAtNDZiOS1hYTIzLTdjOGM3NDRlNjQ4MgAuAAAAAAAggjN_BHG4TI2Iz-JKRqfaAQDXcyWbp23lSoY0i7GBv6N_AAAAAAEMAAA=,9 - FORT WORTH ARCHIVE,Entered with issues,Entered with issues,Inbox,yes,AI Needs Review;Entered in AI;AI HOLD;Entered with issues;AI Skipped 2;AI Skipped,not restored,,AAMkAGQyODM5ZWI1LTQ0NDAtNDZiOS1hYTIzLTdjOGM3NDRlNjQ4MgBGAAAAAAAggjN_BHG4TI2Iz-JKRqfaBwDXcyWbp23lSoY0i7GBv6N_AAAAAAEMAADXcyWbp23lSoY0i7GBv6N_AAOjGrrVAAA=,Move back to Inbox; clear Entered with issues
N211,Not restored,2026-09-29 11:27,2026-09-29T16:27:28Z,Telecom Products Inc.,,,18529,Inbox,Inbox,AAMkAGQyODM5ZWI1LTQ0NDAtNDZiOS1hYTIzLTdjOGM3NDRlNjQ4MgAuAAAAAAAggjN_BHG4TI2Iz-JKRqfaAQDXcyWbp23lSoY0i7GBv6N_AAAAAAEMAAA=,9 - FORT WORTH ARCHIVE,Entered in AI,Entered in AI,Inbox,yes,AI Needs Review;Entered in AI;AI HOLD;Entered with issues;AI Skipped 2;AI Skipped,not restored,,AAMkAGQyODM5ZWI1LTQ0NDAtNDZiOS1hYTIzLTdjOGM3NDRlNjQ4MgBGAAAAAAAggjN_BHG4TI2Iz-JKRqfaBwDXcyWbp23lSoY0i7GBv6N_AAAAAAEMAADXcyWbp23lSoY0i7GBv6N_AAOjGrrWAAA=,Move back to Inbox; clear Entered in AI
N212,Not restored,2026-09-29 11:30,2026-09-29T16:30:00Z,Telecom Products Inc.,,,18530,Inbox,Inbox,AAMkAGQyODM5ZWI1LTQ0NDAtNDZiOS1hYTIzLTdjOGM3NDRlNjQ4MgAuAAAAAAAggjN_BHG4TI2Iz-JKRqfaAQDXcyWbp23lSoY0i7GBv6N_AAAAAAEMAAA=,9 - FORT WORTH ARCHIVE,Entered with issues,Entered with issues,Inbox,yes,AI Needs Review;Entered in AI;AI HOLD;Entered with issues;AI Skipped 2;AI Skipped,not restored,,AAMkAGQyODM5ZWI1LTQ0NDAtNDZiOS1hYTIzLTdjOGM3NDRlNjQ4MgBGAAAAAAAggjN_BHG4TI2Iz-JKRqfaBwDXcyWbp23lSoY0i7GBv6N_AAAAAAEMAADXcyWbp23lSoY0i7GBv6N_AAOjGrrXAAA=,Move back to Inbox; clear Entered with issues
N213,Not restored,2026-09-29 13:34,2026-09-29T18:34:26Z,Amazon Business,Payment Declined for 114-3164018-7196228,Payment Declined for 114-3164018-7196228,,Inbox,Inbox,AAMkAGQyODM5ZWI1LTQ0NDAtNDZiOS1hYTIzLTdjOGM3NDRlNjQ4MgAuAAAAAAAggjN_BHG4TI2Iz-JKRqfaAQDXcyWbp23lSoY0i7GBv6N_AAAAAAEMAAA=,9 - FORT WORTH ARCHIVE,AI Skipped 2,AI Skipped 2,Inbox,yes,AI Needs Review;Entered in AI;AI HOLD;Entered with issues;AI Skipped 2;AI Skipped,not restored,,AAMkAGQyODM5ZWI1LTQ0NDAtNDZiOS1hYTIzLTdjOGM3NDRlNjQ4MgBGAAAAAAAggjN_BHG4TI2Iz-JKRqfaBwDXcyWbp23lSoY0i7GBv6N_AAAAAAEMAADXcyWbp23lSoY0i7GBv6N_AAOjGrrcAAA=,Move back to Inbox; clear AI Skipped 2
N214,Not restored,2026-09-29 14:12,2026-09-29T19:12:15Z,American Quality Powder Coating,,,11044,Inbox,Inbox,AAMkAGQyODM5ZWI1LTQ0NDAtNDZiOS1hYTIzLTdjOGM3NDRlNjQ4MgAuAAAAAAAggjN_BHG4TI2Iz-JKRqfaAQDXcyWbp23lSoY0i7GBv6N_AAAAAAEMAAA=,9 - FORT WORTH ARCHIVE,Entered with issues,Entered with issues,Inbox,yes,AI Needs Review;Entered in AI;AI HOLD;Entered with issues;AI Skipped 2;AI Skipped,not restored,,AAMkAGQyODM5ZWI1LTQ0NDAtNDZiOS1hYTIzLTdjOGM3NDRlNjQ4MgBGAAAAAAAggjN_BHG4TI2Iz-JKRqfaBwDXcyWbp23lSoY0i7GBv6N_AAAAAAEMAADXcyWbp23lSoY0i7GBv6N_AAOjGrrhAAA=,Move back to Inbox; clear Entered with issues
N215,Not restored,2026-09-29 14:38,2026-09-29T19:38:06Z,American Quality Powder Coating,,,11043,Inbox,Inbox,AAMkAGQyODM5ZWI1LTQ0NDAtNDZiOS1hYTIzLTdjOGM3NDRlNjQ4MgAuAAAAAAAggjN_BHG4TI2Iz-JKRqfaAQDXcyWbp23lSoY0i7GBv6N_AAAAAAEMAAA=,9 - FORT WORTH ARCHIVE,Entered with issues,Entered with issues,Inbox,yes,AI Needs Review;Entered in AI;AI HOLD;Entered with issues;AI Skipped 2;AI Skipped,not restored,,AAMkAGQyODM5ZWI1LTQ0NDAtNDZiOS1hYTIzLTdjOGM3NDRlNjQ4MgBGAAAAAAAggjN_BHG4TI2Iz-JKRqfaBwDXcyWbp23lSoY0i7GBv6N_AAAAAAEMAADXcyWbp23lSoY0i7GBv6N_AAOjGrriAAA=,Move back to Inbox; clear Entered with issues
N216,Not restored,2026-09-29 14:38,2026-09-29T19:38:22Z,American Quality Powder Coating,,,11042,Inbox,Inbox,AAMkAGQyODM5ZWI1LTQ0NDAtNDZiOS1hYTIzLTdjOGM3NDRlNjQ4MgAuAAAAAAAggjN_BHG4TI2Iz-JKRqfaAQDXcyWbp23lSoY0i7GBv6N_AAAAAAEMAAA=,9 - FORT WORTH ARCHIVE,Entered with issues,Entered with issues,Inbox,yes,AI Needs Review;Entered in AI;AI HOLD;Entered with issues;AI Skipped 2;AI Skipped,not restored,,AAMkAGQyODM5ZWI1LTQ0NDAtNDZiOS1hYTIzLTdjOGM3NDRlNjQ4MgBGAAAAAAAggjN_BHG4TI2Iz-JKRqfaBwDXcyWbp23lSoY0i7GBv6N_AAAAAAEMAADXcyWbp23lSoY0i7GBv6N_AAOjGrrjAAA=,Move back to Inbox; clear Entered with issues
N217,Not restored,2026-09-29 14:38,2026-09-29T19:38:36Z,American Quality Powder Coating,,,11041,Inbox,Inbox,AAMkAGQyODM5ZWI1LTQ0NDAtNDZiOS1hYTIzLTdjOGM3NDRlNjQ4MgAuAAAAAAAggjN_BHG4TI2Iz-JKRqfaAQDXcyWbp23lSoY0i7GBv6N_AAAAAAEMAAA=,9 - FORT WORTH ARCHIVE,Entered with issues,Entered with issues,Inbox,yes,AI Needs Review;Entered in AI;AI HOLD;Entered with issues;AI Skipped 2;AI Skipped,not restored,,AAMkAGQyODM5ZWI1LTQ0NDAtNDZiOS1hYTIzLTdjOGM3NDRlNjQ4MgBGAAAAAAAggjN_BHG4TI2Iz-JKRqfaBwDXcyWbp23lSoY0i7GBv6N_AAAAAAEMAADXcyWbp23lSoY0i7GBv6N_AAOjGrrkAAA=,Move back to Inbox; clear Entered with issues
N218,Not restored,2026-09-29 15:10,2026-09-29T20:10:49Z,Telecom Products Inc.,,,18564,Inbox,Inbox,AAMkAGQyODM5ZWI1LTQ0NDAtNDZiOS1hYTIzLTdjOGM3NDRlNjQ4MgAuAAAAAAAggjN_BHG4TI2Iz-JKRqfaAQDXcyWbp23lSoY0i7GBv6N_AAAAAAEMAAA=,9 - FORT WORTH ARCHIVE,Entered with issues,Entered with issues,Inbox,yes,AI Needs Review;Entered in AI;AI HOLD;Entered with issues;AI Skipped 2;AI Skipped,not restored,,AAMkAGQyODM5ZWI1LTQ0NDAtNDZiOS1hYTIzLTdjOGM3NDRlNjQ4MgBGAAAAAAAggjN_BHG4TI2Iz-JKRqfaBwDXcyWbp23lSoY0i7GBv6N_AAAAAAEMAADXcyWbp23lSoY0i7GBv6N_AAOjGrrlAAA=,Move back to Inbox; clear Entered with issues
N219,Not restored,2026-09-29 15:30,2026-09-29T20:30:27Z,Amazon Business,Payment Declined for 113-1855792-6588254,Payment Declined for 113-1855792-6588254,,Inbox,Inbox,AAMkAGQyODM5ZWI1LTQ0NDAtNDZiOS1hYTIzLTdjOGM3NDRlNjQ4MgAuAAAAAAAggjN_BHG4TI2Iz-JKRqfaAQDXcyWbp23lSoY0i7GBv6N_AAAAAAEMAAA=,9 - FORT WORTH ARCHIVE,AI Skipped 2,AI Skipped 2,Inbox,yes,AI Needs Review;Entered in AI;AI HOLD;Entered with issues;AI Skipped 2;AI Skipped,not restored,,AAMkAGQyODM5ZWI1LTQ0NDAtNDZiOS1hYTIzLTdjOGM3NDRlNjQ4MgBGAAAAAAAggjN_BHG4TI2Iz-JKRqfaBwDXcyWbp23lSoY0i7GBv6N_AAAAAAEMAADXcyWbp23lSoY0i7GBv6N_AAOjGrrnAAA=,Move back to Inbox; clear AI Skipped 2
N220,Not restored,2026-09-29 16:56,2026-09-29T21:56:20Z,Xcaliber Industrial LLC,,,WB4337861639,Inbox,Inbox,AAMkAGQyODM5ZWI1LTQ0NDAtNDZiOS1hYTIzLTdjOGM3NDRlNjQ4MgAuAAAAAAAggjN_BHG4TI2Iz-JKRqfaAQDXcyWbp23lSoY0i7GBv6N_AAAAAAEMAAA=,9 - FORT WORTH ARCHIVE,Entered with issues,Entered with issues,Inbox,yes,AI Needs Review;Entered in AI;AI HOLD;Entered with issues;AI Skipped 2;AI Skipped,not restored,,AAMkAGQyODM5ZWI1LTQ0NDAtNDZiOS1hYTIzLTdjOGM3NDRlNjQ4MgBGAAAAAAAggjN_BHG4TI2Iz-JKRqfaBwDXcyWbp23lSoY0i7GBv6N_AAAAAAEMAADXcyWbp23lSoY0i7GBv6N_AAOjGrroAAA=,Move back to Inbox; clear Entered with issues
N221,Not restored,2026-09-29 18:20,2026-09-29T23:20:26Z,Willbanks Metals,,,216055,Inbox,Inbox,AAMkAGQyODM5ZWI1LTQ0NDAtNDZiOS1hYTIzLTdjOGM3NDRlNjQ4MgAuAAAAAAAggjN_BHG4TI2Iz-JKRqfaAQDXcyWbp23lSoY0i7GBv6N_AAAAAAEMAAA=,9 - FORT WORTH ARCHIVE,Entered with issues,Entered with issues,Inbox,yes,AI Needs Review;Entered in AI;AI HOLD;Entered with issues;AI Skipped 2;AI Skipped,not restored,,AAMkAGQyODM5ZWI1LTQ0NDAtNDZiOS1hYTIzLTdjOGM3NDRlNjQ4MgBGAAAAAAAggjN_BHG4TI2Iz-JKRqfaBwDXcyWbp23lSoY0i7GBv6N_AAAAAAEMAADXcyWbp23lSoY0i7GBv6N_AAOjGrrqAAA=,Move back to Inbox; clear Entered with issues
N222,Not restored,2026-09-29 19:03,2026-09-30T00:03:35Z,Accounting,TPI Customer Statement - KANNON - 8/31/2026 12:00:00 AM,TPI Customer Statement - KANNON - 8/31/2026 12:00:00 AM,,Inbox,Inbox,AAMkAGQyODM5ZWI1LTQ0NDAtNDZiOS1hYTIzLTdjOGM3NDRlNjQ4MgAuAAAAAAAggjN_BHG4TI2Iz-JKRqfaAQDXcyWbp23lSoY0i7GBv6N_AAAAAAEMAAA=,9 - FORT WORTH ARCHIVE,AI Skipped 2,AI Skipped 2,Inbox,yes,AI Needs Review;Entered in AI;AI HOLD;Entered with issues;AI Skipped 2;AI Skipped,not restored,,AAMkAGQyODM5ZWI1LTQ0NDAtNDZiOS1hYTIzLTdjOGM3NDRlNjQ4MgBGAAAAAAAggjN_BHG4TI2Iz-JKRqfaBwDXcyWbp23lSoY0i7GBv6N_AAAAAAEMAADXcyWbp23lSoY0i7GBv6N_AAOjGrrrAAA=,Move back to Inbox; clear AI Skipped 2
N223,Not restored,2026-09-29 22:11,2026-09-30T03:11:51Z,Earle M. Jorgensen Co,,,T609053432,Inbox,Inbox,AAMkAGQyODM5ZWI1LTQ0NDAtNDZiOS1hYTIzLTdjOGM3NDRlNjQ4MgAuAAAAAAAggjN_BHG4TI2Iz-JKRqfaAQDXcyWbp23lSoY0i7GBv6N_AAAAAAEMAAA=,9 - FORT WORTH ARCHIVE,Entered with issues,Entered with issues,Inbox,yes,AI Needs Review;Entered in AI;AI HOLD;Entered with issues;AI Skipped 2;AI Skipped,not restored,,AAMkAGQyODM5ZWI1LTQ0NDAtNDZiOS1hYTIzLTdjOGM3NDRlNjQ4MgBGAAAAAAAggjN_BHG4TI2Iz-JKRqfaBwDXcyWbp23lSoY0i7GBv6N_AAAAAAEMAADXcyWbp23lSoY0i7GBv6N_AAOjGrrsAAA=,Move back to Inbox; clear Entered with issues
N224,Not restored,2026-09-29 23:43,2026-09-30T04:43:35Z,"Gas and Supply North Texas, LLC",,,0040459813,Inbox,Inbox,AAMkAGQyODM5ZWI1LTQ0NDAtNDZiOS1hYTIzLTdjOGM3NDRlNjQ4MgAuAAAAAAAggjN_BHG4TI2Iz-JKRqfaAQDXcyWbp23lSoY0i7GBv6N_AAAAAAEMAAA=,9 - FORT WORTH ARCHIVE,Entered with issues,Entered with issues,Inbox,yes,AI Needs Review;Entered in AI;AI HOLD;Entered with issues;AI Skipped 2;AI Skipped,not restored,,AAMkAGQyODM5ZWI1LTQ0NDAtNDZiOS1hYTIzLTdjOGM3NDRlNjQ4MgBGAAAAAAAggjN_BHG4TI2Iz-JKRqfaBwDXcyWbp23lSoY0i7GBv6N_AAAAAAEMAADXcyWbp23lSoY0i7GBv6N_AAOjGrrtAAA=,Move back to Inbox; clear Entered with issues
N225,Not restored,2026-09-30 05:28,2026-09-30T10:28:43Z,Ally Auto,We've received your vehicle payment.,We've received your vehicle payment.,,Inbox,Inbox,AAMkAGQyODM5ZWI1LTQ0NDAtNDZiOS1hYTIzLTdjOGM3NDRlNjQ4MgAuAAAAAAAggjN_BHG4TI2Iz-JKRqfaAQDXcyWbp23lSoY0i7GBv6N_AAAAAAEMAAA=,9 - FORT WORTH ARCHIVE,AI Skipped 2,AI Skipped 2,Inbox,yes,AI Needs Review;Entered in AI;AI HOLD;Entered with issues;AI Skipped 2;AI Skipped,not restored,,AAMkAGQyODM5ZWI1LTQ0NDAtNDZiOS1hYTIzLTdjOGM3NDRlNjQ4MgBGAAAAAAAggjN_BHG4TI2Iz-JKRqfaBwDXcyWbp23lSoY0i7GBv6N_AAAAAAEMAADXcyWbp23lSoY0i7GBv6N_AAOkEBjsAAA=,Move back to Inbox; clear AI Skipped 2
N226,Not restored,2026-09-30 07:57,2026-09-30T12:57:06Z,ar@technitoolinc.com,Invoice S1395419.001   PO# 59299,Invoice S1395419.001   PO# 59299,,Inbox,Inbox,AAMkAGQyODM5ZWI1LTQ0NDAtNDZiOS1hYTIzLTdjOGM3NDRlNjQ4MgAuAAAAAAAggjN_BHG4TI2Iz-JKRqfaAQDXcyWbp23lSoY0i7GBv6N_AAAAAAEMAAA=,9 - FORT WORTH ARCHIVE,AI Skipped 2,AI Skipped 2,Inbox,yes,AI Needs Review;Entered in AI;AI HOLD;Entered with issues;AI Skipped 2;AI Skipped,not restored,,AAMkAGQyODM5ZWI1LTQ0NDAtNDZiOS1hYTIzLTdjOGM3NDRlNjQ4MgBGAAAAAAAggjN_BHG4TI2Iz-JKRqfaBwDXcyWbp23lSoY0i7GBv6N_AAAAAAEMAADXcyWbp23lSoY0i7GBv6N_AAOkEBjtAAA=,Move back to Inbox; clear AI Skipped 2
N227,Not restored,2026-09-30 08:51,2026-09-30T13:51:35Z,Amazon Business,Payment Declined for 113-1855792-6588254,Payment Declined for 113-1855792-6588254,,Inbox,Inbox,AAMkAGQyODM5ZWI1LTQ0NDAtNDZiOS1hYTIzLTdjOGM3NDRlNjQ4MgAuAAAAAAAggjN_BHG4TI2Iz-JKRqfaAQDXcyWbp23lSoY0i7GBv6N_AAAAAAEMAAA=,9 - FORT WORTH ARCHIVE,AI Skipped 2,AI Skipped 2,Inbox,yes,AI Needs Review;Entered in AI;AI HOLD;Entered with issues;AI Skipped 2;AI Skipped,not restored,,AAMkAGQyODM5ZWI1LTQ0NDAtNDZiOS1hYTIzLTdjOGM3NDRlNjQ4MgBGAAAAAAAggjN_BHG4TI2Iz-JKRqfaBwDXcyWbp23lSoY0i7GBv6N_AAAAAAEMAADXcyWbp23lSoY0i7GBv6N_AAOkEBjwAAA=,Move back to Inbox; clear AI Skipped 2
N228,Not restored,2026-09-30 08:54,2026-09-30T13:54:21Z,Amazon Business,Payment Declined for 114-3164018-7196228,Payment Declined for 114-3164018-7196228,,Inbox,Inbox,AAMkAGQyODM5ZWI1LTQ0NDAtNDZiOS1hYTIzLTdjOGM3NDRlNjQ4MgAuAAAAAAAggjN_BHG4TI2Iz-JKRqfaAQDXcyWbp23lSoY0i7GBv6N_AAAAAAEMAAA=,9 - FORT WORTH ARCHIVE,AI Skipped 2,AI Skipped 2,Inbox,yes,AI Needs Review;Entered in AI;AI HOLD;Entered with issues;AI Skipped 2;AI Skipped,not restored,,AAMkAGQyODM5ZWI1LTQ0NDAtNDZiOS1hYTIzLTdjOGM3NDRlNjQ4MgBGAAAAAAAggjN_BHG4TI2Iz-JKRqfaBwDXcyWbp23lSoY0i7GBv6N_AAAAAAEMAADXcyWbp23lSoY0i7GBv6N_AAOkEBjxAAA=,Move back to Inbox; clear AI Skipped 2
N229,Not restored,2026-09-30 12:40,2026-09-30T17:40:23Z,Tejas Transportation,,,523863,Inbox,Inbox,AAMkAGQyODM5ZWI1LTQ0NDAtNDZiOS1hYTIzLTdjOGM3NDRlNjQ4MgAuAAAAAAAggjN_BHG4TI2Iz-JKRqfaAQDXcyWbp23lSoY0i7GBv6N_AAAAAAEMAAA=,9 - FORT WORTH ARCHIVE,Entered in AI,Entered in AI,Inbox,yes,AI Needs Review;Entered in AI;AI HOLD;Entered with issues;AI Skipped 2;AI Skipped,not restored,,AAMkAGQyODM5ZWI1LTQ0NDAtNDZiOS1hYTIzLTdjOGM3NDRlNjQ4MgBGAAAAAAAggjN_BHG4TI2Iz-JKRqfaBwDXcyWbp23lSoY0i7GBv6N_AAAAAAEMAADXcyWbp23lSoY0i7GBv6N_AAOkEBj5AAA=,Move back to Inbox; clear Entered in AI
N230,Not restored,2026-09-30 12:43,2026-09-30T17:43:58Z,Misty McCoy,FW: 1000913 KANNON MFG INC.,FW: 1000913 KANNON MFG INC.,,Inbox,Inbox,AAMkAGQyODM5ZWI1LTQ0NDAtNDZiOS1hYTIzLTdjOGM3NDRlNjQ4MgAuAAAAAAAggjN_BHG4TI2Iz-JKRqfaAQDXcyWbp23lSoY0i7GBv6N_AAAAAAEMAAA=,9 - FORT WORTH ARCHIVE,AI Skipped 2,AI Skipped 2,Inbox,yes,AI Needs Review;Entered in AI;AI HOLD;Entered with issues;AI Skipped 2;AI Skipped,not restored,,AAMkAGQyODM5ZWI1LTQ0NDAtNDZiOS1hYTIzLTdjOGM3NDRlNjQ4MgBGAAAAAAAggjN_BHG4TI2Iz-JKRqfaBwDXcyWbp23lSoY0i7GBv6N_AAAAAAEMAADXcyWbp23lSoY0i7GBv6N_AAOkEBj6AAA=,Move back to Inbox; clear AI Skipped 2
N231,Not restored,2026-09-30 14:13,2026-09-30T19:13:11Z,American Quality Powder Coating,,,11052,Inbox,Inbox,AAMkAGQyODM5ZWI1LTQ0NDAtNDZiOS1hYTIzLTdjOGM3NDRlNjQ4MgAuAAAAAAAggjN_BHG4TI2Iz-JKRqfaAQDXcyWbp23lSoY0i7GBv6N_AAAAAAEMAAA=,9 - FORT WORTH ARCHIVE,Entered with issues,Entered with issues,Inbox,yes,AI Needs Review;Entered in AI;AI HOLD;Entered with issues;AI Skipped 2;AI Skipped,not restored,,AAMkAGQyODM5ZWI1LTQ0NDAtNDZiOS1hYTIzLTdjOGM3NDRlNjQ4MgBGAAAAAAAggjN_BHG4TI2Iz-JKRqfaBwDXcyWbp23lSoY0i7GBv6N_AAAAAAEMAADXcyWbp23lSoY0i7GBv6N_AAOkEBj9AAA=,Move back to Inbox; clear Entered with issues
N232,Not restored,2026-09-30 14:13,2026-09-30T19:13:31Z,American Quality Powder Coating,,,11051,Inbox,Inbox,AAMkAGQyODM5ZWI1LTQ0NDAtNDZiOS1hYTIzLTdjOGM3NDRlNjQ4MgAuAAAAAAAggjN_BHG4TI2Iz-JKRqfaAQDXcyWbp23lSoY0i7GBv6N_AAAAAAEMAAA=,9 - FORT WORTH ARCHIVE,Entered with issues,Entered with issues,Inbox,yes,AI Needs Review;Entered in AI;AI HOLD;Entered with issues;AI Skipped 2;AI Skipped,not restored,,AAMkAGQyODM5ZWI1LTQ0NDAtNDZiOS1hYTIzLTdjOGM3NDRlNjQ4MgBGAAAAAAAggjN_BHG4TI2Iz-JKRqfaBwDXcyWbp23lSoY0i7GBv6N_AAAAAAEMAADXcyWbp23lSoY0i7GBv6N_AAOkEBj_AAA=,Move back to Inbox; clear Entered with issues
N233,Not restored,2026-09-30 14:13,2026-09-30T19:13:49Z,American Quality Powder Coating,,,11050,Inbox,Inbox,AAMkAGQyODM5ZWI1LTQ0NDAtNDZiOS1hYTIzLTdjOGM3NDRlNjQ4MgAuAAAAAAAggjN_BHG4TI2Iz-JKRqfaAQDXcyWbp23lSoY0i7GBv6N_AAAAAAEMAAA=,9 - FORT WORTH ARCHIVE,Entered with issues,Entered with issues,Inbox,yes,AI Needs Review;Entered in AI;AI HOLD;Entered with issues;AI Skipped 2;AI Skipped,not restored,,AAMkAGQyODM5ZWI1LTQ0NDAtNDZiOS1hYTIzLTdjOGM3NDRlNjQ4MgBGAAAAAAAggjN_BHG4TI2Iz-JKRqfaBwDXcyWbp23lSoY0i7GBv6N_AAAAAAEMAADXcyWbp23lSoY0i7GBv6N_AAOkEBj-AAA=,Move back to Inbox; clear Entered with issues
N234,Not restored,2026-09-30 14:14,2026-09-30T19:14:12Z,American Quality Powder Coating,,,11049,Inbox,Inbox,AAMkAGQyODM5ZWI1LTQ0NDAtNDZiOS1hYTIzLTdjOGM3NDRlNjQ4MgAuAAAAAAAggjN_BHG4TI2Iz-JKRqfaAQDXcyWbp23lSoY0i7GBv6N_AAAAAAEMAAA=,9 - FORT WORTH ARCHIVE,Entered with issues,Entered with issues,Inbox,yes,AI Needs Review;Entered in AI;AI HOLD;Entered with issues;AI Skipped 2;AI Skipped,not restored,,AAMkAGQyODM5ZWI1LTQ0NDAtNDZiOS1hYTIzLTdjOGM3NDRlNjQ4MgBGAAAAAAAggjN_BHG4TI2Iz-JKRqfaBwDXcyWbp23lSoY0i7GBv6N_AAAAAAEMAADXcyWbp23lSoY0i7GBv6N_AAOkEBkAAAA=,Move back to Inbox; clear Entered with issues
N235,Not restored,2026-09-30 14:14,2026-09-30T19:14:32Z,American Quality Powder Coating,,,11047,Inbox,Inbox,AAMkAGQyODM5ZWI1LTQ0NDAtNDZiOS1hYTIzLTdjOGM3NDRlNjQ4MgAuAAAAAAAggjN_BHG4TI2Iz-JKRqfaAQDXcyWbp23lSoY0i7GBv6N_AAAAAAEMAAA=,9 - FORT WORTH ARCHIVE,Entered with issues,Entered with issues,Inbox,yes,AI Needs Review;Entered in AI;AI HOLD;Entered with issues;AI Skipped 2;AI Skipped,not restored,,AAMkAGQyODM5ZWI1LTQ0NDAtNDZiOS1hYTIzLTdjOGM3NDRlNjQ4MgBGAAAAAAAggjN_BHG4TI2Iz-JKRqfaBwDXcyWbp23lSoY0i7GBv6N_AAAAAAEMAADXcyWbp23lSoY0i7GBv6N_AAOkEBkBAAA=,Move back to Inbox; clear Entered with issues
N236,Not restored,2026-09-30 14:24,2026-09-30T19:24:02Z,Cynthia Lopez,RE: IPFS Finance Note for Products/Completed Operations-Kannon Manufacturing TXH-F22041- set up Auto Pay correspondence,RE: IPFS Finance Note for Products/Completed Operations-Kannon Manufacturing TXH-F22041- set up Auto Pay correspondence,,Inbox,Inbox,AAMkAGQyODM5ZWI1LTQ0NDAtNDZiOS1hYTIzLTdjOGM3NDRlNjQ4MgAuAAAAAAAggjN_BHG4TI2Iz-JKRqfaAQDXcyWbp23lSoY0i7GBv6N_AAAAAAEMAAA=,AutoPay Archive,AI Skipped,AI Skipped,Inbox,yes,AI Needs Review;Entered in AI;AI HOLD;Entered with issues;AI Skipped 2;AI Skipped,not restored,,AAMkAGQyODM5ZWI1LTQ0NDAtNDZiOS1hYTIzLTdjOGM3NDRlNjQ4MgBGAAAAAAAggjN_BHG4TI2Iz-JKRqfaBwDXcyWbp23lSoY0i7GBv6N_AAAAAAEMAADXcyWbp23lSoY0i7GBv6N_AAOkEBkCAAA=,Move back to Inbox; clear AI Skipped
N237,Not restored,2026-09-30 15:04,2026-09-30T20:04:54Z,Treyce Wegmann,RE: Auto-Email of A/R Statement,RE: Auto-Email of A/R Statement,,Inbox,Inbox,AAMkAGQyODM5ZWI1LTQ0NDAtNDZiOS1hYTIzLTdjOGM3NDRlNjQ4MgAuAAAAAAAggjN_BHG4TI2Iz-JKRqfaAQDXcyWbp23lSoY0i7GBv6N_AAAAAAEMAAA=,9 - FORT WORTH ARCHIVE,AI Skipped 2,AI Skipped 2,Inbox,yes,AI Needs Review;Entered in AI;AI HOLD;Entered with issues;AI Skipped 2;AI Skipped,not restored,,AAMkAGQyODM5ZWI1LTQ0NDAtNDZiOS1hYTIzLTdjOGM3NDRlNjQ4MgBGAAAAAAAggjN_BHG4TI2Iz-JKRqfaBwDXcyWbp23lSoY0i7GBv6N_AAAAAAEMAADXcyWbp23lSoY0i7GBv6N_AAOkEBkEAAA=,Move back to Inbox; clear AI Skipped 2
N238,Not restored,2026-09-30 18:21,2026-09-30T23:21:09Z,Willbanks Metals,,,216127,Inbox,Inbox,AAMkAGQyODM5ZWI1LTQ0NDAtNDZiOS1hYTIzLTdjOGM3NDRlNjQ4MgAuAAAAAAAggjN_BHG4TI2Iz-JKRqfaAQDXcyWbp23lSoY0i7GBv6N_AAAAAAEMAAA=,9 - FORT WORTH ARCHIVE,Entered with issues,Entered with issues,Inbox,yes,AI Needs Review;Entered in AI;AI HOLD;Entered with issues;AI Skipped 2;AI Skipped,not restored,,AAMkAGQyODM5ZWI1LTQ0NDAtNDZiOS1hYTIzLTdjOGM3NDRlNjQ4MgBGAAAAAAAggjN_BHG4TI2Iz-JKRqfaBwDXcyWbp23lSoY0i7GBv6N_AAAAAAEMAADXcyWbp23lSoY0i7GBv6N_AAOkEBkHAAA=,Move back to Inbox; clear Entered with issues
N239,Not restored,2026-09-30 18:21,2026-09-30T23:21:10Z,Willbanks Metals,Credit Note-216068,Credit Note-216068,213082,Inbox,Inbox,AAMkAGQyODM5ZWI1LTQ0NDAtNDZiOS1hYTIzLTdjOGM3NDRlNjQ4MgAuAAAAAAAggjN_BHG4TI2Iz-JKRqfaAQDXcyWbp23lSoY0i7GBv6N_AAAAAAEMAAA=,9 - FORT WORTH ARCHIVE,Entered in AI,Entered in AI,Inbox,yes,AI Needs Review;Entered in AI;AI HOLD;Entered with issues;AI Skipped 2;AI Skipped,not restored,,AAMkAGQyODM5ZWI1LTQ0NDAtNDZiOS1hYTIzLTdjOGM3NDRlNjQ4MgBGAAAAAAAggjN_BHG4TI2Iz-JKRqfaBwDXcyWbp23lSoY0i7GBv6N_AAAAAAEMAADXcyWbp23lSoY0i7GBv6N_AAOkEBkIAAA=,Move back to Inbox; clear Entered in AI
N240,Not restored,2026-09-30 18:55,2026-09-30T23:55:47Z,Kyle Cleaver,Re: IPFS Finance Note for Products/Completed Operations-Kannon Manufacturing TXH-F22041- set up Auto Pay correspondence,Re: IPFS Finance Note for Products/Completed Operations-Kannon Manufacturing TXH-F22041- set up Auto Pay correspondence,,Inbox,Inbox,AAMkAGQyODM5ZWI1LTQ0NDAtNDZiOS1hYTIzLTdjOGM3NDRlNjQ4MgAuAAAAAAAggjN_BHG4TI2Iz-JKRqfaAQDXcyWbp23lSoY0i7GBv6N_AAAAAAEMAAA=,AutoPay Archive,AI Skipped,AI Skipped,Inbox,yes,AI Needs Review;Entered in AI;AI HOLD;Entered with issues;AI Skipped 2;AI Skipped,not restored,,AAMkAGQyODM5ZWI1LTQ0NDAtNDZiOS1hYTIzLTdjOGM3NDRlNjQ4MgBGAAAAAAAggjN_BHG4TI2Iz-JKRqfaBwDXcyWbp23lSoY0i7GBv6N_AAAAAAEMAADXcyWbp23lSoY0i7GBv6N_AAOkEBkJAAA=,Move back to Inbox; clear AI Skipped
N241,Not restored,2026-09-30 19:37,2026-10-01T00:37:25Z,Priority 1,,,18440283,Inbox,Inbox,AAMkAGQyODM5ZWI1LTQ0NDAtNDZiOS1hYTIzLTdjOGM3NDRlNjQ4MgAuAAAAAAAggjN_BHG4TI2Iz-JKRqfaAQDXcyWbp23lSoY0i7GBv6N_AAAAAAEMAAA=,9 - FORT WORTH ARCHIVE,Entered in AI,Entered in AI,Inbox,yes,AI Needs Review;Entered in AI;AI HOLD;Entered with issues;AI Skipped 2;AI Skipped,not restored,,AAMkAGQyODM5ZWI1LTQ0NDAtNDZiOS1hYTIzLTdjOGM3NDRlNjQ4MgBGAAAAAAAggjN_BHG4TI2Iz-JKRqfaBwDXcyWbp23lSoY0i7GBv6N_AAAAAAEMAADXcyWbp23lSoY0i7GBv6N_AAOkEBkKAAA=,Move back to Inbox; clear Entered in AI
N242,Not restored,2026-09-30 21:07,2026-10-01T02:07:51Z,Eastern Metal Supply of Texas,,,818600,Inbox,Inbox,AAMkAGQyODM5ZWI1LTQ0NDAtNDZiOS1hYTIzLTdjOGM3NDRlNjQ4MgAuAAAAAAAggjN_BHG4TI2Iz-JKRqfaAQDXcyWbp23lSoY0i7GBv6N_AAAAAAEMAAA=,9 - FORT WORTH ARCHIVE,AI Skipped 2,AI Skipped 2,Inbox,yes,AI Needs Review;Entered in AI;AI HOLD;Entered with issues;AI Skipped 2;AI Skipped,not restored,,AAMkAGQyODM5ZWI1LTQ0NDAtNDZiOS1hYTIzLTdjOGM3NDRlNjQ4MgBGAAAAAAAggjN_BHG4TI2Iz-JKRqfaBwDXcyWbp23lSoY0i7GBv6N_AAAAAAEMAADXcyWbp23lSoY0i7GBv6N_AAOkEBkLAAA=,Move back to Inbox; clear AI Skipped 2
N243,Not restored,2026-09-30 22:12,2026-10-01T03:12:01Z,Earle M. Jorgensen Co,,,S816901432,Inbox,Inbox,AAMkAGQyODM5ZWI1LTQ0NDAtNDZiOS1hYTIzLTdjOGM3NDRlNjQ4MgAuAAAAAAAggjN_BHG4TI2Iz-JKRqfaAQDXcyWbp23lSoY0i7GBv6N_AAAAAAEMAAA=,9 - FORT WORTH ARCHIVE,Entered with issues,Entered with issues,Inbox,yes,AI Needs Review;Entered in AI;AI HOLD;Entered with issues;AI Skipped 2;AI Skipped,not restored,,AAMkAGQyODM5ZWI1LTQ0NDAtNDZiOS1hYTIzLTdjOGM3NDRlNjQ4MgBGAAAAAAAggjN_BHG4TI2Iz-JKRqfaBwDXcyWbp23lSoY0i7GBv6N_AAAAAAEMAADXcyWbp23lSoY0i7GBv6N_AAOkEBkMAAA=,Move back to Inbox; clear Entered with issues
